catchment_id,date,burned_area,rainfall,temperature,aod,chla,lake_surface_water_temperature,tsm,land_cover
453,2021-01,0.0,0.0006219961322592,-9.57695385081496,,,,,40.0
454,2021-01,0.0,0.0009743287021964,-18.09830576578774,,,,,80.0
455,2021-01,0.0,0.0015508003853452,-17.838321653120314,,,,,80.0
456,2021-01,0.0,0.0012099706610757,-16.792113240275352,,,,,80.0
457,2021-01,0.0,0.0010876609083754,-12.087555533418026,0.2472166666666667,,,,10.0
458,2021-01,0.0,0.0012546607081643,-14.640295805423005,,,,,80.0
459,2021-01,0.0,0.0,,,,,,10.0
460,2021-01,0.0,0.0008187905577597,-13.30697872379823,,,,,80.0
461,2021-01,0.0,0.0007360283556097,-12.06851601549372,0.157875,,,,80.0
462,2021-01,0.0,0.0007505736720495,-10.655625066413243,0.1071780898876404,,,,10.0
463,2021-01,0.0,0.0006527838519772,-9.45562578672235,,,,,80.0
464,2021-01,0.0,0.0008163737510182,-10.980906346983,,,,,10.0
465,2021-01,0.0,0.0007919118100845,-8.814999336265585,,,,,10.0
466,2021-01,0.0,0.0007930713214728,-8.332559172778511,,,,,10.0
467,2021-01,0.0,0.0005790799734768,-23.08818533923428,,,,,80.0
468,2021-01,0.0,0.0009110834328112,-20.783914988527997,,,,,80.0
469,2021-01,0.0,0.0017866577098838,-16.02618254376945,,,,,10.0
470,2021-01,0.0,0.0008258477264137,-12.727730486469865,0.319,,,,10.0
471,2021-01,0.0,0.0018025173373795,-15.783410591663268,,,,,10.0
472,2021-01,0.0,0.000758545403764,-12.250285543964123,0.1846666666666666,,,,10.0
473,2021-01,0.0,0.0012627985207018,-17.820821169817076,,,,,80.0
474,2021-01,0.0,0.0013926440021962,-16.864451205345866,,,,,10.0
475,2021-01,0.0,0.0008001034869245,-12.354655331250836,,,,,10.0
476,2021-01,0.0,0.0016768356494429,-15.066471785231164,,,,,10.0
477,2021-01,0.0,0.0007891312652321,-11.28354549613048,0.16,,,,10.0
478,2021-01,0.0,0.0007639640513371,-11.070773289600352,0.0872500600137174,,-2.149993896484375,,10.0
479,2021-01,0.0,0.0007622404749244,-11.802519160445003,,,,,10.0
480,2021-01,0.0,0.0009178199039139,-11.536997592064616,0.2177857142857142,,,,10.0
481,2021-01,0.0,0.0011785843025499,-14.596840572015338,,,,,10.0
482,2021-01,0.0,0.0007992514598148,-10.354869852555945,0.0694486979166666,,,,10.0
483,2021-01,0.0,0.0008846940972186,-11.003128986973891,0.2788,,,,10.0
484,2021-01,0.0,0.0013022398454722,-15.00920043804676,,,,,10.0
485,2021-01,0.0,0.0010287025555888,-11.601166448871457,0.1894444444444444,,,,10.0
486,2021-01,0.0,0.0010970664813562,-13.560486136998149,,,,,10.0
487,2021-01,0.0,0.0012119630230245,-14.840848155688183,,,,,10.0
488,2021-01,0.0,0.0011936914054331,-12.157882884278878,0.1262690806878307,,,,10.0
489,2021-01,0.0,0.0011037302296979,-14.373428219778642,,,,,10.0
490,2021-01,0.0,0.0007859222196923,-10.18367502333914,0.0679330151888341,,,,10.0
491,2021-01,0.0,0.0010118985607453,-12.563548964739566,0.1084812054880603,,,,10.0
492,2021-01,0.0,0.0010041958220578,-14.35254716223711,,,,,10.0
493,2021-01,0.0,0.0011366992051452,-10.891561466844914,0.188,,,,10.0
494,2021-01,0.0,0.0010065198803563,-10.9166612601046,0.2134444444444444,,,,80.0
495,2021-01,0.0,0.0009722070647057,-14.217401270712555,,,,,10.0
496,2021-01,0.0,0.0011050766833401,-13.894513018506451,,,,,10.0
497,2021-01,0.0,0.000840107871584,-10.114468225185137,0.12504125,,,,10.0
498,2021-01,0.0,0.0011074889329847,-13.698472551462032,,,,,80.0
499,2021-01,0.0,0.0008562067136088,-13.89643149427186,,,,,80.0
500,2021-01,0.0,0.0011957456960721,-11.141310790836608,0.1594295555555556,,,,10.0
501,2021-01,0.0,0.0010414944219367,-13.433167901509876,0.1745,,,,80.0
502,2021-01,0.0,0.0010548665998157,-13.538997313796813,,,,,10.0
503,2021-01,0.0,0.0009637785954055,-12.975133757779222,,,,,10.0
504,2021-01,0.0,0.0008480850485739,-13.90457755468222,,,,,10.0
505,2021-01,0.0,0.0008387999694655,-13.980972277277804,,,,,10.0
506,2021-01,0.0,0.0011820871261534,-13.882030774188284,,,,,10.0
507,2021-01,0.0,0.0012369061275463,-13.7609201827258,,,,,10.0
508,2021-01,0.0,0.0009685468635072,-13.378535075463551,,,,,10.0
509,2021-01,0.0,0.0008187692490992,-13.627866032644809,,,,,10.0
510,2021-01,0.0,0.0009459894029077,-13.14475680115401,,,,,80.0
511,2021-01,0.0,0.0010318703828033,-13.86792102116409,,,,,10.0
512,2021-01,0.0,0.0012364080675221,-10.698566707488007,0.15925,,,,10.0
513,2021-01,0.0,0.0010920887370408,-13.438209005482172,,,,,10.0
514,2021-01,0.0,0.0010286545259532,-12.947296913721203,,,,,10.0
515,2021-01,0.0,0.0007670427033746,-13.682066468269571,,,,,10.0
516,2021-01,0.0,0.0010206692331524,-12.817453947521372,0.197,,,,10.0
517,2021-01,0.0,0.00077081756073,-13.407768008871292,,,,,10.0
518,2021-01,0.0,0.0009966241695262,-13.45865160917172,,,,,10.0
519,2021-01,0.0,0.0011028591422018,-11.30941705191005,0.2403076923076923,,,,10.0
520,2021-01,0.0,0.0007753071198989,-13.567662041431491,,,,,80.0
521,2021-01,0.0,0.0008954850692099,-11.75705755090199,,,,,40.0
522,2021-01,0.0,0.000470943695417,-7.719644968996744,,,,,30.0
523,2021-01,0.0,0.0010616264995743,-13.17483284621319,,,,,10.0
524,2021-01,0.0,0.0010665610024646,-12.844221201250608,,,,,10.0
525,2021-01,0.0,0.0009964599851173,-10.906013111401606,0.1132538592360021,,,,10.0
526,2021-01,0.0,0.0008301788198726,-12.666535194971209,,,,,80.0
527,2021-01,0.0,0.0006932865706858,-10.140093190182895,,,,,10.0
528,2021-01,0.0,0.0006888423566719,-10.041800829159293,,,,,10.0
529,2021-01,0.0,0.0006785220744274,-13.227142711352249,,,,,80.0
530,2021-01,0.0,0.0008264623460945,-10.954883357586946,,,,,40.0
531,2021-01,0.0,0.000791634896839,-10.425293653538867,,,,,40.0
532,2021-01,0.0,0.0008159864572462,-10.67715589552938,,,,,80.0
533,2021-01,0.0,0.000929623512758,-10.66764016439615,,,,,10.0
534,2021-01,0.0,0.0006791301277006,-10.04071830519026,,,,,40.0
535,2021-01,0.0,0.0003119327478498,-5.494481080549646,0.1991857142857143,7.283778563141823,-1.2888827853732638,1.620851224245027,30.0
536,2021-01,0.0,0.000705692990935,-11.678729697010244,,,,,10.0
537,2021-01,0.0,0.0007228661884462,-12.058744483865686,,,,,80.0
538,2021-01,0.0,0.0007738027600225,-9.94004838731552,,,,,30.0
539,2021-01,0.0,0.0005622546998438,-11.616558230820502,,,,,10.0
540,2021-01,0.0,0.0,,,,,,30.0
541,2021-01,0.0,0.0006782711430266,-9.726288933454658,,,,,40.0
542,2021-01,0.0,0.0006591554609713,-11.122621384487331,,,,,10.0
543,2021-01,0.0,0.0008823335049328,-10.048575458048038,,,,,10.0
544,2021-01,0.0,0.0007769540515097,-10.488468572144846,,,,,10.0
545,2021-01,0.0,0.0007644064913468,-8.91699669392203,,,,,10.0
546,2021-01,0.0,0.000671593758243,-10.555672927911116,,,,,10.0
547,2021-01,0.0,0.000453707583263,-6.426423765339706,,,,,80.0
548,2021-01,0.0,0.0007695410279211,-20.20528661256193,,,,,80.0
549,2021-01,0.0,0.0008116877205945,-21.035730948499435,,,,,80.0
550,2021-01,0.0,0.0008077066270288,-20.83909142607,,,,,80.0
551,2021-01,0.0,0.0010586235550817,-19.35970249517841,,,,,30.0
552,2021-01,0.0,0.0009169991938051,-20.71036500007874,,,,,80.0
553,2021-01,0.0,0.0018783227729575,-16.29459220311973,,,,,10.0
554,2021-01,0.0,0.0012789558497843,-17.82134791548532,,,,,80.0
555,2021-01,0.0,0.0007527436939653,-11.43354562738888,,,,,10.0
556,2021-01,0.0,0.0014195046665333,-17.184609214208436,,,,,20.0
557,2021-01,0.0,0.001595591688361,-16.621114866195164,,,,,10.0
558,2021-01,0.0,0.0017839904753145,-15.741643439398842,,,,,10.0
559,2021-01,0.0,0.0014506563422855,-16.697432109873773,,,,,10.0
560,2021-01,0.0,0.0007741839813964,-11.964706590440528,,,,,10.0
561,2021-01,0.0,0.0008483048407015,-13.401864443543104,,,,,10.0
562,2021-01,0.0,0.0,,,,,,30.0
563,2021-01,0.0,0.0007671208309905,-10.93902435302732,,,,,10.0
564,2021-01,0.0,0.0010595325259146,-16.772784932454385,,,,,80.0
565,2021-01,0.0,0.0013182055083689,-16.248437811738683,,,,,80.0
566,2021-01,0.0,0.0014940218257682,-15.581545643139885,,,,,10.0
567,2021-01,0.0,0.0013101961342272,-16.00099166268514,,,,,80.0
568,2021-01,0.0,0.0008370768157419,-11.8670214635924,,,,,10.0
569,2021-01,0.0,0.0007875714329657,-10.080364174344073,0.065198671763584,,,,10.0
570,2021-01,0.0,0.0012122992304739,-15.328665133787275,,,,,80.0
571,2021-01,0.0,0.0010977558670219,-15.477317397532165,,,,,10.0
572,2021-01,0.0,0.000856517099884,-10.145902874502704,0.0654587301587301,,,,10.0
573,2021-01,0.0,0.0010741189000782,-14.75392047512915,,,,,80.0
574,2021-01,0.0,0.00101537417648,,,,,,10.0
575,2021-01,0.0,0.001225730764645,-11.207539531748774,,,,,10.0
576,2021-01,0.0,0.0010228309658941,-14.481249524188271,,,,,10.0
577,2021-01,0.0,0.0011361729232248,-14.187062171197692,,,,,10.0
578,2021-01,0.0,0.0009857950610694,-10.394504128732969,0.266,,,,10.0
579,2021-01,0.0,0.0011014035471058,-14.447124965216489,,,,,10.0
580,2021-01,0.0,0.0011761586991724,-10.25087199877665,0.1945,,,,10.0
581,2021-01,0.0,0.0009503380584495,-14.308399274272276,,,,,10.0
582,2021-01,0.0,0.0009163807956156,-14.008018887427522,,,,,10.0
583,2021-01,0.0,0.0010028149811205,-12.153277834000107,0.1261944444444444,,,,10.0
584,2021-01,0.0,0.0009768254933533,-13.067050515451712,,,,,10.0
585,2021-01,0.0,0.0007238624496039,-15.037515500210745,,,,,20.0
586,2021-01,0.0,0.0007383752492842,-9.370800830471865,,,,,10.0
587,2021-01,0.0,0.0,-13.130310064062826,,,,,80.0
588,2021-01,0.0,0.0012655611959871,-10.674644995248414,0.1308945714285714,,,,10.0
589,2021-01,0.0,0.0012047983584579,-10.856218678464144,0.1478042679837892,,,,10.0
590,2021-01,0.0,0.0006905671087679,-15.194280033140853,,,,,20.0
591,2021-01,0.0,0.0007318746177134,-9.864553805662275,,,,,10.0
592,2021-01,0.0,0.0005787971175063,-6.990935344080742,,,,,10.0
593,2021-01,0.0,0.000903105351108,-12.078704686318645,,,,,20.0
594,2021-01,0.0,0.0008989389864382,-10.576948711436245,,,,,10.0
595,2021-01,0.0,0.0009312461940226,-10.041225612657936,,,,,10.0
596,2021-01,0.0,0.0009938991196728,-10.696845056677354,,,,,40.0
597,2021-01,0.0,0.000784068169969,-11.046259423458183,,,,,40.0
598,2021-01,0.0,0.0005081336823877,-6.660071375036722,,,,,80.0
599,2021-01,0.0,0.0009378074236489,-12.754517044559575,,,,,10.0
600,2021-01,0.0,0.000607444954691,-11.225099630595082,,,,,10.0
601,2021-01,0.0,0.0006034172949966,-11.218900733865697,,,,,10.0
602,2021-01,0.0,0.0007506451137639,-12.760496635133814,,,,,10.0
603,2021-01,0.0,0.0006687905517992,-10.922976569719197,,,,,40.0
604,2021-01,0.0,0.0008439835039553,-10.508980486469852,,,,,40.0
605,2021-01,0.0,0.0010140156872845,-12.31396944326309,,,,,10.0
606,2021-01,0.0,0.0008867703256782,-10.475880763920951,,,,,40.0
607,2021-01,0.0,0.0003929868219074,-7.617294481065509,,,,,80.0
608,2021-01,0.0,0.0007145694025136,-10.747088475381162,,,,,80.0
609,2021-01,0.0,0.000380324932712,-7.167941497474578,,,,,80.0
610,2021-01,0.0,0.0003481722004986,-7.773989884571335,,,,,40.0
611,2021-01,0.0,0.0003506182486861,-7.099540549359341,,,,,30.0
612,2021-01,0.0,0.0006853736815628,-12.177839168425493,,,,,10.0
613,2021-01,0.0,0.0007290597883638,-10.56926003186076,,,,,40.0
614,2021-01,0.0,0.0007781129208979,-11.93931946566452,,,,,10.0
615,2021-01,0.0,0.0007291559836378,-11.658186832551015,,,,,10.0
616,2021-01,0.0,0.0006110709039148,-11.84594267705006,,,,,10.0
617,2021-01,0.0,0.0007054782750271,-11.285291232857624,,,,,10.0
618,2021-01,0.0,0.0006139666962402,-9.719853669853606,,,,,30.0
619,2021-01,0.0,0.0005269203213629,-11.572607996130465,,,,,10.0
620,2021-01,0.0,0.0001745165514724,-2.9075645583504675,,,,,30.0
621,2021-01,0.0,0.0008727030086295,-10.37348637734688,,,,,10.0
622,2021-01,0.0,0.0005001815845844,-8.573336972472458,,,,,40.0
623,2021-01,0.0,0.000506742907343,-10.676281787503129,,,,,10.0
624,2021-01,0.0,0.0006909113255915,-9.331975120626442,,,,,10.0
625,2021-01,0.0,0.0006743114320215,-10.656358731177534,,,,,10.0
626,2021-01,0.0,0.0008091692333122,-10.43238239669212,,,,,10.0
627,2021-01,0.0,0.0006176981953558,-8.763961742770277,,,,,10.0
628,2021-01,0.0,0.0006093013910231,-7.265752107353592,,,,,10.0
629,2021-01,0.0,0.0007209324742908,-5.6344270275484885,,,,,40.0
630,2021-01,0.0,0.0007912631956514,,,,,,80.0
631,2021-01,0.0,0.0011912923184809,-14.329667072911375,,,,,10.0
632,2021-01,0.0,0.0,,,,,,10.0
633,2021-01,0.0,0.0008097903354351,-4.671845762200533,,,,,80.0
634,2021-01,0.0,0.0013876195827436,-1.919772794583932,,,,,80.0
635,2021-01,0.0,0.0018672927055866,-2.172806120067722,,,,,80.0
636,2021-01,0.0,0.0011830556238962,-2.6276733802584737,,,,,80.0
637,2021-01,0.0,0.0018499946898568,-1.156128386902991,,,,,80.0
638,2021-01,0.0,0.0007764223601263,-16.524997949087464,,,,,80.0
639,2021-01,0.0,0.0009761266092865,-14.492227061613056,,,,,80.0
640,2021-01,0.0,0.0,,,,,,80.0
641,2021-01,0.0,0.0,,,,,,80.0
642,2021-01,0.0,0.0006843045040446,-14.297576126049556,,,,,80.0
643,2021-01,0.0,0.0,,,,,,80.0
644,2021-01,0.0,0.0,-14.565065888435583,,,,,80.0
645,2021-01,0.0,0.0008601052831246,-13.729728146890553,,,,,80.0
646,2021-01,0.0,0.0,,,,,,10.0
647,2021-01,0.0,0.0,,,,,,80.0
648,2021-01,0.0,0.0,,,,,,10.0
649,2021-01,0.0,0.0012817159718828,-12.670198905243458,,,,,80.0
650,2021-01,0.0,0.0,,,,,,10.0
651,2021-01,0.0,0.0008963083432837,-11.83943251304041,,,,,80.0
652,2021-01,0.0,0.0008364584175524,,,,,,10.0
653,2021-01,0.0,0.0,,,,,,10.0
654,2021-01,0.0,0.0008735177191908,-13.503975374615855,,,,,10.0
655,2021-01,0.0,0.0,,,,,,10.0
656,2021-01,0.0,0.0007751038493369,-8.93428340370139,,,,,10.0
657,2021-01,0.0,0.0009707938648743,-10.90844098162905,,,,,10.0
658,2021-01,0.0,0.0008488323418077,-11.093820938664466,,,,,10.0
659,2021-01,0.0,0.0025517795113501,-1.5146722086946314,,,,,10.0
660,2021-01,0.0,0.002193836455713,-6.659486750120736,,,,,10.0
661,2021-01,0.0,0.0014987816043473,-1.9300282239662396,,,,,40.0
662,2021-01,0.0,0.0010860594902876,-20.929219022361156,,,,,80.0
663,2021-01,0.0,0.001179112579884,-20.026864735228447,,,,,80.0
664,2021-01,0.0,0.0008357078316426,-17.694164213228376,,,,,80.0
665,2021-01,0.0,0.0011357342702922,-14.481606984565738,,,,,10.0
666,2021-01,0.0,0.0008853027682612,-17.101429715720535,,,,,80.0
667,2021-01,0.0,0.0008361450674198,-15.620458246046478,,,,,80.0
668,2021-01,0.0,0.0010804445671813,-14.757239437542731,,,,,10.0
669,2021-01,0.0,0.000974081331141,-16.22262584727295,,,,,80.0
670,2021-01,0.0,0.0010775927332815,-15.23166505078199,,,,,80.0
671,2021-01,0.0,0.0,,,,,,80.0
672,2021-01,0.0,0.0010206740228113,,,,,,80.0
673,2021-01,0.0,0.0,,,,,,80.0
674,2021-01,0.0,0.0010141092905557,-14.686466884060849,,,,,80.0
675,2021-01,0.0,0.0007153514449868,-13.591245695700009,,,,,10.0
676,2021-01,0.0,0.0012642286211099,-13.148177496040011,,,,,80.0
677,2021-01,0.0,0.0014070089785036,-13.10420451830788,,,,,10.0
678,2021-01,0.0,0.0009171672457897,-15.13865913249411,,,,,80.0
679,2021-01,0.0,0.0011190936134495,-13.673856156568304,,,,,10.0
680,2021-01,0.0,0.0014567649717181,-13.107420130357072,,,,,10.0
681,2021-01,0.0,0.00123433706754,-13.40135664473964,,,,,10.0
682,2021-01,0.0,0.0007799912274716,-12.77801651727583,,,,,10.0
683,2021-01,0.0,0.0007983140525993,-14.041475299690536,,,,,10.0
684,2021-01,0.0,0.0009401118261394,-11.733026937942755,,,,,10.0
685,2021-01,0.0,0.0005886184173169,-11.88339602861001,,,,,10.0
686,2021-01,0.0,0.0010284975245739,-13.429762103993378,,,,,10.0
687,2021-01,0.0,0.0008084941533979,-12.376218948970598,,,,,10.0
688,2021-01,0.0,0.0,,,,,,10.0
689,2021-01,0.0,0.0006470739720043,-11.960310809110515,,,,,10.0
690,2021-01,0.0,0.0006399801500416,-11.767108170704148,,,,,10.0
691,2021-01,0.0,0.000667527111496,-11.63874051529649,,,,,10.0
692,2021-01,0.0,0.0009351867595341,-11.157451615777312,,,,,10.0
693,2021-01,0.0,0.0007251765457567,-11.527378748197744,,,,,10.0
694,2021-01,0.0,0.0009382966024151,-11.25138298772994,,,,,10.0
695,2021-01,0.0,0.0018162281855388,-3.777174588392388,,,,,10.0
696,2021-01,0.0,0.0019425687155237,-2.9523983534945994,,,,,10.0
697,2021-01,0.0,0.0004351617026107,-10.059990333336902,,,,,10.0
698,2021-01,0.0,0.0008549029507018,-10.830478085753716,,,,,10.0
699,2021-01,0.0,0.0008170379470422,-10.759112401162398,,,,,10.0
700,2021-01,0.0,0.0,-4.088611020324038,,,,,30.0
701,2021-01,0.0,0.0017230123160061,-3.4699471914639943,,,,,80.0
702,2021-01,0.0,0.0009715626929644,-10.310769013435586,,,,,10.0
703,2021-01,0.0,0.0009127473958111,-9.844242721662004,,,,,10.0
704,2021-01,0.0,0.0010003269528624,-9.98857923192594,,,,,10.0
705,2021-01,0.0,0.0,,,,,,10.0
706,2021-01,0.0,0.0008127850473333,-9.647459135287598,,,,,10.0
707,2021-01,0.0,0.0005731677684418,-9.44631889279454,,,,,10.0
708,2021-01,0.0,0.0017658212364323,-8.282397994052284,,,,,10.0
709,2021-01,0.0,0.0007575514002302,-7.835651712178302,,,,,10.0
710,2021-01,0.0,0.0006784222898659,-4.565984040947356,,,,,10.0
711,2021-01,0.0,0.0020824133986503,-6.766144088136571,,,,,10.0
712,2021-01,0.0,0.0012067807030665,-5.221703672869173,,,,,10.0
713,2021-01,0.0,0.0011511131648226,-5.58650938581942,,,,,40.0
714,2021-01,0.0,0.002038646849769,-1.3368823471889613,,,,,10.0
715,2021-01,0.0,0.0020202644047913,-5.777866601431221,,,,,10.0
716,2021-01,0.0,0.0024720449943548,-4.454123203728767,,,,,10.0
717,2021-01,0.0,0.0021679357814567,-3.2259548415785884,,,,,10.0
718,2021-01,0.0,0.0018185966967896,-2.707919517909982,,,,,10.0
719,2021-01,0.0,0.0011216033128675,-21.076041715888536,,,,,80.0
720,2021-01,0.0,0.0011165764061388,-16.507938557286387,,,,,30.0
721,2021-01,0.0,0.0009322803346094,-18.224429337696336,,,,,80.0
722,2021-01,0.0,0.0008876215545114,-17.941108080135848,,,,,80.0
723,2021-01,0.0,0.0025196995464739,-10.51940109088854,,,,,10.0
724,2021-01,0.0,0.0012112002698358,-12.97606612995105,,,,,80.0
725,2021-01,0.0,0.0006167283781148,,,,,,80.0
726,2021-01,0.0,0.00062860957064,-15.377675270436043,,,,,80.0
727,2021-01,0.0,0.0011181991425928,-13.495523875246732,,,,,10.0
728,2021-01,0.0,0.0007021106125973,-14.71793692218174,,,,,10.0
729,2021-01,0.0,0.0034925792244848,-4.505667524440284,,,,,10.0
730,2021-01,0.0,0.0006210934249338,-12.13254215691677,,,,,10.0
731,2021-01,0.0,0.0017811473337587,-8.692370785949038,,,,,10.0
732,2021-01,0.0,0.0008841942874369,-12.575323732437605,,,,,10.0
733,2021-01,0.0,0.0008472414396526,-13.54927330338582,,,,,10.0
734,2021-01,0.0,0.0027586337057528,-4.152896134571364,,,,,10.0
735,2021-01,0.0,0.0005967310197926,-11.915437874742707,,,,,10.0
736,2021-01,0.0,0.0007663093385872,-11.43236758324405,,,,,10.0
737,2021-01,0.0,0.0005674353368855,-8.999603823863461,,,,,10.0
738,2021-01,0.0,0.0018892060843882,-4.4229215724493685,,,,,10.0
739,2021-01,0.0,0.0008404057351526,-11.427447755875097,,,,,10.0
740,2021-01,0.0,0.0017438104875661,-3.4188779933478024,,,,,10.0
741,2021-01,0.0,0.0016982763884243,-3.674635150868383,,,,,10.0
742,2021-01,0.0,0.0008860213353677,-10.43638015254848,,,,,10.0
743,2021-01,0.0,0.0016244045026875,-3.0469666675854654,,,,,80.0
744,2021-01,0.0,0.0018621674306965,-4.220865409604937,,,,,30.0
745,2021-01,0.0,0.0009396325675425,-10.709518383395247,,,,,10.0
746,2021-01,0.0,0.0011256061372932,-10.802122497558557,,,,,10.0
747,2021-01,0.0,0.0009455036250528,-6.425897106633548,,,,,10.0
748,2021-01,0.0,0.002792649331468,-2.337844996298497,,,,,10.0
749,2021-01,0.0,0.0007813427475866,-4.104070634739344,,,,,10.0
750,2021-01,0.0,0.0,-3.840755782588815,,,,,10.0
751,2021-01,0.0,0.0009822336835441,-4.397194269651986,,,,,10.0
752,2021-01,0.0,0.0010909934303274,-4.358592844615337,,,,,10.0
753,2021-01,0.0,0.0012378420559343,-3.233108726510567,,,,,10.0
754,2021-01,0.0,0.0010721351829943,-4.77925334643291,,,,,10.0
755,2021-01,0.0,0.0,,,,,,100.0
756,2021-01,0.0,0.0009820055095133,,,,,,30.0
757,2021-01,0.0,0.0010708723095831,,,,,,80.0
758,2021-01,0.0,0.0,-15.313425158428856,,,,,10.0
759,2021-01,0.0,0.0,,,,,,80.0
760,2021-01,0.0,0.0,,,,,,80.0
761,2021-01,0.0,0.0008549209562715,,,,,,10.0
762,2021-01,0.0,0.0009130727378305,-11.093598839544484,,,,,10.0
763,2021-01,0.0,0.0,,,,,,10.0
764,2021-01,0.0,0.0,,,,,,10.0
765,2021-01,0.0,0.0,-1.3088862429382857,,,,,10.0
766,2021-01,0.0,0.0,,,,,,80.0
767,2021-01,0.0,0.0026246797172007,-2.105715740026085,,,,,10.0
768,2021-01,0.0,0.0,,,,,,10.0
769,2021-01,0.0,0.0024843256799158,,,,,,10.0
770,2021-01,0.0,0.0025033991662439,,,,,,10.0
771,2021-01,0.0,0.0,,,,,,10.0
772,2021-01,0.0,0.0,,,,,,10.0
773,2021-01,6650148.955473603,0.0005835043288278,17.758456371676562,,,,,30.0
774,2021-01,0.0,0.0018809478608545,-4.397413143034882,,,,,10.0
775,2021-01,0.0,0.0049704458443102,6.917953868578863,,,,,10.0
776,2021-01,0.0,0.0041646817311565,9.245308892217048,,,,,10.0
777,2021-01,0.0,0.0040184270469126,9.557471703970322,,,,,80.0
778,2021-01,0.0,0.0006884358701881,14.849148608792234,,,,,10.0
779,2021-01,0.0,0.0004841621843752,15.415691630045604,,,,,10.0
780,2021-01,385712.41525134526,0.0002396924565865,16.651988253029458,,,,,30.0
781,2021-01,0.0,0.0015613011894402,-8.056427960608207,,,,,10.0
782,2021-01,0.0,0.00166487605649,-6.262303949171496,,,,,10.0
783,2021-01,0.0,0.0017087127891954,-4.245183915989344,,,,,10.0
784,2021-01,0.0,0.0019901510206636,-6.4967931439799145,,,,,10.0
785,2021-01,0.0,0.0019827749458727,,,,,,10.0
786,2021-01,0.0,0.0022204875824627,-6.369497553880362,,,,,10.0
787,2021-01,0.0,0.0020058394598739,-3.0238276491882745,,,,,10.0
788,2021-01,0.0,0.0,,,,,,10.0
789,2021-01,0.0,0.0048085640994486,5.967186925744528,,,,,80.0
790,2021-01,0.0,0.0005252817258159,15.15410601356614,,,,,10.0
791,2021-01,0.0,0.0002205282328304,16.020002680952853,,,,,10.0
792,2021-01,552208.2430548884,0.0003440393013534,17.06275912049,,,,,10.0
793,2021-01,0.0,0.0,,,,,,10.0
794,2021-01,0.0,0.0004936416344849,-3.0523291128163432,0.1163223400911519,,,,30.0
795,2021-01,0.0,0.0003029500036751,-1.90365396584076,,,,,30.0
796,2021-01,0.0,0.0006836986668683,-6.302621607626612,,,,,30.0
797,2021-01,0.0,0.0005110326061165,-1.980777923631265,,,,,30.0
798,2021-01,0.0,0.0007029216615137,-8.105781660911695,,,,,10.0
799,2021-01,0.0,0.0007309209433969,-7.757586609761753,,,,,10.0
800,2021-01,0.0,0.0008140570705803,-7.008231934395861,,,,,30.0
801,2021-01,0.0,0.0006701335189518,-7.376733710176178,,,,,80.0
802,2021-01,0.0,0.0017240196465199,-10.567451953305898,,,,,10.0
803,2021-01,0.0,0.0023484500505114,4.90991104986119,,,,,10.0
804,2021-01,0.0,0.0,,,,,,10.0
805,2021-01,0.0,0.0030571661179931,3.3332905230414096,,,,,30.0
806,2021-01,0.0,0.003288865111141,4.996666885042559,,,,,10.0
807,2021-01,1624144.6205503468,0.0016984882501991,4.468965124226644,,,,,30.0
808,2021-01,0.0,0.0027983351404517,7.214271151634978,,,,,10.0
809,2021-01,0.0,0.0034304657519138,11.44634177915514,,,,,10.0
810,2021-01,4042987.6638573264,0.002692073530069,12.117796466929075,,,,,40.0
811,2021-01,2786381.1414034395,0.0030452139474938,11.261409236741658,,,,,10.0
812,2021-01,0.0,0.0022072596974946,12.373704692881612,,,,,80.0
813,2021-01,16921133.268262334,0.0023846053898418,12.469708904458846,,,,,90.0
814,2021-01,0.0,0.0,12.84311623522035,,,,,80.0
815,2021-01,0.0,0.0007874894765791,-7.954908588368369,,,,,10.0
816,2021-01,0.0,0.0007655288902697,,,,,,10.0
817,2021-01,0.0,0.0003451459576569,-3.4113089229898006,,,,,40.0
818,2021-01,0.0,0.000827093037742,-7.0143817696520046,,,,,10.0
819,2021-01,0.0,0.0008663377292729,-5.216695592736642,,,,,80.0
820,2021-01,0.0,0.0018335512252178,-9.98991799303278,,,,,10.0
821,2021-01,0.0,0.0007578920451578,-4.875027350969162,,,,,40.0
822,2021-01,0.0,0.0006781137116528,-4.214962981849567,,,,,80.0
823,2021-01,0.0,0.000413189071196,-2.1639185587564924,,,,,40.0
824,2021-01,0.0,0.0010722990957674,-5.136732975129121,,,,,40.0
825,2021-01,0.0,0.0014904815582212,-5.871920792774468,,,,,40.0
826,2021-01,0.0,0.0018073841808018,-4.891740920637654,,,,,40.0
827,2021-01,0.0,0.0023764847345925,-3.092742284724937,,,,,10.0
828,2021-01,0.0,0.0018342207995829,-1.8421870241882856,,,,,10.0
829,2021-01,0.0,0.0022253807512697,-1.0464993876795177,,,,,40.0
830,2021-01,0.0,0.0034796547023233,6.94870639924082,,,,,10.0
831,2021-01,0.0,0.0045698588921288,6.896797892000196,,,,,10.0
832,2021-01,0.0,0.0030137415853914,7.790554246253047,,,,,80.0
833,2021-01,0.0,0.003604597772437,8.67849107421002,,,,,10.0
834,2021-01,0.0,0.0,,,,,,80.0
835,2021-01,0.0,0.0,,,,,,80.0
836,2021-01,1349257.925263971,0.0024912568486083,12.156382434257068,,,,,10.0
837,2021-01,1027012.015505746,0.0025040250150141,12.084366025206895,,,,,10.0
838,2021-01,0.0,0.0015776868788179,-1.5731942836528674,,,,,30.0
839,2021-01,0.0,0.0018738232431587,-0.9902364587270897,,,,,40.0
840,2021-01,0.0,0.0019268591663351,-0.8037812755953766,,,,,40.0
841,2021-01,0.0,0.001991141947883,,,,,,10.0
842,2021-01,0.0,0.0,,,,,,80.0
843,2021-01,0.0,0.0,,,,,,90.0
844,2021-01,0.0,0.0023025538650927,12.55463127218269,,,,,90.0
845,2021-01,0.0,0.0,25.241870755509627,,,,,
846,2021-01,0.0,0.0,24.842905251889807,,,,,
847,2021-01,0.0,0.0024721633521494,9.260113757739186,,,,,30.0
848,2021-01,52917.57519978189,0.0029919271209828,9.8031091163535,,,,,10.0
849,2021-01,83285097.11346328,0.0029514249292788,9.877830926375454,,,,,10.0
850,2021-01,0.0,0.0022327295072652,11.149203999837257,,,,,10.0
851,2021-01,0.0,0.0011296941112115,4.703280754499559,,,,,10.0
852,2021-01,0.0,0.0006985904707738,5.71725587501021,,,,,40.0
853,2021-01,7163087.718003042,0.0005862291048503,13.474570914842811,,,,,20.0
854,2021-01,0.0,0.0004026439225669,16.325095853192472,,,,,10.0
855,2021-01,0.0,0.0,17.432359676451732,,,,,
856,2021-01,0.0,0.0,19.12588063630866,,,,,
857,2021-01,0.0,0.0,21.82342205812632,,,,,
858,2021-01,0.0,0.0,19.49259393312211,,,,,
859,2021-01,0.0,0.0,24.31807720772257,,,,,
861,2021-01,0.0,0.001255067301569,7.449635456296637,,,,,30.0
862,2021-01,0.0,0.0014934749983074,7.997816511037974,,,,,30.0
863,2021-01,0.0,0.0021250863571172,8.32433840843941,,,,,50.0
864,2021-01,0.0,0.0031788085211908,8.7657128939065,,,,,10.0
865,2021-01,0.0,0.0019660558430132,11.3899617020802,,,,,10.0
866,2021-01,0.0,0.00267341210224,11.32078355592886,,,,,30.0
867,2021-01,3483109.493147114,0.0012008637487851,12.262982100763244,,,,,10.0
868,2021-01,0.0,0.0001574785879929,12.23094233966539,,,,,20.0
869,2021-01,0.0,0.0008714749045945,20.278452046712268,,,,,30.0
870,2021-01,0.0,0.001040827843326,20.20645523891656,,,,,30.0
871,2021-01,0.0,0.0012205979354954,20.17581690306309,,,,,30.0
872,2021-01,0.0,0.0013020607775408,20.102514740570832,,,,,30.0
873,2021-01,0.0,0.0016854222742495,23.818061631725698,,,,,80.0
874,2021-01,0.0,0.0,23.720133020544598,,,,,
875,2021-01,0.0,0.0,20.1366152691585,,,,,
876,2021-01,0.0,0.0,19.820987381473685,,,,,
877,2021-01,0.0,0.0,23.920821208338623,,,,,
878,2021-01,0.0,0.0,,,,,,
879,2021-01,0.0,0.0,19.164767570905823,,,,,
880,2021-01,0.0,0.0,24.85331051265408,,,,,
881,2021-01,0.0,0.0,20.97629573370823,,,,,
882,2021-01,0.0,0.000369415461465,24.009508929807332,,,,,30.0
883,2021-01,0.0,0.0002510680984681,22.69032148135608,,,,,10.0
884,2021-01,0.0,0.0004400439438995,22.21723196810093,,,,,10.0
885,2021-01,0.0,0.0003719908788247,23.09200555050014,,,,,10.0
886,2021-01,0.0,0.0003449068009398,21.900970508206303,,,,,30.0
887,2021-01,0.0,0.0009403477104821,-3.254029430186936,,,,,30.0
888,2021-01,0.0,5.84918206889349e-05,17.32503429672626,,,,,80.0
889,2021-01,0.0,0.0011647828140543,-0.9074924127757008,,,,,30.0
890,2021-01,0.0,0.0009929526475843,-0.2015585239642708,,,,,30.0
891,2021-01,0.0,0.0010749200444529,-1.096237133395266,,,,,60.0
892,2021-01,0.0,0.001192089996266,-2.152897912910958,,,,,30.0
893,2021-01,0.0,0.0022321596154597,-1.199285626386139,,,,,10.0
894,2021-01,0.0,0.0014168757385612,-6.078588316370984,,,,,30.0
895,2021-01,0.0,0.0019357868162569,-2.620117703418409,,,,,30.0
896,2021-01,0.0,0.0005335556204372,-2.312310022739793,,,,,30.0
897,2021-01,0.0,0.0030435445286608,-2.004690874434694,,,,,10.0
898,2021-01,0.0,0.0008283871265168,-6.843412077591694,,,,,30.0
899,2021-01,0.0,0.004926919552463,-1.3510965580348089,,,,,10.0
900,2021-01,0.0,0.0024117088826887,1.2488875795863663,,,,,30.0
901,2021-01,0.0,0.0049659696182718,-0.6327802221529534,,,,,10.0
902,2021-01,0.0,0.0005459386493604,-1.281852458671603,,,,,60.0
903,2021-01,0.0,0.0030151061060093,7.533516389580207,,,,,10.0
904,2021-01,0.0,0.0015577368677338,0.9062928126121884,,,,,60.0
905,2021-01,0.0,0.003777826299191,-2.504046825606866,,,,,20.0
906,2021-01,0.0,0.0009052690730142,1.6846984717365014,,,,,30.0
907,2021-01,0.0,0.0008024126014637,12.008429600431953,,,,,60.0
908,2021-01,0.0,0.000197232129949,15.757031988328526,,,,,10.0
909,2021-01,0.0,0.00016085028749,21.9838072971406,,,,,10.0
910,2021-01,0.0,0.0,16.146753668016025,,,,,
911,2021-01,0.0,0.0053039941815313,,,,,,80.0
912,2021-01,0.0,0.0017576321551517,-0.726031167486171,,,,,30.0
913,2021-01,0.0,0.0058654415907154,1.2815583281229692,,,,,10.0
914,2021-01,0.0,0.0027056105313477,8.8372904040338,,,,,10.0
915,2021-01,0.0,0.0004444423941549,2.391265754289549,,,,,60.0
916,2021-01,0.0,0.000728934978293,8.880936418212032,,,,,60.0
917,2021-01,0.0,0.0008561608006154,16.149296720771403,,,,,20.0
918,2021-01,0.0,8.522680677742755e-05,16.011189162940326,,,,,60.0
919,2021-01,0.0,0.0015129916688492,11.910482139157866,,,,,10.0
920,2021-01,0.0,0.0,,,,,,10.0
921,2021-01,0.0,2.573466576905048e-05,20.13213673253216,,,,,80.0
922,2021-01,0.0,5.7841701088060894e-05,20.01001181653753,,,,,10.0
923,2021-01,0.0,0.0002434592572626,14.541080811203187,,,,,20.0
924,2021-01,0.0,0.0003606196371492,13.877742784652822,,,,,10.0
925,2021-01,0.0,0.0,24.095675117738807,,,,,
926,2021-01,0.0,0.0,25.195892312889303,,,,,
927,2021-01,0.0,0.0,24.65314988987421,,,,,
928,2021-01,0.0,0.0019864600858202,-8.041002882494118,,,,,10.0
929,2021-01,0.0,0.0019677195138335,-8.366289971464393,,,,,10.0
930,2021-01,0.0,0.0014557760851589,-6.985730898834091,,,,,10.0
931,2021-01,0.0,0.0019347879638273,-6.679628982570386,,,,,10.0
932,2021-01,0.0,0.003803694624439,-6.83889719015405,,,,,10.0
933,2021-01,0.0,0.0028632030342718,-8.28522406476577,,,,,10.0
934,2021-01,0.0,0.0029998095293373,-11.052007014250206,,,,,10.0
935,2021-01,0.0,0.0064629232016977,-9.387900541232677,,,,,10.0
936,2021-01,0.0,0.0023406489165154,-7.110435951210515,,,,,10.0
937,2021-01,0.0,0.0024409527883787,-3.6029148163639904,,,,,10.0
938,2021-01,0.0,0.0037188183773689,-5.6217356770667655,,,,,10.0
939,2021-01,0.0,0.0034337447279693,-7.2901224050663505,,,,,10.0
940,2021-01,0.0,0.0044134113816198,-2.115826735814032,,,,,10.0
941,2021-01,0.0,0.0029662317164517,0.1320431015397629,,,,,30.0
942,2021-01,0.0,0.0081802339802541,-3.869249064492186,,,,,10.0
943,2021-01,0.0,0.0017467977730211,-0.8116114059850784,,,,,10.0
944,2021-01,0.0,0.0007225897333914,-4.044512367127872,,,,,30.0
945,2021-01,0.0,0.0017558614178638,-7.69899364731215,,,,,10.0
946,2021-01,0.0,0.0014460442259355,-6.740216934039996,,,,,10.0
947,2021-01,0.0,0.0095469877341077,-7.463467645763449,,,,,10.0
948,2021-01,0.0,0.0010926037905392,-5.245407055270263,,,,,10.0
949,2021-01,0.0,0.0015215223703018,-6.564393227738248,,,,,10.0
950,2021-01,0.0,0.0104172747460779,2.1216780631773204,,,,,10.0
951,2021-01,0.0,0.0050371934921847,-3.883802303191139,,,,,10.0
952,2021-01,0.0,0.0020946440916583,-6.46627065980325,,,,,10.0
953,2021-01,0.0,0.0018874224153933,2.1409045494863923,,,,,40.0
954,2021-01,0.0,0.004197809708891,-5.4051640922206365,,,,,10.0
955,2021-01,0.0,0.0009699180068634,-19.436857223621576,,,,,30.0
956,2021-01,0.0,0.0050540360661263,-4.882338484897386,,,,,80.0
957,2021-01,0.0,0.0043732411624104,-3.807487373805392,,,,,30.0
958,2021-01,0.0,0.0002166192857202,-24.8023209517919,,,,,80.0
959,2021-01,0.0,0.0007522024625034,-18.496555566274967,,,,,30.0
960,2021-01,0.0,0.0038547567718576,-12.695375684512536,,,,,10.0
961,2021-01,0.0,0.0015544299343041,-17.33047784355071,,,,,30.0
962,2021-01,0.0,0.0011696342612226,-14.971347440454917,,,,,10.0
963,2021-01,0.0,0.0010147979982472,-15.65071672008881,,,,,10.0
964,2021-01,0.0,0.0013176367278756,-14.509878922174872,,,,,10.0
965,2021-01,0.0,0.0042043842025781,-11.415781006078111,,,,,10.0
966,2021-01,0.0,0.0066523189789015,-4.615518276479336,,,,,10.0
967,2021-01,0.0,0.0043355783879965,-8.621759397254934,,,,,10.0
968,2021-01,0.0,0.0045056930311299,-10.678842720934114,,,,,10.0
969,2021-01,0.0,0.0045178051916536,-4.91951213549541,,,,,30.0
970,2021-01,0.0,0.0058835095103054,-6.070263054387542,,,,,30.0
971,2021-01,0.0,0.0036399010447439,-3.331556226711975,,,,,30.0
972,2021-01,0.0,0.0043459451325513,-3.565835937718731,,,,,30.0
973,2021-01,0.0,0.000326724462487,-23.53782583257201,,,,,80.0
974,2021-01,0.0,0.0002744592604813,-18.903324474485096,,,,,10.0
975,2021-01,0.0,0.0003221746412691,-18.2576707901493,,,,,10.0
976,2021-01,0.0,0.0056461384218261,-8.34071079264049,,,,,70.0
977,2021-01,0.0,0.0014217210095746,-15.03750293690669,,,,,10.0
978,2021-01,0.0,0.0011813681451258,-12.431091751590827,,,,,80.0
979,2021-01,0.0,0.0031836455566462,-10.59857943955285,,,,,70.0
980,2021-01,0.0,0.0011177997914728,-14.36654805829446,,,,,10.0
981,2021-01,0.0,0.001372214767116,-11.594408703875756,,,,,80.0
982,2021-01,0.0,0.006994025737215,-5.607491103649365,,,,,10.0
983,2021-01,0.0,0.0021844558884583,-12.106351085375683,,,,,10.0
984,2021-01,0.0,0.002780255290645,-9.987242782756825,,,,,30.0
985,2021-01,0.0,0.0117162581411776,-1.6634099324544138,,,,,10.0
986,2021-01,0.0,0.0,,,,,,80.0
987,2021-01,0.0,0.0018564317254003,-12.399634800845975,,,,,10.0
988,2021-01,0.0,0.0034877726686772,-9.026767837360309,,,,,30.0
989,2021-01,0.0,0.0033535774675783,-8.656160385150056,,,,,10.0
990,2021-01,0.0,0.0030470061352703,-7.969393609159714,,,,,30.0
991,2021-01,0.0,0.0026937965182241,-6.19810467791811,,,,,30.0
992,2021-01,0.0,0.0007643964020189,,,,,,90.0
993,2021-01,0.0,0.0004324066609258,-23.995070981124204,,,,,80.0
994,2021-01,5228460.362893468,0.0007465884591524,-12.529140431287146,,,,,10.0
995,2021-01,0.0,0.0005364104149962,-22.37096948800509,,,,,80.0
996,2021-01,24977467.60354901,0.0007500264810988,-10.449075987108332,0.1075,,,,10.0
997,2021-01,0.0,0.000747363914862,-14.316181750990028,,,,,10.0
998,2021-01,0.0,0.0,,,,,,10.0
999,2021-01,0.0,0.001098479916177,-15.222286304200727,,,,,80.0
1000,2021-01,0.0,0.0020929752689103,-11.912007955243087,,,,,10.0
1001,2021-01,0.0,0.0007508617959884,-6.80088107947145,,,,,10.0
1002,2021-01,0.0,0.0,,,,,,30.0
1003,2021-01,0.0,0.0002897509562747,-25.02671152750649,,,,,80.0
1004,2021-01,0.0,0.0004345210147675,-25.096811753504284,,,,,80.0
1005,2021-01,0.0,0.0003067636474887,-25.6733691635952,,,,,80.0
1006,2021-01,0.0,0.0003799103365578,-27.41611359298868,,,,,30.0
1007,2021-01,0.0,0.000328458141634,-26.68688662246257,,,,,80.0
1008,2021-01,0.0,0.0003363198168851,-25.812718696548643,,,,,80.0
1009,2021-01,0.0,0.0003714363900598,-25.18573657188564,,,,,80.0
1010,2021-01,0.0,0.000391675431025,-25.31391489810554,,,,,80.0
1011,2021-01,0.0,0.0004082044634453,-24.94883744981552,,,,,80.0
1012,2021-01,0.0,0.0004515355660179,-23.678551026484417,,,,,10.0
1013,2021-01,0.0,0.0005372685273645,-24.460125751812303,,,,,10.0
1014,2021-01,0.0,0.0004778131202484,-22.500909743198104,,,,,10.0
1015,2021-01,0.0,0.0006103283572868,-22.409423866740138,,,,,10.0
1016,2021-01,0.0,0.0006896198387803,-26.397127079541008,,,,,80.0
1017,2021-01,0.0,0.0005384362580441,-27.89748894476119,,,,,80.0
1018,2021-01,0.0,0.000537289726994,-22.114109364718068,,,,,10.0
1019,2021-01,0.0,0.0005531535495525,-23.67531469435917,,,,,10.0
1020,2021-01,0.0,0.0004829489215541,-27.994577852201264,,,,,80.0
1021,2021-01,0.0,0.0005868258868102,-27.05450746269634,,,,,80.0
1022,2021-01,0.0,0.0004999171821054,-21.57834544666065,,,,,80.0
1023,2021-01,0.0,0.0005874729544853,-26.81075915447127,,,,,80.0
1024,2021-01,0.0,0.0006433989731249,-21.52075380246208,,,,,30.0
1025,2021-01,0.0,0.0007270744118324,-21.80676572487217,,,,,10.0
1026,2021-01,0.0,0.0006716667907229,-17.263461051635122,,,,,10.0
1027,2021-01,0.0,0.0006206603410402,-15.33076065874596,,,,,10.0
1028,2021-01,0.0,0.0007483213389575,-16.098217953917775,,,,,10.0
1029,2021-01,0.0,0.0007992211186139,-15.706829134360246,,,,,10.0
1030,2021-01,0.0,0.0005791983361095,-21.089302394117407,,,,,80.0
1031,2021-01,0.0,0.000624836383752,-20.59629191951027,,,,,80.0
1032,2021-01,0.0,0.0006406916674175,-18.260877357869628,,,,,10.0
1033,2021-01,0.0,0.0006809479003971,-14.833772713579378,,,,,10.0
1034,2021-01,0.0,0.0008351032884226,-18.782828687096806,,,,,80.0
1035,2021-01,0.0,0.0008841550738548,-18.06561061079782,,,,,10.0
1036,2021-01,0.0,0.0009546182396076,-15.182907711562263,,,,,80.0
1037,2021-01,0.0,0.0008005888390319,-13.918670769147951,,,,,80.0
1038,2021-01,0.0,0.0010766396798468,-17.849548454694826,,,,,80.0
1039,2021-01,0.0,0.0006511637198703,-10.015911192535066,,,,,10.0
1040,2021-01,0.0,0.0007442432588298,-11.960324018289231,,,,,10.0
1041,2021-01,0.0,0.0006792809692797,-8.670127737393921,,,,,10.0
1042,2021-01,0.0,0.0005303070241653,-7.948721359052374,,,,,10.0
1043,2021-01,0.0,0.000809730204719,-9.830330302858114,,,,,10.0
1044,2021-01,0.0,0.0007874946919855,-8.892903533506402,,,,,10.0
1045,2021-01,0.0,0.000783288190317,-9.43070577468242,,,,,10.0
1046,2021-01,0.0,0.0002461712685999,-27.718071180774288,,,,,80.0
1047,2021-01,0.0,0.0003422241536554,-28.422590144988007,,,,,80.0
1048,2021-01,0.0,0.0002681877342638,-25.560854243890333,,,,,80.0
1049,2021-01,0.0,0.000278525414842,-27.994122473057,,,,,30.0
1050,2021-01,0.0,0.000266917410272,-28.19257292388585,,,,,80.0
1051,2021-01,0.0,0.000229908513802,-27.09982705064997,,,,,80.0
1052,2021-01,0.0,0.0003553800163444,-24.49259024999473,,,,,80.0
1053,2021-01,0.0,0.0003815371421751,-25.699070214712474,,,,,10.0
1054,2021-01,0.0,0.0003295414028343,-25.921830815140908,,,,,80.0
1055,2021-01,0.0,0.0004831582718582,-24.740068251086797,,,,,10.0
1056,2021-01,0.0,0.0004704519570976,-24.425061215636525,,,,,10.0
1057,2021-01,0.0,0.0003970844342752,-26.229516913301172,,,,,10.0
1058,2021-01,0.0,0.0004678626463848,-24.20936822378505,,,,,10.0
1059,2021-01,0.0,0.0003522284207519,-24.44283124041812,,,,,10.0
1060,2021-01,0.0,0.0004631936428722,-23.1011142322943,,,,,10.0
1061,2021-01,0.0,0.0005118533847507,-24.592610463788414,,,,,10.0
1062,2021-01,0.0,0.0004916269210752,-23.91308441162107,,,,,80.0
1063,2021-01,0.0,0.0005930789935367,-24.48204101234353,,,,,10.0
1064,2021-01,0.0,0.0006564821926531,-25.285679757723216,,,,,80.0
1065,2021-01,0.0,0.0006533566740927,-25.19842004810181,,,,,10.0
1066,2021-01,0.0,0.0006551783410486,-27.08557960756361,,,,,80.0
1067,2021-01,0.0,0.0006434287754473,-24.47536455380017,,,,,80.0
1068,2021-01,0.0,0.0004950914410528,-22.60963861609017,,,,,80.0
1069,2021-01,0.0,0.000803590181249,-24.41020547736928,,,,,80.0
1070,2021-01,0.0,0.0005882460502562,-27.285573438418787,,,,,30.0
1071,2021-01,0.0,0.0005536241335448,-23.472659099401085,,,,,10.0
1072,2021-01,0.0,0.0006292261061844,-26.46342988373129,,,,,30.0
1073,2021-01,0.0,0.0006602968899187,-26.07699815210047,,,,,80.0
1074,2021-01,0.0,0.0004938111829536,-22.571508050733986,,,,,80.0
1075,2021-01,0.0,0.0006733642769631,-22.00505950636047,,,,,10.0
1076,2021-01,0.0,0.0005308765796598,-21.19266546105824,,,,,80.0
1077,2021-01,0.0,0.0006142895547327,-23.537434682538414,,,,,80.0
1078,2021-01,0.0,0.0005628004548725,-21.34029047155891,,,,,30.0
1079,2021-01,0.0,0.0006964694587168,-19.11537460819365,,,,,10.0
1080,2021-01,0.0,0.0005503842692683,-20.732957633507272,,,,,10.0
1081,2021-01,0.0,0.0007693491754707,-21.2848467044078,,,,,10.0
1082,2021-01,0.0,0.0006158616272387,-20.967065741426183,,,,,10.0
1083,2021-01,0.0,0.0005625895103094,-20.526246829015783,,,,,10.0
1084,2021-01,0.0,0.0005936688311673,-16.37747138238721,,,,,10.0
1085,2021-01,0.0,0.0007100779441771,-16.185508268622918,,,,,10.0
1086,2021-01,0.0,0.0006004240242418,-17.34270103208479,,,,,80.0
1087,2021-01,0.0,0.0005826081959185,-14.769380089544464,,,,,10.0
1088,2021-01,0.0,0.0006276447204527,-16.948062150196336,,,,,10.0
1089,2021-01,0.0,0.0006552275148806,-19.810541411369044,,,,,10.0
1090,2021-01,0.0,0.0006846081344065,-16.963632896724125,,,,,80.0
1091,2021-01,0.0,0.0008762966720041,-17.31620183613623,,,,,10.0
1092,2021-01,0.0,0.0007117648798005,-12.551168248986665,,,,,10.0
1093,2021-01,0.0,0.0007711229216469,-13.978227299515892,,,,,10.0
1094,2021-01,0.0,0.0006447244991456,-14.677593715216496,,,,,10.0
1095,2021-01,0.0,0.0007873218385157,-14.105438347272964,,,,,10.0
1096,2021-01,0.0,0.000846272864175,-13.183204486805886,,,,,10.0
1097,2021-01,0.0,0.001072132202762,-15.133557834420143,0.283,,,,10.0
1098,2021-01,0.0,0.0010599162308153,-15.294808050267276,,,,,10.0
1099,2021-01,0.0,0.0010962825147089,-17.43004037180252,,,,,10.0
1100,2021-01,0.0,0.0008094649640497,-12.415828587248312,,,,,10.0
1101,2021-01,0.0,0.0005256787353248,-8.977784827447682,,,,,10.0
1102,2021-01,0.0,0.0007161794375016,-8.332055100745189,,,,,10.0
1103,2021-01,0.0,0.0,,,,,,30.0
1104,2021-01,0.0,0.0005354462690926,-5.604722726473222,,,,,10.0
1105,2021-01,0.0,0.0017204958824095,-7.154865010579385,,,,,10.0
1106,2021-01,0.0,0.0006142311918514,-6.9491245142402605,,,,,10.0
1107,2021-01,0.0,0.0010830800858911,,,,,,10.0
1108,2021-01,0.0,0.0,,,,,,80.0
1109,2021-01,0.0,0.0,,,,,,30.0
1110,2021-01,0.0,0.0,,,,,,30.0
1111,2021-01,0.0,0.0002462159720835,,,,,,30.0
1112,2021-01,0.0,0.0,,,,,,30.0
1113,2021-01,0.0,0.0,,,,,,30.0
1114,2021-01,0.0,0.0,,,,,,30.0
1115,2021-01,0.0,0.0,-25.77346485096919,,,,,80.0
1116,2021-01,0.0,0.0,,,,,,30.0
1117,2021-01,0.0,0.0,,,,,,10.0
1118,2021-01,0.0,0.0006284717348989,-17.224431962864344,,,,,10.0
1119,2021-01,0.0,0.0,,,,,,10.0
1120,2021-01,0.0,0.0,,,,,,80.0
1121,2021-01,0.0,0.0004931695460484,-27.73005468857246,,,,,80.0
1122,2021-01,0.0,0.0,,,,,,30.0
1123,2021-01,0.0,0.0004856686917719,-28.18545772794728,,,,,80.0
1124,2021-01,0.0,0.0004052294388403,-27.957905113479324,,,,,80.0
1125,2021-01,0.0,0.0005763945471657,-27.46811040387281,,,,,80.0
1126,2021-01,0.0,0.000329203044277,-26.60216684479334,,,,,80.0
1127,2021-01,0.0,0.0003904116044927,-26.65120479715907,,,,,80.0
1128,2021-01,0.0,0.0004358051990306,-23.56394083273637,,,,,80.0
1129,2021-01,0.0,0.0005235912156877,-21.9557568014378,,,,,80.0
1130,2021-01,0.0,0.0005580258744733,-28.14442025461502,,,,,80.0
1131,2021-01,0.0,0.0005675431219515,-27.845859228527537,,,,,80.0
1132,2021-01,0.0,0.0009803823473118,-24.352096084981078,,,,,80.0
1133,2021-01,0.0,0.0004037582122446,-26.520450359128667,,,,,100.0
1134,2021-01,0.0,0.0006581130263419,-27.927520910557007,,,,,100.0
1135,2021-01,0.0,0.0003564990935501,-29.166236613361985,,,,,80.0
1136,2021-01,0.0,0.0003561120358881,-28.95630339263586,,,,,80.0
1137,2021-01,0.0,0.0004744864682762,-28.21547118349212,,,,,80.0
1138,2021-01,0.0,0.0006141711732854,-27.966381097608974,,,,,80.0
1139,2021-01,0.0,0.0004728994946091,-27.962537064090828,,,,,80.0
1140,2021-01,0.0,0.0006294056186106,-27.232504617014214,,,,,30.0
1141,2021-01,0.0,0.000637890830992,-27.50140133003288,,,,,80.0
1142,2021-01,0.0,0.0003486630238345,-27.739360272442827,,,,,80.0
1143,2021-01,0.0,0.0004098377069112,-27.501156464899143,,,,,80.0
1144,2021-01,0.0,0.0004364355035401,-27.45561658476711,,,,,80.0
1145,2021-01,0.0,0.0003622560555785,-27.3828408510332,,,,,80.0
1146,2021-01,0.0,0.0004860715819177,-27.749736707368005,,,,,30.0
1147,2021-01,0.0,0.0003482689273345,-26.92910384311469,,,,,80.0
1148,2021-01,0.0,0.0004024024931368,-26.99749818910283,,,,,80.0
1149,2021-01,0.0,0.0004680895711536,-27.258370134907363,,,,,80.0
1150,2021-01,0.0,0.0,,,,,,30.0
1151,2021-01,0.0,0.000561853610255,-26.18991645579497,,,,,80.0
1152,2021-01,0.0,0.0003139110877047,-26.129632735713813,,,,,80.0
1153,2021-01,0.0,0.0003936167684969,-26.202872770576047,,,,,80.0
1154,2021-01,0.0,0.000540868429122,-25.65010190574069,,,,,80.0
1155,2021-01,0.0,0.0004665213300715,-26.67425894409884,,,,,30.0
1156,2021-01,0.0,0.000320670865752,-26.397027758995304,,,,,80.0
1157,2021-01,0.0,0.0003237541643557,-26.11067030711837,,,,,30.0
1158,2021-01,0.0,0.0003726597753939,-26.761654220088808,,,,,30.0
1159,2021-01,0.0,0.0005114986355155,-23.75629916903221,,,,,80.0
1160,2021-01,0.0,0.000395618273842,-24.413465785166917,,,,,80.0
1161,2021-01,0.0,0.000436372173605,-25.64721287410355,,,,,80.0
1162,2021-01,0.0,0.0,,,,,,30.0
1163,2021-01,0.0,0.0005018127517251,-22.12651483679328,,,,,80.0
1164,2021-01,0.0,0.0004798566594167,-22.90055150951533,,,,,80.0
1165,2021-01,0.0,0.0004839248833832,-28.017842178618164,,,,,80.0
1166,2021-01,0.0,0.0005183633295473,-27.72926752234017,,,,,80.0
1167,2021-01,0.0,0.0,-28.13820569438317,,,,,80.0
1168,2021-01,0.0,0.0004022658991592,-29.40681026007537,,,,,80.0
1169,2021-01,0.0,0.0004513155547556,-28.656085713704403,,,,,80.0
1170,2021-01,0.0,0.000430425989407,-28.213784281412742,,,,,80.0
1171,2021-01,0.0,0.0004687126604494,-29.11852612239055,,,,,80.0
1172,2021-01,0.0,0.0004147648689922,-28.448501209546137,,,,,80.0
1173,2021-01,0.0,0.0005709551153358,-28.808462934596548,,,,,100.0
1174,2021-01,0.0,0.0005958779283143,-28.800017550341934,,,,,100.0
1175,2021-01,0.0,0.0006366214283085,-28.061067757555207,,,,,80.0
1176,2021-01,0.0,0.0004347864417013,,,,,,80.0
1177,2021-01,0.0,0.0004573877779421,-28.634638091056544,,,,,80.0
1178,2021-01,0.0,0.0004473434639749,-28.042919971096875,,,,,30.0
1179,2021-01,0.0,0.0005026500550684,-27.70046155375817,,,,,80.0
1180,2021-01,0.0,0.0003126229969439,-27.61766244211502,,,,,30.0
1181,2021-01,0.0,0.0003849408157445,-27.492032401792443,,,,,30.0
1182,2021-01,0.0,0.0004604536918577,-27.875582574003467,,,,,80.0
1183,2021-01,0.0,0.0004599085577107,-27.703931150812384,,,,,30.0
1184,2021-01,0.0,0.0003696609167036,-27.175693618610325,,,,,30.0
1185,2021-01,0.0,0.0004819076386866,-27.158935333580075,,,,,80.0
1186,2021-01,0.0,0.0004322048155245,-27.34172289448397,,,,,30.0
1187,2021-01,0.0,0.0003254727649467,-27.0294489214497,,,,,80.0
1188,2021-01,0.0,0.0003194142011579,-26.85796288384328,,,,,30.0
1189,2021-01,0.0,0.0003807827708897,-26.108616550677965,,,,,80.0
1190,2021-01,0.0,0.0004752555119769,-26.645800305438275,,,,,30.0
1191,2021-01,0.0,0.0003579553095278,-26.374181171813728,,,,,30.0
1192,2021-01,0.0,0.0,,,,,,30.0
1193,2021-01,0.0,0.000533474597114,-23.57545367825413,,,,,80.0
1194,2021-01,0.0,0.0003974528240936,-24.509689281832763,,,,,80.0
1195,2021-01,0.0,0.0004984293011602,-25.563053697155343,,,,,30.0
1196,2021-01,0.0,0.000376705440658,-24.69005276259553,,,,,80.0
1197,2021-01,0.0,0.000478979560512,-25.046608332151987,,,,,30.0
1198,2021-01,0.0,0.0004551786807951,-22.551794789085232,,,,,80.0
1199,2021-01,0.0,0.0,,,,,,80.0
1200,2021-01,0.0,0.0003606121865686,,,,,,30.0
1201,2021-01,0.0,0.0003154467669901,-27.241393173381823,,,,,100.0
1202,2021-01,0.0,0.0003289589270869,-26.24494660080118,,,,,80.0
1203,2021-01,0.0,0.0,,,,,,30.0
1204,2021-01,0.0,0.0005134682980951,,,,,,30.0
1205,2021-01,0.0,0.0,,,,,,30.0
1206,2021-01,0.0,0.0005029057164197,-27.785826579619822,,,,,100.0
1207,2021-01,0.0,0.0005100853619751,-30.00823514600492,,,,,80.0
1208,2021-01,0.0,0.0002952252703683,-29.866314680858306,,,,,100.0
1209,2021-01,0.0,0.0006254356233057,-30.290022835680208,,,,,100.0
1210,2021-01,0.0,0.0002859884130733,-30.239488426478022,,,,,100.0
1211,2021-01,0.0,0.0003429617611345,-28.173647650168338,,,,,100.0
1212,2021-01,0.0,0.0003051593778309,-26.725902581983974,,,,,100.0
1213,2021-01,0.0,0.0005482625094828,-30.62316273163355,,,,,100.0
1214,2021-01,0.0,0.0004111587879833,-30.491170690392902,,,,,80.0
1215,2021-01,0.0,0.0005043189851221,-30.1200740964609,,,,,100.0
1216,2021-01,0.0,0.0005259536085304,-29.942526195895265,,,,,80.0
1217,2021-01,0.0,0.0003902679808713,-29.97922639470799,,,,,100.0
1218,2021-01,0.0,0.0004041124013838,-28.79503585651355,,,,,100.0
1219,2021-01,0.0,0.0006413216537702,-21.39420565650574,,,,,80.0
1220,2021-01,0.0,0.0007319207479039,-20.629494026234312,,,,,100.0
1221,2021-01,0.0,0.0005713874183418,-24.84198042346583,,,,,80.0
1222,2021-01,0.0,0.0006905356034556,-20.772155267155828,,,,,80.0
1223,2021-01,0.0,0.0007084642725961,-20.857461544065245,,,,,100.0
1224,2021-01,0.0,0.000566214683431,-24.858777035949025,,,,,100.0
1225,2021-01,0.0,0.0007111053792414,-20.7033991167622,,,,,80.0
1226,2021-01,0.0,0.0,-21.086306122810583,,,,,80.0
1232,2021-01,0.0,0.0015319710475978,-12.685918998034596,,,,,100.0
1233,2021-01,0.0,0.0,,,,,,100.0
1234,2021-01,0.0,0.0,,,,,,100.0
1235,2021-01,0.0,0.0,,,,,,100.0
1236,2021-01,0.0,0.0,,,,,,100.0
1241,2021-01,0.0,0.0012998460360146,-13.833311556158318,,,,,70.0
1242,2021-01,0.0,0.0011318994830682,-13.159630740586124,,,,,100.0
1243,2021-01,0.0,0.0009398799268183,-13.762149720550838,,,,,30.0
1244,2021-01,0.0,0.0006217305560117,-16.442651678926175,,,,,100.0
1245,2021-01,0.0,0.0005996110831145,-17.188617358229653,,,,,100.0
1246,2021-01,0.0,0.0,,,,,,100.0
1247,2021-01,0.0,0.0008554424969133,-16.519883465510517,,,,,100.0
1248,2021-01,0.0,0.0,,,,,,100.0
1249,2021-01,0.0,0.0,,,,,,100.0
1250,2021-01,0.0,0.0,,,,,,100.0
1251,2021-01,0.0,0.0015955661435132,-13.450699318975142,,,,,70.0
1252,2021-01,0.0,0.0,,,,,,100.0
1253,2021-01,0.0,0.0018253087876018,-13.066486104329396,,,,,100.0
1256,2021-01,0.0,0.0,,,,,,100.0
1650,2021-01,0.0,0.0,22.57580228502225,,,,,
1654,2021-01,0.0,0.0,28.294944402223017,,,,,
453,2021-02,0.0,0.0004913116096315,-16.325163586749547,,,,,40.0
454,2021-02,0.0,0.0004911138531887,-23.322725311102108,,,,,80.0
455,2021-02,0.0,0.0006875741764661,-24.12626994626164,,,,,80.0
456,2021-02,0.0,0.0006399938903782,-22.62050976838546,,,,,80.0
457,2021-02,0.0,0.0007086401509664,-19.537830264740432,,,,,10.0
458,2021-02,0.0,0.0012173963982751,-21.2998046347933,,,,,80.0
459,2021-02,0.0,0.0,,,,,,10.0
460,2021-02,0.0,0.0003547842363695,-19.83303491243348,,,,,80.0
461,2021-02,0.0,0.0003198464719006,-18.83759359178087,,,,,80.0
462,2021-02,0.0,0.0003518147503838,-17.865678391655514,,,,,10.0
463,2021-02,0.0,0.0003299844136825,-16.72472426932706,,,,,80.0
464,2021-02,0.0,0.0005057486223962,-16.75007959869781,,,,,10.0
465,2021-02,0.0,0.0002476404052733,-15.494935139003902,,,,,10.0
466,2021-02,0.0,0.0002102804196438,-15.177285498114005,,,,,10.0
467,2021-02,0.0,0.000537035905836,-26.72033878542999,,,,,80.0
468,2021-02,0.0,0.0004437499801497,-25.55871834376499,,,,,80.0
469,2021-02,0.0,0.0008016028319079,-22.47847040704209,,,,,10.0
470,2021-02,0.0,0.0005801345875754,-20.88165995734076,,,,,10.0
471,2021-02,0.0,0.0008721294313848,-22.077333178343576,,,,,10.0
472,2021-02,0.0,0.00059395597747,-20.35871167890829,,,,,10.0
473,2021-02,0.0,0.0008337733457665,-23.195081739840276,,,,,80.0
474,2021-02,0.0,0.0007311527867606,-22.95780204137164,,,,,10.0
475,2021-02,0.0,0.0006436016931599,-20.53950638337566,,,,,10.0
476,2021-02,0.0,0.0007437903640576,-21.37575956195977,,,,,10.0
477,2021-02,0.0,0.0008764881097314,-19.34066989188098,,,,,10.0
478,2021-02,0.0,0.0007631398054567,-19.30168322667034,0.2467938596491228,,,,10.0
479,2021-02,0.0,0.0007940078699407,-19.840508601779007,,,,,10.0
480,2021-02,0.0,0.0008167400289983,-19.28221508661904,0.248,,,,10.0
481,2021-02,0.0,0.0005983196296932,-21.233735184947,,,,,10.0
482,2021-02,0.0,0.0008797095279078,-18.561713829746925,,,,,10.0
483,2021-02,0.0,0.0008014318655114,-18.958363952333947,0.319,,,,10.0
484,2021-02,0.0,0.0007893917272667,-21.60314304520481,,,,,10.0
485,2021-02,0.0,0.0007428482163699,-19.17652557204368,,,,,10.0
486,2021-02,0.0,0.0006323767430431,-20.017813728473783,,,,,10.0
487,2021-02,0.0,0.0009203272993545,-21.471232863834903,,,,,10.0
488,2021-02,0.0,0.000592957100842,-19.50952015949092,0.1840727050727051,,,,10.0
489,2021-02,0.0,0.0004523940864461,-20.629520932222,,,,,10.0
490,2021-02,0.0,0.0008643099955606,-18.44399597936307,0.253,,,,10.0
491,2021-02,0.0,0.0003940988904545,-19.451126871973297,0.1728697779862414,,,,10.0
492,2021-02,0.0,0.0006995799452245,-21.167641635168145,,,,,10.0
493,2021-02,0.0,0.0005445827513209,-18.73912129279892,,,,,10.0
494,2021-02,0.0,0.0005871875774621,-18.701335126470063,,,,,80.0
495,2021-02,0.0,0.0006105666170697,-20.932698245275567,,,,,10.0
496,2021-02,0.0,0.0004194408052676,-20.161256591582177,,,,,10.0
497,2021-02,0.0,0.0007027112734639,-17.942853901878212,,,,,10.0
498,2021-02,0.0,0.0003958084742407,-19.92472631515016,,,,,80.0
499,2021-02,0.0,0.0005122362491809,-20.600673898061096,,,,,80.0
500,2021-02,0.0,0.0003578334030357,-18.96522893217561,0.2675,,,,10.0
501,2021-02,0.0,0.0003587892711342,-19.69363323186897,,,,,80.0
502,2021-02,0.0,0.0003612930076997,-19.734154696691583,,,,,10.0
503,2021-02,0.0,0.0003045163239221,-19.307477214853577,,,,,10.0
504,2021-02,0.0,0.0004620153445752,-20.418061407569294,,,,,10.0
505,2021-02,0.0,0.0007759188009812,-20.686976700737336,,,,,10.0
506,2021-02,0.0,0.0014637717167715,-20.49927383150371,,,,,10.0
507,2021-02,0.0,0.0013660678507883,-20.391716337727956,,,,,10.0
508,2021-02,0.0,0.0003548643466678,-19.704621120158755,,,,,10.0
509,2021-02,0.0,0.0003671494434456,-20.1081822516426,,,,,10.0
510,2021-02,0.0,0.0003161527338306,-19.513354932694188,,,,,80.0
511,2021-02,0.0,0.0015162359113674,-20.39431952067782,,,,,10.0
512,2021-02,0.0,0.0003267777274231,-18.61519412540252,,,,,10.0
513,2021-02,0.0,0.0012503989708671,-20.211312055075016,,,,,10.0
514,2021-02,0.0,0.0003162337588946,-19.315849163418704,,,,,10.0
515,2021-02,0.0,0.000658788947779,-20.49307041622341,,,,,10.0
516,2021-02,0.0,0.0003109659988435,-19.177442448804147,,,,,10.0
517,2021-02,0.0,0.0003697526763062,-19.92943498369246,,,,,10.0
518,2021-02,0.0,0.0014049347922385,-20.00655273061218,,,,,10.0
519,2021-02,0.0,0.0002240789244751,-18.867051919301325,,,,,10.0
520,2021-02,0.0,0.0014317874699426,-19.992255278039973,,,,,80.0
521,2021-02,0.0,0.0002177732975234,-19.09872049663376,,,,,40.0
522,2021-02,0.0,0.0003693803542369,-16.21921982992261,,,,,30.0
523,2021-02,0.0,0.0012404379196243,-19.838391620859536,,,,,10.0
524,2021-02,0.0,0.0011895216717349,-19.380932476406983,,,,,10.0
525,2021-02,0.0,0.0002962021162602,-18.43851252510432,0.2714,,,,10.0
526,2021-02,0.0,0.0011363336006979,-18.87895377477008,,,,,80.0
527,2021-02,0.0,0.0003250103255292,-17.500757082681783,,,,,10.0
528,2021-02,0.0,0.0003850348200732,-17.440134725116522,,,,,10.0
529,2021-02,0.0,0.0010455221990923,-18.30418280192781,,,,,80.0
530,2021-02,0.0,0.0002822659100274,-18.63470574081257,,,,,40.0
531,2021-02,0.0,0.0002425441536817,-17.99270393997802,,,,,40.0
532,2021-02,0.0,0.0004452970932106,-17.834680487112994,,,,,80.0
533,2021-02,0.0,0.0004142426455641,-17.796918856647387,,,,,10.0
534,2021-02,0.0,0.0003266158733631,-17.5667665349653,,,,,40.0
535,2021-02,0.0,0.0005269625396614,-13.647280978692857,,,,,30.0
536,2021-02,0.0,0.0007612442934539,-17.344147248288746,,,,,10.0
537,2021-02,0.0,0.0005819765380114,-18.07954610642931,,,,,80.0
538,2021-02,0.0,0.00033349396017,-17.093020989655162,,,,,30.0
539,2021-02,0.0,0.0008836240629534,-17.00185089565457,,,,,10.0
540,2021-02,0.0,0.0,,,,,,30.0
541,2021-02,0.0,0.0003878304652261,-17.18746025057988,,,,,40.0
542,2021-02,0.0,0.0007279032031874,-16.57996390660601,,,,,10.0
543,2021-02,0.0,0.0004052244248669,-15.945758787790908,,,,,10.0
544,2021-02,0.0,0.0005769034114193,-13.277731436774822,,,,,10.0
545,2021-02,0.0,0.000253260209926,-15.229459395693643,,,,,10.0
546,2021-02,0.0,0.0006455879966597,-13.432410326458127,,,,,10.0
547,2021-02,0.0,0.0003436892709367,-14.403305881742416,,,,,80.0
548,2021-02,0.0,0.0004481700370888,-24.81851763498213,,,,,80.0
549,2021-02,0.0,0.0004465985854646,-25.48459720157439,,,,,80.0
550,2021-02,0.0,0.0004586585919241,-25.4078905423482,,,,,80.0
551,2021-02,0.0,0.0003823674405794,-24.400403078775536,,,,,30.0
552,2021-02,0.0,0.0005426229099612,-25.810384700411817,,,,,80.0
553,2021-02,0.0,0.000839945779262,-22.636111164092995,,,,,10.0
554,2021-02,0.0,0.0007654884020666,-23.307413596198643,,,,,80.0
555,2021-02,0.0,0.0006111734668593,-19.450951571691583,,,,,10.0
556,2021-02,0.0,0.0007333535157678,-23.2157507078988,,,,,20.0
557,2021-02,0.0,0.0007466309825758,-23.086323551904563,,,,,10.0
558,2021-02,0.0,0.0008174427906851,-22.041096864427814,,,,,10.0
559,2021-02,0.0,0.0007211602414827,-23.08138297398884,,,,,10.0
560,2021-02,0.0,0.0008651510934214,-19.872702805958077,,,,,10.0
561,2021-02,0.0,0.000922261656342,-20.520931042565213,,,,,10.0
562,2021-02,0.0,0.0,,,,,,30.0
563,2021-02,0.0,0.0008674017896434,-19.02666858945572,,,,,10.0
564,2021-02,0.0,0.0012644537846426,-22.556208878471708,,,,,80.0
565,2021-02,0.0,0.0007456065277438,-22.50696513312201,,,,,80.0
566,2021-02,0.0,0.0006563460886657,-21.99931394032068,,,,,10.0
567,2021-02,0.0,0.0007624336640219,-22.401823357173345,,,,,80.0
568,2021-02,0.0,0.0009132483164648,-19.49644335035292,,,,,10.0
569,2021-02,0.0,0.0008464542339424,-18.53517169828536,,,,,10.0
570,2021-02,0.0,0.0011771311174015,-21.60111283044964,,,,,80.0
571,2021-02,0.0,0.0013753631274084,-21.5431579427654,,,,,10.0
572,2021-02,0.0,0.0006843971425321,-18.302167271594588,0.326,,,,10.0
573,2021-02,0.0,0.0014608287374358,-21.042544269561745,,,,,80.0
574,2021-02,0.0,0.0015123668869515,,,,,,10.0
575,2021-02,0.0,0.000493474223731,-19.294622371310265,,,,,10.0
576,2021-02,0.0,0.0015359883318524,-20.83056917190549,,,,,10.0
577,2021-02,0.0,0.0011289842238208,-20.712122022537944,,,,,10.0
578,2021-02,0.0,0.0005182981612961,-18.15414450963336,,,,,10.0
579,2021-02,0.0,0.0010448876579782,-21.03595392590475,,,,,10.0
580,2021-02,0.0,0.0004694172303061,-17.979638579535084,,,,,10.0
581,2021-02,0.0,0.0007902032196701,-21.117776639120898,,,,,10.0
582,2021-02,0.0,0.0003938092705928,-20.425620673951624,,,,,10.0
583,2021-02,0.0,0.0003079395552655,-19.38775155657812,,,,,10.0
584,2021-02,0.0,0.0003024636889676,-19.37849920817781,,,,,10.0
585,2021-02,0.0,0.0012794899876098,-20.445948453500943,,,,,20.0
586,2021-02,0.0,0.0004451705575168,-17.245462912604907,,,,,10.0
587,2021-02,0.0,0.0,-19.70255713538515,,,,,80.0
588,2021-02,0.0,0.0003488117019514,-18.561566893259663,0.13,,,,10.0
589,2021-02,0.0,0.0002984441007356,-18.592651953015995,0.2691185185185185,,,,10.0
590,2021-02,0.0,0.0007616528431753,-19.73114373278453,,,,,20.0
591,2021-02,0.0,0.0003596709231715,-17.58571743889459,,,,,10.0
592,2021-02,0.0,0.0005920819927009,-15.31795523961382,,,,,10.0
593,2021-02,0.0,0.0002951213280539,-18.66889227458406,,,,,20.0
594,2021-02,0.0,0.0002606463740448,-18.241556662604907,,,,,10.0
595,2021-02,0.0,0.0002542869309763,-17.96983603587764,,,,,10.0
596,2021-02,0.0,0.0002134647031804,-18.412711593082957,,,,,40.0
597,2021-02,0.0,0.0001960669766049,-18.51121341779632,,,,,40.0
598,2021-02,0.0,0.0005104282061438,-15.24449070975892,,,,,80.0
599,2021-02,0.0,0.0011376771887322,-19.235840429578488,,,,,10.0
600,2021-02,0.0,0.0005316804905911,-18.11992425313069,,,,,10.0
601,2021-02,0.0,0.0005124936933498,-18.16823309489658,,,,,10.0
602,2021-02,0.0,0.001039499956884,-19.41955451234772,,,,,10.0
603,2021-02,0.0,0.0001591815735082,-18.38983372733704,,,,,40.0
604,2021-02,0.0,0.0001995683769564,-18.645667525700134,,,,,40.0
605,2021-02,0.0,0.0009236468434513,-18.82780127601016,,,,,10.0
606,2021-02,0.0,0.0002058995078186,-18.551039459087203,,,,,40.0
607,2021-02,0.0,0.0004727876867036,-15.142876378316714,,,,,80.0
608,2021-02,0.0,0.0005178546965301,-17.97504374640326,,,,,80.0
609,2021-02,0.0,0.0003290423313956,-15.71187032517929,,,,,80.0
610,2021-02,0.0,0.000492469326673,-14.783025691622754,,,,,40.0
611,2021-02,0.0,0.0002936509221068,-15.697418204220837,,,,,30.0
612,2021-02,0.0,0.0010588410432319,-17.197059853871643,,,,,10.0
613,2021-02,0.0,0.0003359661559443,-18.213067776816207,,,,,40.0
614,2021-02,0.0,0.000699127943335,-17.784836401258172,,,,,10.0
615,2021-02,0.0,0.0006002287295309,-17.696606813158283,,,,,10.0
616,2021-02,0.0,0.0011041463474612,-16.928376556578126,,,,,10.0
617,2021-02,0.0,0.0004868409452163,-17.19266895566665,,,,,10.0
618,2021-02,0.0,0.0004257096409977,-16.839528987521206,,,,,30.0
619,2021-02,0.0,0.0011336197267155,-16.4789117283291,,,,,10.0
620,2021-02,0.0,0.0005290280838986,-12.19989774643426,,,,,30.0
621,2021-02,0.0,0.0004251148363133,-16.118009154001854,,,,,10.0
622,2021-02,0.0,0.0003655184182207,-15.925655405861963,,,,,40.0
623,2021-02,0.0,0.0009820264886002,-14.997168990543884,,,,,10.0
624,2021-02,0.0,0.0002806167240123,-16.244156178973945,,,,,10.0
625,2021-02,0.0,0.0005440174102962,-13.777978665488064,,,,,10.0
626,2021-02,0.0,0.0006537540507801,-13.076761740729896,,,,,10.0
627,2021-02,0.0,0.0002556991885285,-14.902272401537177,,,,,10.0
628,2021-02,0.0,0.0003062234382014,-13.906959029606412,,,,,10.0
629,2021-02,0.0,0.0002344202613568,-11.454281737009662,,,,,40.0
630,2021-02,0.0,0.00063971515101,,,,,,80.0
631,2021-02,0.0,0.0011630625585894,-20.804562382470976,,,,,10.0
632,2021-02,0.0,0.0,,,,,,10.0
633,2021-02,0.0,0.0019991566028726,-8.995283663216036,,,,,80.0
634,2021-02,0.0,0.0017793297135726,-6.0684932142925785,,,,,80.0
635,2021-02,0.0,0.0024505757190776,-4.150761199282966,,,,,80.0
636,2021-02,0.0,0.0020066229923311,-5.688115537290018,,,,,80.0
637,2021-02,0.0,0.0023101217587235,-4.66600346741563,,,,,80.0
638,2021-02,0.0,0.0006376571083761,-20.03699824469428,,,,,80.0
639,2021-02,0.0,0.0010373319196253,-18.488865729490687,,,,,80.0
640,2021-02,0.0,0.0,,,,,,80.0
641,2021-02,0.0,0.0,,,,,,80.0
642,2021-02,0.0,0.00084561129292,-18.350628464398667,,,,,80.0
643,2021-02,0.0,0.0,,,,,,80.0
644,2021-02,0.0,0.0,-18.696068032582588,,,,,80.0
645,2021-02,0.0,0.0008283478861942,-17.411483040533927,,,,,80.0
646,2021-02,0.0,0.0,,,,,,10.0
647,2021-02,0.0,0.0,,,,,,80.0
648,2021-02,0.0,0.0,,,,,,10.0
649,2021-02,0.0,0.0019123676082283,-15.597428567200144,,,,,80.0
650,2021-02,0.0,0.0,,,,,,10.0
651,2021-02,0.0,0.0007040603257241,-14.467540495288496,,,,,80.0
652,2021-02,0.0,0.0006234319071154,,,,,,10.0
653,2021-02,0.0,0.0,,,,,,10.0
654,2021-02,0.0,0.0008389519798722,-15.445470184546814,,,,,10.0
655,2021-02,0.0,0.0,,,,,,10.0
656,2021-02,0.0,0.0013415526207386,-14.00783579110706,,,,,10.0
657,2021-02,0.0,0.0011464460655641,-12.09084503789425,,,,,10.0
658,2021-02,0.0,0.0009994816072238,-12.85117487097684,,,,,10.0
659,2021-02,0.0,0.0061724036122541,-2.794154963555255,,,,,10.0
660,2021-02,0.0,0.0024760015402161,-6.962570249466646,,,,,10.0
661,2021-02,0.0,0.002040869351246,-5.308821261044104,,,,,40.0
662,2021-02,0.0,0.0009835747606403,-21.01901376360936,,,,,80.0
663,2021-02,0.0,0.0009401843220697,-20.85944041549842,,,,,80.0
664,2021-02,0.0,0.000557611435221,-20.61385278903616,,,,,80.0
665,2021-02,0.0,0.0017008161294143,-17.328732304345966,,,,,10.0
666,2021-02,0.0,0.0006893014553699,-20.553862563226016,,,,,80.0
667,2021-02,0.0,0.0006304090565338,-19.39051041830152,,,,,80.0
668,2021-02,0.0,0.0017408126155714,-17.93693268899202,,,,,10.0
669,2021-02,0.0,0.0007094077199445,-19.79853356225148,,,,,80.0
670,2021-02,0.0,0.0008926131884436,-19.268729763290487,,,,,80.0
671,2021-02,0.0,0.0,,,,,,80.0
672,2021-02,0.0,0.0008979001204352,,,,,,80.0
673,2021-02,0.0,0.0,,,,,,80.0
674,2021-02,0.0,0.0008507577278327,-18.16524583760633,,,,,80.0
675,2021-02,0.0,0.0008134229205392,-17.107448442009865,,,,,10.0
676,2021-02,0.0,0.0017630366184425,-16.176097910744783,,,,,80.0
677,2021-02,0.0,0.0019148522178511,-16.027381392887662,,,,,10.0
678,2021-02,0.0,0.0007496199071586,-18.427917603909687,,,,,80.0
679,2021-02,0.0,0.0014620183945645,-16.40068080488334,,,,,10.0
680,2021-02,0.0,0.0020652562417043,-15.646262255169072,,,,,10.0
681,2021-02,0.0,0.0018013202707152,-16.132861389531335,,,,,10.0
682,2021-02,0.0,0.0007127314490705,-16.251710296812494,,,,,10.0
683,2021-02,0.0,0.0006945804814677,-16.3962151594329,,,,,10.0
684,2021-02,0.0,0.0007696840102653,-14.254212641337537,,,,,10.0
685,2021-02,0.0,0.0006731770042239,-15.526655576549029,,,,,10.0
686,2021-02,0.0,0.001311454203795,-14.552063918292946,,,,,10.0
687,2021-02,0.0,0.0007139694998841,-14.593580906830448,,,,,10.0
688,2021-02,0.0,0.0,,,,,,10.0
689,2021-02,0.0,0.0005641657980959,-15.803420153118298,,,,,10.0
690,2021-02,0.0,0.0005171059131801,-14.651699591439842,,,,,10.0
691,2021-02,0.0,0.0006781865883528,-14.29826192421447,,,,,10.0
692,2021-02,0.0,0.0010947611071969,-12.80039194745968,,,,,10.0
693,2021-02,0.0,0.0006473717401604,-14.117945180817893,,,,,10.0
694,2021-02,0.0,0.0011446270092183,-12.890253311008577,,,,,10.0
695,2021-02,0.0,0.0050067144360986,-5.961650349493715,,,,,10.0
696,2021-02,0.0,0.0049435901163532,-4.961208202725343,,,,,10.0
697,2021-02,0.0,0.0008097041209718,-15.297134908757393,,,,,10.0
698,2021-02,0.0,0.0007109336987317,-13.08743980498539,,,,,10.0
699,2021-02,0.0,0.0006973688080376,-13.116412794022317,,,,,10.0
700,2021-02,0.0,0.0,-5.840767855871263,,,,,30.0
701,2021-02,0.0,0.0047104297327678,-5.552328059786824,,,,,80.0
702,2021-02,0.0,0.0011367233074553,-11.959657364799842,,,,,10.0
703,2021-02,0.0,0.0009464818795701,-12.13991542461112,,,,,10.0
704,2021-02,0.0,0.00135868779671,-11.51511253381702,,,,,10.0
705,2021-02,0.0,0.0,,,,,,10.0
706,2021-02,0.0,0.0008413317833209,-12.227471410819838,,,,,10.0
707,2021-02,0.0,0.0010674404525575,-11.89215251428108,,,,,10.0
708,2021-02,0.0,0.0026937373473388,-8.620588540048042,,,,,10.0
709,2021-02,0.0,0.0016093886579255,-10.23715297608146,,,,,10.0
710,2021-02,0.0,0.0020656584883909,-6.964211459386888,,,,,10.0
711,2021-02,0.0,0.0025439312017246,-7.376567200826815,,,,,10.0
712,2021-02,0.0,0.0019154637536638,-7.380690213786792,,,,,10.0
713,2021-02,0.0,0.0009901922195017,-10.68535870560402,,,,,40.0
714,2021-02,0.0,0.0053592668036799,-2.595407980964268,,,,,10.0
715,2021-02,0.0,0.002364293125538,-6.029943779536623,,,,,10.0
716,2021-02,0.0,0.0029246220620085,-5.122931639353411,,,,,10.0
717,2021-02,0.0,0.002701255411921,-4.923738715113408,,,,,10.0
718,2021-02,0.0,0.0025824842361161,-4.740452675831322,,,,,10.0
719,2021-02,0.0,0.0010625616769175,-20.96471136638094,,,,,80.0
720,2021-02,0.0,0.0010871292213778,-18.72828994478496,,,,,30.0
721,2021-02,0.0,0.0005327248136381,-20.761910433996263,,,,,80.0
722,2021-02,0.0,0.000543282286344,-20.822695636749245,,,,,80.0
723,2021-02,0.0,0.0025515847961287,-12.568638252076616,,,,,10.0
724,2021-02,0.0,0.0018404954234938,-15.44359756197244,,,,,80.0
725,2021-02,0.0,0.0008331645091554,,,,,,80.0
726,2021-02,0.0,0.0008477192183515,-19.39277077780828,,,,,80.0
727,2021-02,0.0,0.0017051682929377,-16.716843237195675,,,,,10.0
728,2021-02,0.0,0.0008304617223464,-18.759697390575774,,,,,10.0
729,2021-02,0.0,0.0046920803497414,-6.308563091641361,,,,,10.0
730,2021-02,0.0,0.0006429159204344,-15.8908277284531,,,,,10.0
731,2021-02,0.0,0.0033966721157412,-9.3480717295692,,,,,10.0
732,2021-02,0.0,0.001024973497806,-13.94588202067782,,,,,10.0
733,2021-02,0.0,0.0006411707235284,-15.76942349253472,,,,,10.0
734,2021-02,0.0,0.0048674726049284,-6.09541234061831,,,,,10.0
735,2021-02,0.0,0.0004828406930149,-15.020247061290414,,,,,10.0
736,2021-02,0.0,0.0006728963116984,-13.767755034613211,,,,,10.0
737,2021-02,0.0,0.0010534285068691,-14.182266336774054,,,,,10.0
738,2021-02,0.0,0.0050264046649317,-6.563568701062877,,,,,10.0
739,2021-02,0.0,0.0006610320071558,-13.708899366287936,,,,,10.0
740,2021-02,0.0,0.0049569438954373,-5.650963052113831,,,,,10.0
741,2021-02,0.0,0.0046433172310571,-5.736093289511516,,,,,10.0
742,2021-02,0.0,0.0007904991732882,-12.58116179420831,,,,,10.0
743,2021-02,0.0,0.0043621357341786,-5.059371807461673,,,,,80.0
744,2021-02,0.0,0.0048310069799602,-5.913318311600437,,,,,30.0
745,2021-02,0.0,0.0008667365769724,-12.621048559461316,,,,,10.0
746,2021-02,0.0,0.001460637816308,-11.723068823133175,,,,,10.0
747,2021-02,0.0,0.0017942243377547,-11.612750061839597,,,,,10.0
748,2021-02,0.0,0.0057641406665425,-3.600119023095965,,,,,10.0
749,2021-02,0.0,0.0023134992579798,-6.139247208549847,,,,,10.0
750,2021-02,0.0,0.0,-7.264343120938236,,,,,10.0
751,2021-02,0.0,0.0016694873693268,-7.765011601220967,,,,,10.0
752,2021-02,0.0,0.0017376877592849,-7.645890264387234,,,,,10.0
753,2021-02,0.0,0.0019438651512245,-6.5887268919162425,,,,,10.0
754,2021-02,0.0,0.0012818111539066,-8.224466818854893,,,,,10.0
755,2021-02,0.0,0.0,,,,,,100.0
756,2021-02,0.0,0.0007141837040762,,,,,,30.0
757,2021-02,0.0,0.0008010872761587,,,,,,80.0
758,2021-02,0.0,0.0,-19.30866917655578,,,,,10.0
759,2021-02,0.0,0.0,,,,,,80.0
760,2021-02,0.0,0.0,,,,,,80.0
761,2021-02,0.0,0.0010040746192316,,,,,,10.0
762,2021-02,0.0,0.0011291810433249,-12.458036736079578,,,,,10.0
763,2021-02,0.0,0.0,,,,,,10.0
764,2021-02,0.0,0.0,,,,,,10.0
765,2021-02,0.0,0.0,-2.729070613497754,,,,,10.0
766,2021-02,0.0,0.0,,,,,,80.0
767,2021-02,0.0,0.0059011301458061,-3.4337457127041,,,,,10.0
768,2021-02,0.0,0.0,,,,,,10.0
769,2021-02,0.0,0.0057272249023299,,,,,,10.0
770,2021-02,0.0,0.0059536294202189,,,,,,10.0
771,2021-02,0.0,0.0,,,,,,10.0
772,2021-02,0.0,0.0,,,,,,10.0
773,2021-02,2604641.6742271613,0.0017314893028854,20.784657755352228,,,,,30.0
774,2021-02,0.0,0.0025278915773014,-6.01362341472079,,,,,10.0
775,2021-02,0.0,0.0064108357886652,7.913639754340778,,,,,10.0
776,2021-02,0.0,0.0061663717020305,9.634701824188262,,,,,10.0
777,2021-02,0.0,0.0064663672010283,10.08458251498996,,,,,80.0
778,2021-02,0.0,0.0036833257536272,17.48746962320238,,,,,10.0
779,2021-02,0.0,0.0030102812806944,18.269015789032014,,,,,10.0
780,2021-02,3691818.831691447,0.0023096834963455,19.50803186909684,,,,,30.0
781,2021-02,0.0,0.003079293214796,-8.844908281572796,,,,,10.0
782,2021-02,0.0,0.0028299710214317,-6.993467644282731,,,,,10.0
783,2021-02,0.0,0.0027347960631232,-5.896859164465013,,,,,10.0
784,2021-02,0.0,0.0025227953801731,-6.916556081317708,,,,,10.0
785,2021-02,0.0,0.0025992625514845,,,,,,10.0
786,2021-02,0.0,0.0028729881281833,-6.502356714603681,,,,,10.0
787,2021-02,0.0,0.0030788787762503,-3.898320520491802,,,,,10.0
788,2021-02,0.0,0.0,,,,,,10.0
789,2021-02,0.0,0.0054838162968735,7.109250164032005,,,,,80.0
790,2021-02,0.0,0.0032983148725439,18.028210839122348,,,,,10.0
791,2021-02,0.0,0.0024677225510458,18.820852269066734,,,,,10.0
792,2021-02,2319274.620830531,0.0020058033178429,20.140834040868874,,,,,10.0
793,2021-02,0.0,0.0,,,,,,10.0
794,2021-02,43074.26851438201,0.0008954418756265,-10.476586232470314,0.1337845528455284,,,,30.0
795,2021-02,0.0,0.0004158781490444,-9.17398517887002,,,,,30.0
796,2021-02,0.0,0.0003706456283907,-14.113266395387177,,,,,30.0
797,2021-02,0.0,0.0010104004030356,-10.977420338470392,,,,,30.0
798,2021-02,0.0,0.0002299804051896,-14.575883351179629,,,,,10.0
799,2021-02,0.0,0.0002195582846979,-14.291625060732388,,,,,10.0
800,2021-02,0.0,0.0017664858654059,-11.954131325716675,,,,,30.0
801,2021-02,0.0,0.0004637942150414,-13.311946598364358,,,,,80.0
802,2021-02,0.0,0.0040051324324761,-11.017614668155094,,,,,10.0
803,2021-02,0.0,0.0043496166334499,2.605455606312886,,,,,10.0
804,2021-02,0.0,0.0,,,,,,10.0
805,2021-02,0.0,0.0010613260569459,-0.8259288046094879,,,,,30.0
806,2021-02,202746.7286834552,0.0017475202302919,1.2579136159929267,,,,,10.0
807,2021-02,3908097.993199272,0.0010535238122126,-0.129092631573581,,,,,30.0
808,2021-02,0.0,0.0043712012845637,4.978916563306564,,,,,10.0
809,2021-02,0.0,0.0042138291334291,10.30252604505203,,,,,10.0
810,2021-02,0.0,0.0036001230504957,10.50269390149642,,,,,40.0
811,2021-02,3858066.195789378,0.0035416256579915,9.442230253603888,,,,,10.0
812,2021-02,0.0,0.0035336696664671,10.88577672110666,,,,,80.0
813,2021-02,1243405.959009692,0.003582138558858,12.12357464570268,,,,,90.0
814,2021-02,0.0,0.0,12.69471972783407,,,,,80.0
815,2021-02,0.0,0.0002270833711008,-14.889873545510396,,,,,10.0
816,2021-02,0.0,0.0002275676588396,,,,,,10.0
817,2021-02,0.0,0.0003120707714946,-11.089369214274871,,,,,40.0
818,2021-02,0.0,0.0016628698567728,-12.4951664561317,,,,,10.0
819,2021-02,0.0,0.0002381077468574,-11.846792897723958,,,,,80.0
820,2021-02,0.0,0.0026831305940504,-10.736110183170837,,,,,10.0
821,2021-02,0.0,0.0004031666676382,-11.024838261377226,,,,,40.0
822,2021-02,0.0,0.0004824569881141,-10.05334603899999,,,,,80.0
823,2021-02,0.0,0.0005387905175666,-8.505280126844113,,,,,40.0
824,2021-02,0.0,0.0008624763349871,-12.502429639725449,,,,,40.0
825,2021-02,0.0,0.0010292072902302,-10.689761793045747,,,,,40.0
826,2021-02,0.0,0.0010393309528808,-9.550914223988832,,,,,40.0
827,2021-02,0.0,0.002827682451425,-5.214987685404651,,,,,10.0
828,2021-02,0.0,0.0023901739279608,-4.119270111265621,,,,,10.0
829,2021-02,0.0,0.0022373555660427,-6.080332297370518,,,,,40.0
830,2021-02,0.0,0.0035209485451559,3.3818462508065465,,,,,10.0
831,2021-02,0.0,0.0048879091092363,3.9794089359241807,,,,,10.0
832,2021-02,0.0,0.0036088646511416,4.138867715805323,,,,,80.0
833,2021-02,0.0,0.003891966224728,7.244122358352442,,,,,10.0
834,2021-02,0.0,0.0,,,,,,80.0
835,2021-02,0.0,0.0,,,,,,80.0
836,2021-02,53970.31701055887,0.0036660345526148,11.470084001147589,,,,,10.0
837,2021-02,0.0,0.0034611410583238,11.225095471881696,,,,,10.0
838,2021-02,0.0,0.0008992952416519,-10.224064761873253,,,,,30.0
839,2021-02,0.0,0.0021323863538782,-5.642786521003337,,,,,40.0
840,2021-02,0.0,0.0023586559852143,-4.909832768213157,,,,,40.0
841,2021-02,0.0,0.0023585715453009,,,,,,10.0
842,2021-02,0.0,0.0,,,,,,80.0
843,2021-02,0.0,0.0,,,,,,90.0
844,2021-02,0.0,0.0036189154843668,12.357174968719503,,,,,90.0
845,2021-02,0.0,0.0,26.04410872117014,,,,,
846,2021-02,0.0,0.0,25.27259818188273,,,,,
847,2021-02,0.0,0.0024622830063284,5.8304321009259645,,,,,30.0
848,2021-02,2169620.583191057,0.0033171228585764,7.489669526350167,,,,,10.0
849,2021-02,8010222.7160082515,0.0032457934910718,7.587009404519673,,,,,10.0
850,2021-02,0.0,0.0039085537006637,8.92743050257368,,,,,10.0
851,2021-02,0.0,0.0007366525264192,6.885412593114975,,,,,10.0
852,2021-02,0.0,0.0002591214685209,8.956006102735612,,,,,40.0
853,2021-02,3967248.582278608,0.0009502572375824,13.287441628989784,,,,,20.0
854,2021-02,0.0,0.0004786972856592,16.228098022289615,,,,,10.0
855,2021-02,0.0,0.0,17.89614716642853,,,,,
856,2021-02,0.0,0.0,19.784870042245878,,,,,
857,2021-02,0.0,0.0,22.29012542754887,,,,,
858,2021-02,0.0,0.0,20.08868058056917,,,,,
859,2021-02,0.0,0.0,24.466484670790443,,,,,
861,2021-02,0.0,0.0021377999146958,3.76803412909039,,,,,30.0
862,2021-02,0.0,0.0023556685281701,4.523083378524411,,,,,30.0
863,2021-02,0.0,0.0027673503106728,4.686109047844319,,,,,50.0
864,2021-02,0.0,0.003271862021558,5.553110027313255,,,,,10.0
865,2021-02,0.0,0.0032913805107455,9.07139892123996,,,,,10.0
866,2021-02,0.0,0.0024184025014619,8.407014948656792,,,,,30.0
867,2021-02,870777.3732867785,0.0012144674446851,11.020689244665048,,,,,10.0
868,2021-02,0.0,0.0005088656770441,13.458398916964384,,,,,20.0
869,2021-02,0.0,0.0005933607429445,20.285288342975456,,,,,30.0
870,2021-02,0.0,0.0004937340627293,19.803004814329626,,,,,30.0
871,2021-02,0.0,0.0004834975858708,19.828819778987334,,,,,30.0
872,2021-02,0.0,0.0006617441471958,19.81516668403544,,,,,30.0
873,2021-02,0.0,0.0009031192521433,24.43002769379393,,,,,80.0
874,2021-02,0.0,0.0,24.75659847713655,,,,,
875,2021-02,0.0,0.0,20.434954102834087,,,,,
876,2021-02,0.0,0.0,20.292918754759317,,,,,
877,2021-02,0.0,0.0,24.44126397541595,,,,,
878,2021-02,0.0,0.0,,,,,,
879,2021-02,0.0,0.0,19.93135593505136,,,,,
880,2021-02,0.0,0.0,25.105484668576,,,,,
881,2021-02,0.0,0.0,21.64250211715701,,,,,
882,2021-02,0.0,0.0003979926533348,24.553690204785525,,,,,30.0
883,2021-02,0.0,0.0002644831019065,22.49526216567511,,,,,10.0
884,2021-02,0.0,0.0006807380477766,23.835249274356645,,,,,10.0
885,2021-02,57616.20750576933,0.0006166746444351,24.35183161822234,,,,,10.0
886,2021-02,0.0,0.0004111762609147,23.455393250783303,,,,,30.0
887,2021-02,0.0,0.0018738478584852,-2.0801579698073134,,,,,30.0
888,2021-02,0.0,4.764254905846125e-06,18.583867854668373,,,,,80.0
889,2021-02,0.0,0.002161868089636,-0.7789955161383333,,,,,30.0
890,2021-02,0.0,0.0018717230419497,0.3146675669957972,,,,,30.0
891,2021-02,0.0,0.0016093026658078,-1.4322069485981956,,,,,60.0
892,2021-02,0.0,0.0017074327106456,-2.5382254931600543,,,,,30.0
893,2021-02,0.0,0.0029251592122818,-1.4675443432460338,,,,,10.0
894,2021-02,0.0,0.0029766519894966,-5.942933648946308,,,,,30.0
895,2021-02,0.0,0.0026254531304221,-2.5163172368649813,,,,,30.0
896,2021-02,0.0,0.0009025718433642,-1.7129823050231994,,,,,30.0
897,2021-02,0.0,0.0020124119828324,-2.061368093036443,,,,,10.0
898,2021-02,0.0,0.0024121236210076,-5.14416297795819,,,,,30.0
899,2021-02,0.0,0.0040132352272848,-1.1960928693993962,,,,,10.0
900,2021-02,0.0,0.0007441392887276,1.8540184984762464,,,,,30.0
901,2021-02,0.0,0.0024668984340476,-0.3668304903977294,,,,,10.0
902,2021-02,0.0,0.0005655826551798,1.4976862706779033,,,,,60.0
903,2021-02,0.0,0.001597797550208,8.357082326071634,,,,,10.0
904,2021-02,0.0,0.0003599468109607,0.108316053112541,,,,,60.0
905,2021-02,0.0,0.000668044209782,-3.7731813401168632,,,,,20.0
906,2021-02,0.0,0.000446285075342,3.769763599720836,,,,,30.0
907,2021-02,0.0,6.531353240764777e-05,14.44770421376306,,,,,60.0
908,2021-02,6366704.689103241,1.4973537145124282e-05,16.720054549262663,,,,,10.0
909,2021-02,0.0,2.688648959626923e-05,22.174899990105764,,,,,10.0
910,2021-02,0.0,0.0,16.491102958860882,,,,,
911,2021-02,0.0,0.0063911647657732,,,,,,80.0
912,2021-02,0.0,0.0018435799638609,-0.1318394958198558,,,,,30.0
913,2021-02,0.0,0.0038635732768417,0.9322593311839198,,,,,10.0
914,2021-02,0.0,0.0008295339654068,10.15181831026836,,,,,10.0
915,2021-02,0.0,0.0002711926708798,5.567224552517871,,,,,60.0
916,2021-02,0.0,3.876121135018084e-05,11.853069918496288,,,,,60.0
917,2021-02,0.0,0.0001495851410337,18.696934548332603,,,,,20.0
918,2021-02,0.0,7.77292352722725e-06,16.629340367568194,,,,,60.0
919,2021-02,0.0,0.0004786925871564,14.310010103219293,,,,,10.0
920,2021-02,0.0,0.0,,,,,,10.0
921,2021-02,0.0,1.6370707271562424e-05,20.833743281591524,,,,,80.0
922,2021-02,0.0,1.8929671265747554e-05,20.65989306767783,,,,,10.0
923,2021-02,0.0,1.1916563926206436e-05,15.679285826001871,,,,,20.0
924,2021-02,0.0,4.965822499798378e-05,14.868526861907345,,,,,10.0
925,2021-02,0.0,0.0,23.675888928912958,,,,,
926,2021-02,0.0,0.0,24.792219030289427,,,,,
927,2021-02,0.0,0.0,24.78260453996208,,,,,
928,2021-02,0.0,0.0017733443753766,-11.51228885196502,,,,,10.0
929,2021-02,0.0,0.0014670431790578,-11.924912629808674,,,,,10.0
930,2021-02,0.0,0.001383318914682,-11.528394796427898,,,,,10.0
931,2021-02,0.0,0.0022284314261721,-10.532076224606866,,,,,10.0
932,2021-02,0.0,0.0038071794894115,-10.531465816222546,,,,,10.0
933,2021-02,0.0,0.0041987612177343,-11.145190669750322,,,,,10.0
934,2021-02,0.0,0.0034974171186878,-13.785929914476965,,,,,10.0
935,2021-02,0.0,0.0031468356708865,-12.82003664868608,,,,,10.0
936,2021-02,0.0,0.0029485813929568,-9.932428921043078,,,,,10.0
937,2021-02,0.0,0.0023705869843605,-6.735908069285224,,,,,10.0
938,2021-02,0.0,0.0028561395336016,-9.510060853832172,,,,,10.0
939,2021-02,0.0,0.0040364606508009,-9.86797536170644,,,,,10.0
940,2021-02,0.0,0.0032980020857927,-5.75667533085756,,,,,10.0
941,2021-02,0.0,0.0009724729816298,-1.4186461317475885,,,,,30.0
942,2021-02,0.0,0.0073024129526768,-6.032357776480353,,,,,10.0
943,2021-02,0.0,0.0028388313512186,-6.6116249691356055,,,,,10.0
944,2021-02,0.0,0.0015858576608818,-3.1789282665199017,,,,,30.0
945,2021-02,0.0,0.0013702842020806,-12.11378804010056,,,,,10.0
946,2021-02,0.0,0.0013577437460601,-11.661677628471708,,,,,10.0
947,2021-02,0.0,0.0073759919916317,-10.843697543371272,,,,,10.0
948,2021-02,0.0,0.0015688258345107,-10.6941236268906,,,,,10.0
949,2021-02,0.0,0.002562996850429,-9.72365934254406,,,,,10.0
950,2021-02,0.0,0.0059122142503838,0.2507470948355674,,,,,10.0
951,2021-02,0.0,0.0028240362687617,-7.611752142224972,,,,,10.0
952,2021-02,0.0,0.0040247901284425,-11.54394164587908,,,,,10.0
953,2021-02,0.0,0.0009456215750659,0.1174696326652047,,,,,40.0
954,2021-02,0.0,0.0051762636562367,-6.112749646634443,,,,,10.0
955,2021-02,0.0,0.0002392582448034,-29.93342168763796,,,,,30.0
956,2021-02,0.0,0.0036701964175743,-7.820499733516123,,,,,80.0
957,2021-02,0.0,0.0035969483787994,-3.604018833045646,,,,,30.0
958,2021-02,0.0,0.0001970136970461,-32.43237318736249,,,,,80.0
959,2021-02,0.0,0.0003241184023344,-27.19708056222823,,,,,30.0
960,2021-02,0.0,0.0012983049479518,-17.847583206116187,,,,,10.0
961,2021-02,0.0,0.0007684875176735,-21.77815997173454,,,,,30.0
962,2021-02,0.0,0.0011275685602889,-21.31715430888997,,,,,10.0
963,2021-02,0.0,0.0008728156712499,-22.08192260227504,,,,,10.0
964,2021-02,0.0,0.0014095125782331,-21.452012911452258,,,,,10.0
965,2021-02,0.0,0.0022226335735727,-18.699863716912624,,,,,10.0
966,2021-02,0.0,0.00229306570203,-8.286453172345153,,,,,10.0
967,2021-02,0.0,0.0025583837328372,-12.000412741622217,,,,,10.0
968,2021-02,0.0,0.0025736290654672,-17.62175414221625,,,,,10.0
969,2021-02,0.0,0.0038999464174291,-6.513482815878717,,,,,30.0
970,2021-02,0.0,0.0049293846372025,-6.626611408787229,,,,,30.0
971,2021-02,0.0,0.0031080675433258,-2.7860815796338083,,,,,30.0
972,2021-02,0.0,0.0036922869394402,-2.8378052287631306,,,,,30.0
973,2021-02,0.0,0.0001744015574634,-31.457176431020077,,,,,80.0
974,2021-02,0.0,0.0007066381285767,-22.437827559879825,,,,,10.0
975,2021-02,0.0,0.000715322711585,-22.35731826509745,,,,,10.0
976,2021-02,0.0,0.0016527538910527,-13.68417910574298,,,,,70.0
977,2021-02,0.0,0.0013840585280866,-21.076598689669638,,,,,10.0
978,2021-02,0.0,0.0016176969866137,-11.45751793725148,,,,,80.0
979,2021-02,0.0,0.002398429823188,-13.939072241101924,,,,,70.0
980,2021-02,0.0,0.0015101925591807,-21.77263285773139,,,,,10.0
981,2021-02,0.0,0.002074540511785,-10.149849887121263,,,,,80.0
982,2021-02,0.0,0.0020368439753165,-10.069893555630337,,,,,10.0
983,2021-02,0.0,0.0013716703843831,-20.661750471024263,,,,,10.0
984,2021-02,0.0,0.0026406162540297,-11.345317397041905,,,,,30.0
985,2021-02,0.0,0.0043539320240597,-6.641397971198643,,,,,10.0
986,2021-02,0.0,0.0,,,,,,80.0
987,2021-02,0.0,0.0013649692570349,-18.96726660804141,,,,,10.0
988,2021-02,0.0,0.0030715855891685,-10.05211952300296,,,,,30.0
989,2021-02,0.0,0.0029216637364119,-9.672775531445836,,,,,10.0
990,2021-02,0.0,0.0030423282337673,-8.85711437861122,,,,,30.0
991,2021-02,0.0,0.0029081945429425,-5.777963261377221,,,,,30.0
992,2021-02,0.0,0.0001995460252146,,,,,,90.0
993,2021-02,0.0,0.0002219681746621,-30.71061180037696,,,,,80.0
994,2021-02,5195368.841609332,0.0008810682027633,-20.445372744376225,,,,,10.0
995,2021-02,0.0,0.0002398149677059,-28.641603780566108,,,,,80.0
996,2021-02,70063.02273085277,0.0007669096828605,-18.35834863489181,0.099,,,,10.0
997,2021-02,0.0,0.0006344289640765,-22.210444699920306,,,,,10.0
998,2021-02,0.0,0.0,,,,,,10.0
999,2021-02,0.0,0.0005496675205502,-22.552719064041277,,,,,80.0
1000,2021-02,0.0,0.0017723016052892,-16.463669943628332,,,,,10.0
1001,2021-02,0.0,0.0010810150507632,-16.453330793421998,,,,,10.0
1002,2021-02,0.0,0.0,,,,,,30.0
1003,2021-02,0.0,0.0002648081441899,-30.639680994124625,,,,,80.0
1004,2021-02,0.0,0.0003018541383426,-31.679534932797523,,,,,80.0
1005,2021-02,0.0,0.0002803864212442,-32.287101968129456,,,,,80.0
1006,2021-02,0.0,0.0002423129309625,-34.276542304811,,,,,30.0
1007,2021-02,0.0,0.0002737386407066,-33.044011189337475,,,,,80.0
1008,2021-02,0.0,0.0002733561953088,-32.390954578238166,,,,,80.0
1009,2021-02,0.0,0.0002616232693374,-32.18630332540448,,,,,80.0
1010,2021-02,0.0,0.0002393044520171,-32.395549007698314,,,,,80.0
1011,2021-02,0.0,0.0002483988048631,-32.27150482147457,,,,,80.0
1012,2021-02,0.0,0.0002165416760951,-29.547935320839027,,,,,10.0
1013,2021-02,0.0,0.000245853630625,-30.708920292627223,,,,,10.0
1014,2021-02,0.0,0.0002410526910088,-28.437202726830915,,,,,10.0
1015,2021-02,0.0,0.0003053808110216,-27.82123261319149,,,,,10.0
1016,2021-02,0.0,0.0003451080183367,-30.97176603282892,,,,,80.0
1017,2021-02,0.0,0.0003906294692309,-31.31084546134583,,,,,80.0
1018,2021-02,0.0,0.000264880526981,-28.079524017515617,,,,,10.0
1019,2021-02,0.0,0.0002159451522467,-29.482010369722506,,,,,10.0
1020,2021-02,0.0,0.0003931936801344,-31.11049858426288,,,,,80.0
1021,2021-02,0.0,0.0004142369886418,-30.544091220129083,,,,,80.0
1022,2021-02,0.0,0.0002628610591273,-28.094544608000074,,,,,80.0
1023,2021-02,0.0,0.0004478142718653,-30.12629257737011,,,,,80.0
1024,2021-02,0.0,0.000392793166961,-27.05464064864072,,,,,30.0
1025,2021-02,0.0,0.0003981363065494,-26.935605945729613,,,,,10.0
1026,2021-02,0.0,0.0006122469066353,-24.872484294814267,,,,,10.0
1027,2021-02,0.0,0.0007863544548946,-23.65252397199509,,,,,10.0
1028,2021-02,0.0,0.000656241651523,-24.152546769096716,,,,,10.0
1029,2021-02,0.0,0.0006269030810706,-24.011531535347714,,,,,10.0
1030,2021-02,0.0,0.0004896531765387,-25.382199629663884,,,,,80.0
1031,2021-02,0.0,0.0005174392379645,-25.27970211885975,,,,,80.0
1032,2021-02,0.0,0.0005648397570295,-24.177962389446414,,,,,10.0
1033,2021-02,0.0,0.0006743120128725,-23.00182483066882,,,,,10.0
1034,2021-02,0.0,0.0006153550394789,-23.39790104529013,,,,,80.0
1035,2021-02,0.0,0.0006418301355599,-22.962052241651502,,,,,10.0
1036,2021-02,0.0,0.0005989503636426,-22.5243688719613,,,,,80.0
1037,2021-02,0.0,0.0005986730069101,-21.843810894375736,,,,,80.0
1038,2021-02,0.0,0.0005988763456722,-23.43380141939433,,,,,80.0
1039,2021-02,0.0,0.0007560752143641,-18.40243429002306,,,,,10.0
1040,2021-02,0.0,0.000605721199711,-19.8309773646965,,,,,10.0
1041,2021-02,0.0,0.0007172794203142,-17.319536922091505,,,,,10.0
1042,2021-02,0.0,0.0009076746612966,-16.867848250474854,,,,,10.0
1043,2021-02,0.0,0.0008877978782038,-18.417879132510823,,,,,10.0
1044,2021-02,0.0,0.0008027815381865,-17.350220480069986,,,,,10.0
1045,2021-02,0.0,0.0008513640343681,-17.394813973830168,,,,,10.0
1046,2021-02,0.0,0.0002177459309677,-31.92398347854612,,,,,80.0
1047,2021-02,0.0,0.0002788909832815,-32.93500613712126,,,,,80.0
1048,2021-02,0.0,0.000227135525165,-30.422651846446676,,,,,80.0
1049,2021-02,0.0,0.0002505247603039,-33.56895311597791,,,,,30.0
1050,2021-02,0.0,0.0002473005215506,-33.42497384661718,,,,,80.0
1051,2021-02,0.0,0.0002734446088652,-32.70858023961383,,,,,80.0
1052,2021-02,0.0,0.0002744988660197,-30.85191016272892,,,,,80.0
1053,2021-02,0.0,0.0002792895893435,-32.02965471025495,,,,,10.0
1054,2021-02,0.0,0.0002704355056266,-32.455694148654004,,,,,80.0
1055,2021-02,0.0,0.0002994247834067,-31.87949989409672,,,,,10.0
1056,2021-02,0.0,0.0002854611536046,-31.6346480642046,,,,,10.0
1057,2021-02,0.0,0.0002053090493063,-32.74332813535416,,,,,10.0
1058,2021-02,0.0,0.0002823793127232,-31.12027573812573,,,,,10.0
1059,2021-02,0.0,0.0001923981244544,-30.7332547187805,,,,,10.0
1060,2021-02,0.0,0.0002699437673072,-30.054060936775507,,,,,10.0
1061,2021-02,0.0,0.0002399616996626,-31.12103402728124,,,,,10.0
1062,2021-02,0.0,0.000215190381823,-29.379493209293884,,,,,80.0
1063,2021-02,0.0,0.0002622519741635,-30.95248399007886,,,,,10.0
1064,2021-02,0.0,0.0002502099732737,-31.803641042255208,,,,,80.0
1065,2021-02,0.0,0.0002499324391465,-31.7309355766054,,,,,10.0
1066,2021-02,0.0,0.0003111209531804,-32.28953756150742,,,,,80.0
1067,2021-02,0.0,0.0002270846128643,-30.743419688088537,,,,,80.0
1068,2021-02,0.0,0.0002366378093938,-28.46369266055877,,,,,80.0
1069,2021-02,0.0,0.0002649509469847,-30.538678709665916,,,,,80.0
1070,2021-02,0.0,0.0004176291758994,-30.74823492595125,,,,,30.0
1071,2021-02,0.0,0.0002155349711756,-29.133733215029256,,,,,10.0
1072,2021-02,0.0,0.0003840289200525,-30.57759588786533,,,,,30.0
1073,2021-02,0.0,0.000322320417581,-30.59028441868129,,,,,80.0
1074,2021-02,0.0,0.0002642965376556,-28.298629619961677,,,,,80.0
1075,2021-02,0.0,0.0004347934509496,-27.22754118228083,,,,,10.0
1076,2021-02,0.0,0.0002565373788456,-27.753841441018224,,,,,80.0
1077,2021-02,0.0,0.0002493084530215,-29.943962319691963,,,,,80.0
1078,2021-02,0.0,0.0003006103570442,-27.62998730341591,,,,,30.0
1079,2021-02,0.0,0.0004454095969776,-26.467330937158465,,,,,10.0
1080,2021-02,0.0,0.0003189821435525,-27.305962800222705,,,,,10.0
1081,2021-02,0.0,0.0003690336952786,-27.331195993272058,,,,,10.0
1082,2021-02,0.0,0.0006651395122389,-25.728575792766726,,,,,10.0
1083,2021-02,0.0,0.0006707288912366,-25.682471337394084,,,,,10.0
1084,2021-02,0.0,0.0007980089446088,-23.938225499410454,,,,,10.0
1085,2021-02,0.0,0.0005991793359498,-24.54167488188968,,,,,10.0
1086,2021-02,0.0,0.0005866409401278,-24.416352630796865,,,,,80.0
1087,2021-02,0.0,0.0009587654034476,-22.57438718250817,,,,,10.0
1088,2021-02,0.0,0.0005953730205874,-23.673086843036454,,,,,10.0
1089,2021-02,0.0,0.0005007871548514,-24.24387163888838,,,,,10.0
1090,2021-02,0.0,0.0005919830064158,-22.924943086836056,,,,,80.0
1091,2021-02,0.0,0.0006664606398771,-22.99639048089784,,,,,10.0
1092,2021-02,0.0,0.0007632144227803,-20.73546767915996,,,,,10.0
1093,2021-02,0.0,0.000593655323097,-21.985544699714268,,,,,10.0
1094,2021-02,0.0,0.0005742844908705,-22.340591532086545,,,,,10.0
1095,2021-02,0.0,0.0005883732001166,-22.22326355434597,,,,,10.0
1096,2021-02,0.0,0.0006046669425565,-21.332318555741058,,,,,10.0
1097,2021-02,0.0,0.0005288065533022,-22.359396657489583,,,,,10.0
1098,2021-02,0.0,0.0005262763361315,-22.57870194823652,,,,,10.0
1099,2021-02,0.0,0.0005294204811434,-23.23068077904836,,,,,10.0
1100,2021-02,0.0,0.0005759009281973,-20.547657659318684,,,,,10.0
1101,2021-02,0.0,0.0009423875371794,-17.205522087642102,,,,,10.0
1102,2021-02,0.0,0.0007302157569678,-17.18753764288763,,,,,10.0
1103,2021-02,0.0,0.0,,,,,,30.0
1104,2021-02,0.0,0.0011942109525383,-15.730577891213532,,,,,10.0
1105,2021-02,0.0,0.001912897371767,-12.529145599546863,,,,,10.0
1106,2021-02,0.0,0.0008224634058125,-15.119924763031747,,,,,10.0
1107,2021-02,0.0,0.0005693146149496,,,,,,10.0
1108,2021-02,0.0,0.0,,,,,,80.0
1109,2021-02,0.0,0.0,,,,,,30.0
1110,2021-02,0.0,0.0,,,,,,30.0
1111,2021-02,0.0,0.0001966142217497,,,,,,30.0
1112,2021-02,0.0,0.0,,,,,,30.0
1113,2021-02,0.0,0.0,,,,,,30.0
1114,2021-02,0.0,0.0,,,,,,30.0
1115,2021-02,0.0,0.0,-32.161077449435254,,,,,80.0
1116,2021-02,0.0,0.0,,,,,,30.0
1117,2021-02,0.0,0.0,,,,,,10.0
1118,2021-02,0.0,0.000586756424127,-23.885137508029004,,,,,10.0
1119,2021-02,0.0,0.0,,,,,,10.0
1120,2021-02,0.0,0.0,,,,,,80.0
1121,2021-02,0.0,0.0002937562220332,-32.49419187851482,,,,,80.0
1122,2021-02,0.0,0.0,,,,,,30.0
1123,2021-02,0.0,0.0003090057559265,-32.18370388927269,,,,,80.0
1124,2021-02,0.0,0.0004592524398399,-29.52005426770163,,,,,80.0
1125,2021-02,0.0,0.0005003520409445,-28.02294993280361,,,,,80.0
1126,2021-02,0.0,0.0005776309134513,-28.950707556343996,,,,,80.0
1127,2021-02,0.0,0.0005621853564261,-27.83629468938028,,,,,80.0
1128,2021-02,0.0,0.0005851848446742,-26.619000511946048,,,,,80.0
1129,2021-02,0.0,0.0005807055282275,-26.031910562822084,,,,,80.0
1130,2021-02,0.0,0.0004620153889239,-29.70794503802342,,,,,80.0
1131,2021-02,0.0,0.0004525174508671,-29.5820914838221,,,,,80.0
1132,2021-02,0.0,0.0005208166571069,-28.09943662942278,,,,,80.0
1133,2021-02,0.0,0.0002163883492147,-32.40733623445402,,,,,100.0
1134,2021-02,0.0,0.0005582043232212,-30.199419863766437,,,,,100.0
1135,2021-02,0.0,0.0004687379236202,-30.767587533937807,,,,,80.0
1136,2021-02,0.0,0.0004569601834863,-30.679975445156984,,,,,80.0
1137,2021-02,0.0,0.0004666191451561,-29.43508871409737,,,,,80.0
1138,2021-02,0.0,0.0003028385980441,-32.30885325083656,,,,,80.0
1139,2021-02,0.0,0.0004779697125597,-29.50943502244493,,,,,80.0
1140,2021-02,0.0,0.0003124602144453,-32.10983912604193,,,,,30.0
1141,2021-02,0.0,0.0003364702718411,-31.36818201662756,,,,,80.0
1142,2021-02,0.0,0.0005224571293039,-29.510760131210223,,,,,80.0
1143,2021-02,0.0,0.0005001050076316,-28.99644448063359,,,,,80.0
1144,2021-02,0.0,0.0004858232018199,-28.801074785623463,,,,,80.0
1145,2021-02,0.0,0.0005527511276258,-29.10635147375852,,,,,80.0
1146,2021-02,0.0,0.0004382845136206,-30.66714401180239,,,,,30.0
1147,2021-02,0.0,0.0005108899068593,-28.979507184407044,,,,,80.0
1148,2021-02,0.0,0.0006400802294592,-29.364913280642742,,,,,80.0
1149,2021-02,0.0,0.0004563399436476,-28.00456128108469,,,,,80.0
1150,2021-02,0.0,0.0,,,,,,30.0
1151,2021-02,0.0,0.0005603773330828,-29.439947301913502,,,,,80.0
1152,2021-02,0.0,0.0006195627632993,-28.560456867217997,,,,,80.0
1153,2021-02,0.0,0.0006423794786314,-28.737389559972826,,,,,80.0
1154,2021-02,0.0,0.0005889990488867,-28.889471197885157,,,,,80.0
1155,2021-02,0.0,0.0004961642415275,-27.122524134667344,,,,,30.0
1156,2021-02,0.0,0.0005762800799655,-28.272649853461967,,,,,80.0
1157,2021-02,0.0,0.0006139026145319,-28.440865512121263,,,,,30.0
1158,2021-02,0.0,0.0005634281240937,-27.79057370594567,,,,,30.0
1159,2021-02,0.0,0.0004694331474555,-27.2937058751545,,,,,80.0
1160,2021-02,0.0,0.0005797570693175,-27.34374755411506,,,,,80.0
1161,2021-02,0.0,0.0005269166204016,-27.00987125321696,,,,,80.0
1162,2021-02,0.0,0.0,,,,,,30.0
1163,2021-02,0.0,0.0005167676213421,-25.880472436026896,,,,,80.0
1164,2021-02,0.0,0.0005777606758985,-26.441210990481885,,,,,80.0
1165,2021-02,0.0,0.0003403098444323,-29.44157032285415,,,,,80.0
1166,2021-02,0.0,0.0003943104108354,-29.31102048328941,,,,,80.0
1167,2021-02,0.0,0.0,-29.42722996757142,,,,,80.0
1168,2021-02,0.0,0.0004832157055716,-30.720604165395088,,,,,80.0
1169,2021-02,0.0,0.0002607145468573,-33.400676283760646,,,,,80.0
1170,2021-02,0.0,0.000272792683063,-32.83181022008257,,,,,80.0
1171,2021-02,0.0,0.0004511372308115,-30.778201007842995,,,,,80.0
1172,2021-02,0.0,0.0004469015757422,-30.98807765869865,,,,,80.0
1173,2021-02,0.0,0.0005407323251347,-29.479711482638383,,,,,100.0
1174,2021-02,0.0,0.0005387405365884,-29.10345251143923,,,,,100.0
1175,2021-02,0.0,0.0003057354251723,-32.486945117466014,,,,,80.0
1176,2021-02,0.0,0.0003420141647438,,,,,,80.0
1177,2021-02,0.0,0.0003613838116507,-31.749130834851925,,,,,80.0
1178,2021-02,0.0,0.0004726787219624,-29.27804406029836,,,,,30.0
1179,2021-02,0.0,0.0005180670380771,-28.284089447203115,,,,,80.0
1180,2021-02,0.0,0.0005362501800239,-29.6840622720264,,,,,30.0
1181,2021-02,0.0,0.0005414823502481,-28.79025496679637,,,,,30.0
1182,2021-02,0.0,0.0004983422468285,-27.81131693976264,,,,,80.0
1183,2021-02,0.0,0.0004738472213527,-28.327480114830845,,,,,30.0
1184,2021-02,0.0,0.0005250022868494,-28.621384252820672,,,,,30.0
1185,2021-02,0.0,0.0005046417127232,-29.91902800514582,,,,,80.0
1186,2021-02,0.0,0.0004845512221436,-28.197847933996268,,,,,30.0
1187,2021-02,0.0,0.0005564002752483,-28.91452302932737,,,,,80.0
1188,2021-02,0.0,0.0005895448039154,-28.72667280378793,,,,,30.0
1189,2021-02,0.0,0.0006270482326726,-28.578558886997257,,,,,80.0
1190,2021-02,0.0,0.0004962039301972,-27.20911876068632,,,,,30.0
1191,2021-02,0.0,0.0005662375251631,-27.586615527622257,,,,,30.0
1192,2021-02,0.0,0.0,,,,,,30.0
1193,2021-02,0.0,0.0004805402020792,-27.364037945156987,,,,,80.0
1194,2021-02,0.0,0.0006032122731388,-27.53814828509374,,,,,80.0
1195,2021-02,0.0,0.000484381721435,-26.91762952501809,,,,,30.0
1196,2021-02,0.0,0.000573005135872,-26.945542936476425,,,,,80.0
1197,2021-02,0.0,0.00049979697269,-26.74434393474032,,,,,30.0
1198,2021-02,0.0,0.0005947639356236,-25.793326100848947,,,,,80.0
1199,2021-02,0.0,0.0,,,,,,80.0
1200,2021-02,0.0,0.0005098627070765,,,,,,30.0
1201,2021-02,0.0,0.0005323075811247,-29.35118742897396,,,,,100.0
1202,2021-02,0.0,0.0006109958237305,-28.58573478062945,,,,,80.0
1203,2021-02,0.0,0.0,,,,,,30.0
1204,2021-02,0.0,0.0004960232536177,,,,,,30.0
1205,2021-02,0.0,0.0,,,,,,30.0
1206,2021-02,0.0,0.0002241519933834,-32.18181327876048,,,,,100.0
1207,2021-02,0.0,0.0002685870165805,-34.103165641105846,,,,,80.0
1208,2021-02,0.0,0.0003129168535451,-33.0308147657485,,,,,100.0
1209,2021-02,0.0,0.0002141730050425,-33.246920199621265,,,,,100.0
1210,2021-02,0.0,0.0002022524486164,-35.377329990490736,,,,,100.0
1211,2021-02,0.0,0.0002859848673324,-33.28751516644915,,,,,100.0
1212,2021-02,0.0,0.0002078971947412,-32.23092375709894,,,,,100.0
1213,2021-02,0.0,0.0001959883729796,-34.50507781813742,,,,,100.0
1214,2021-02,0.0,0.0002030561799983,-35.7632844516209,,,,,80.0
1215,2021-02,0.0,0.0002017237234862,-34.14848628422568,,,,,100.0
1216,2021-02,0.0,0.0002533038268666,-33.62816206160044,,,,,80.0
1217,2021-02,0.0,0.000172782297947,-34.784640701233364,,,,,100.0
1218,2021-02,0.0,0.0001862225244622,-33.48187435543724,,,,,100.0
1219,2021-02,0.0,0.0007231785393572,-24.766231655587937,,,,,80.0
1220,2021-02,0.0,0.0006292182737176,-20.692042390451952,,,,,100.0
1221,2021-02,0.0,0.000607998537403,-28.18975749944709,,,,,80.0
1222,2021-02,0.0,0.000591711060224,-21.9035178093683,,,,,80.0
1223,2021-02,0.0,0.0005395566856047,-20.499087685455745,,,,,100.0
1224,2021-02,0.0,0.0006604234188974,-28.253723972562742,,,,,100.0
1225,2021-02,0.0,0.0005823382298331,-22.14964876174924,,,,,80.0
1226,2021-02,0.0,0.0,-24.469447403862347,,,,,80.0
1232,2021-02,0.0,0.000430205755947,-17.03976862317037,,,,,100.0
1233,2021-02,0.0,0.0,,,,,,100.0
1234,2021-02,0.0,0.0,,,,,,100.0
1235,2021-02,0.0,0.0,,,,,,100.0
1236,2021-02,0.0,0.0,,,,,,100.0
1241,2021-02,0.0,0.000424393061318,-17.215974420430687,,,,,70.0
1242,2021-02,0.0,0.0003792705269266,-19.2591592016674,,,,,100.0
1243,2021-02,0.0,0.0003495104836272,-19.492114698319178,,,,,30.0
1244,2021-02,0.0,0.000173648339244,-21.26692486652709,,,,,100.0
1245,2021-02,0.0,0.0002129150572929,-21.34181147400212,,,,,100.0
1246,2021-02,0.0,0.0,,,,,,100.0
1247,2021-02,0.0,0.0002259496410867,-20.796352427346346,,,,,100.0
1248,2021-02,0.0,0.0,,,,,,100.0
1249,2021-02,0.0,0.0,,,,,,100.0
1250,2021-02,0.0,0.0,,,,,,100.0
1251,2021-02,0.0,0.0003656961012633,-18.37417567700754,,,,,70.0
1252,2021-02,0.0,0.0,,,,,,100.0
1253,2021-02,0.0,0.0003783268975894,-17.87040071487424,,,,,100.0
1256,2021-02,0.0,0.0,,,,,,100.0
1650,2021-02,0.0,0.0,23.07806869473376,,,,,
1654,2021-02,0.0,0.0,29.283072476159987,,,,,
453,2021-03,2439827.605936584,0.0007136838137217,-1.2654071222047554,,,,,40.0
454,2021-03,0.0,0.0012466490789484,-11.695779273153263,,,,,80.0
455,2021-03,0.0,0.0007577021335942,-11.293537427092268,,,,,80.0
456,2021-03,0.0,0.0009648166986755,-10.227638945709025,0.1793333333333333,,,,80.0
457,2021-03,0.0,0.001551859517243,-4.916947467418888,0.3591111111111111,,,,10.0
458,2021-03,0.0,0.0013876816559339,-8.624437091512894,,,,,80.0
459,2021-03,0.0,0.0,,,,,,10.0
460,2021-03,0.0,0.0011057796762952,-6.598261180960506,,,,,80.0
461,2021-03,0.0,0.0009042440043458,-5.333430147068452,0.2805,,,,80.0
462,2021-03,0.0,0.0009934173264619,-3.623261767398348,0.1612057636887608,,,,10.0
463,2021-03,0.0,0.0008958495157341,-1.7866058599168793,,,,,80.0
464,2021-03,0.0,0.0005442228203178,-3.645884601250295,,,,,10.0
465,2021-03,0.0,0.0005646949695119,-0.0186579387220455,,,,,10.0
466,2021-03,0.0,0.0004102896694056,0.545263394318197,,,,,10.0
467,2021-03,0.0,0.0007371895697284,-18.554696406955237,,,,,80.0
468,2021-03,0.0,0.0007292522178659,-14.568027043769844,,,,,80.0
469,2021-03,0.0,0.0008776677833566,-9.107005596180214,,,,,10.0
470,2021-03,0.0,0.0008033926792937,-6.413078314551171,,,,,10.0
471,2021-03,0.0,0.0007973795817861,-8.872756473536679,,,,,10.0
472,2021-03,0.0,0.0008020638764317,-5.910397620927959,0.282,,,,10.0
473,2021-03,0.0,0.0006041808115014,-10.922717050995518,,,,,80.0
474,2021-03,0.0,0.0007419945091026,-10.04465827941892,,,,,10.0
475,2021-03,0.0,0.0008737988032895,-6.082758929792362,,,,,10.0
476,2021-03,0.0,0.0009932174831833,-8.043426634116345,,,,,10.0
477,2021-03,0.0,0.0011250877281879,-4.720019973523229,,,,,10.0
478,2021-03,0.0,0.0008564105535562,-4.50975582988245,0.1710375504439064,,,,10.0
479,2021-03,0.0,0.0009154374857044,-5.36181797888969,,,,,10.0
480,2021-03,0.0,0.0014919126754036,-4.214592142686173,0.2667142857142857,,,,10.0
481,2021-03,0.0,0.0011242642343456,-7.811953309217499,,,,,10.0
482,2021-03,0.0,0.0010489926424194,-3.749199076279916,0.131,,,,10.0
483,2021-03,0.0,0.0013850510802437,-4.121017591414893,0.28275,,,,10.0
484,2021-03,0.0,0.001098790770925,-8.36363177497263,,,,,10.0
485,2021-03,0.0,0.0016738368259439,-4.375851557038694,0.158,,,,10.0
486,2021-03,0.0,0.0012433066818352,-6.386387731353839,,,,,10.0
487,2021-03,0.0,0.0012835842618414,-8.328498401436722,,,,,10.0
488,2021-03,0.0,0.0015268274885539,-4.792209731739656,0.1390011170804128,,,,10.0
489,2021-03,0.0,0.0012407334296015,-7.449800347453583,,,,,10.0
490,2021-03,0.0,0.0007765386905353,-3.6109352611795416,0.1724027777777778,,,,10.0
491,2021-03,0.0,0.0013952264503242,-4.991240314903064,0.1521305378750516,,,,10.0
492,2021-03,0.0,0.0012536613331803,-7.66221675941163,,,,,10.0
493,2021-03,0.0,0.0013814895898307,-3.884704056290948,0.3353333333333333,,,,10.0
494,2021-03,0.0,0.0013140259371766,-3.949873729240323,,,,,80.0
495,2021-03,0.0,0.0012192159020969,-7.448222141881121,,,,,10.0
496,2021-03,0.0,0.0012897130370043,-6.904606795101203,,,,,10.0
497,2021-03,0.0,0.0006822970623911,-3.1868948263079195,0.1615295698924731,,,,10.0
498,2021-03,0.0,0.0013775257454881,-6.617014210198491,,,,,80.0
499,2021-03,0.0,0.0012544957982072,-7.229596345142632,,,,,80.0
500,2021-03,0.0,0.0010427250484528,-4.046011390449845,0.169991128506197,,,,10.0
501,2021-03,0.0,0.0013807185676265,-6.143226930426232,,,,,80.0
502,2021-03,0.0,0.0013611340956458,-6.408012771606408,,,,,10.0
503,2021-03,0.0,0.001310504606522,-5.289584369272006,,,,,10.0
504,2021-03,0.0,0.0012526448611132,-6.942831593761038,,,,,10.0
505,2021-03,0.0,0.0013509696410665,-7.120464337256625,,,,,10.0
506,2021-03,0.0,0.0016194494502315,-8.191400052142376,,,,,10.0
507,2021-03,0.0,0.0016368880421127,-7.855899097388964,,,,,10.0
508,2021-03,0.0,0.0012780996514594,-6.460320588056667,,,,,10.0
509,2021-03,0.0,0.0011263130293855,-6.838931694167485,,,,,10.0
510,2021-03,0.0,0.001193264132894,-6.217144681048623,,,,,80.0
511,2021-03,0.0,0.0015654550926456,-8.39254567546227,,,,,10.0
512,2021-03,0.0,0.0008565627720524,-3.777197368170607,0.2935,,,,10.0
513,2021-03,0.0,0.0015805195885502,-7.208361101762451,,,,,10.0
514,2021-03,0.0,0.0012505805181035,-5.713434662357429,,,,,10.0
515,2021-03,0.0,0.0012220830821231,-6.721883068289784,,,,,10.0
516,2021-03,0.0,0.0012559393481978,-5.420489070089526,,,,,10.0
517,2021-03,0.0,0.001160173931377,-6.512060649420619,,,,,10.0
518,2021-03,0.0,0.0015522430401612,-7.784440487980269,,,,,10.0
519,2021-03,0.0,0.0007463900433549,-3.937449961836592,0.2447575757575757,,,,10.0
520,2021-03,0.0,0.0016313457265302,-9.204074418564986,,,,,80.0
521,2021-03,0.0,0.000835752536283,-3.868655254083997,,,,,40.0
522,2021-03,0.0,0.0005335660298568,-0.8357100004790652,,,,,30.0
523,2021-03,0.0,0.0015077898219825,-6.603580670163467,,,,,10.0
524,2021-03,0.0,0.0015601604521687,-6.721920583581387,,,,,10.0
525,2021-03,0.0,0.0007450000094877,-2.892053924068305,0.175640151098881,,,,10.0
526,2021-03,0.0,0.0016311698343921,-7.424037453436052,,,,,80.0
527,2021-03,4615280.4415100375,0.0009187016076414,-3.092824818327411,,,,,10.0
528,2021-03,0.0,0.0009038210406165,-3.170308402276788,,,,,10.0
529,2021-03,0.0,0.0014955412391535,-8.613834737962259,,,,,80.0
530,2021-03,0.0,0.0005836134837636,-2.234762839860786,0.3432619047619048,,,,40.0
531,2021-03,0.0,0.0005847080568375,-1.9580981102917816,0.3282666666666666,,,,40.0
532,2021-03,0.0,0.0010680271373757,-3.5651290041286265,,,,,80.0
533,2021-03,0.0,0.0012336485218021,-2.9313644331386204,,,,,10.0
534,2021-03,0.0,0.0013456591417121,-2.1370110962491977,,,,,40.0
535,2021-03,0.0,0.0004686148780376,1.2217967600290078,0.1473731600609539,,0.6833394368489584,,30.0
536,2021-03,0.0,0.0008818386756869,-5.125076996103153,,,,,10.0
537,2021-03,0.0,0.0009335396872529,-4.565085543013797,,,,,80.0
538,2021-03,0.0,0.0009404147104987,-2.087122078352056,,,,,30.0
539,2021-03,0.0,0.0011742075966367,-5.668230253650265,,,,,10.0
540,2021-03,0.0,0.0,,,,,,30.0
541,2021-03,0.0,0.0005511099261223,-0.3010341379099134,0.1917073605640661,,,,40.0
542,2021-03,0.0,0.0008314875947007,-4.563547413323491,,,,,10.0
543,2021-03,0.0,0.0005144678117403,-2.318448733257973,,,,,10.0
544,2021-03,0.0,0.0021073246055758,-4.947097831644014,,,,,10.0
545,2021-03,0.0,0.0006648200625249,-0.723454370108087,,,,,10.0
546,2021-03,0.0,0.0019263504134187,-3.943091251004103,,,,,10.0
547,2021-03,0.0,0.0001413821941133,1.2495605318350016,,,,,80.0
548,2021-03,0.0,0.0008248468922147,-13.90213305155433,,,,,80.0
549,2021-03,0.0,0.0008276296840676,-14.55680007524387,,,,,80.0
550,2021-03,0.0,0.0007349370108613,-14.815996038785528,,,,,80.0
551,2021-03,0.0,0.0008309377418527,-12.114642589664774,,,,,30.0
552,2021-03,0.0,0.0005909247385034,-14.140442522110462,,,,,80.0
553,2021-03,0.0,0.0007597052242923,-9.444814345657164,,,,,10.0
554,2021-03,0.0,0.00063594114647,-10.68453418772708,,,,,80.0
555,2021-03,0.0,0.000812169729329,-4.752440721245193,,,,,10.0
556,2021-03,0.0,0.0007440980318896,-10.222009773664553,,,,,20.0
557,2021-03,0.0,0.000893072390925,-9.614563944006465,,,,,10.0
558,2021-03,0.0,0.0008780954466828,-8.858501446631616,,,,,10.0
559,2021-03,0.0,0.0008094558553466,-9.753095700663891,,,,,10.0
560,2021-03,0.0,0.0011832831488618,-5.247091941423283,,,,,10.0
561,2021-03,0.0,0.0010738639222154,-6.214247589384759,,,,,10.0
562,2021-03,0.0,0.0,,,,,,30.0
563,2021-03,0.0,0.0009681066559323,-4.472034056468672,,,,,10.0
564,2021-03,0.0,0.0008699750588903,-10.694158053654462,,,,,80.0
565,2021-03,0.0,0.0009408487068185,-9.679890265516036,,,,,80.0
566,2021-03,0.0,0.00101342729594,-8.690838266188086,,,,,10.0
567,2021-03,0.0,0.0009486792670259,-9.6427467633319,,,,,80.0
568,2021-03,0.0,0.0013995101736554,-4.799143772740497,,,,,10.0
569,2021-03,0.0,0.0009562408612737,-3.407582065063929,0.1535825509399977,,,,10.0
570,2021-03,0.0,0.0011112248586186,-8.721116779012883,,,,,80.0
571,2021-03,0.0,0.0011311104582318,-9.228893526724748,,,,,10.0
572,2021-03,0.0,0.0010284577915714,-3.3077451357277305,0.1194512195121951,,,,10.0
573,2021-03,0.0,0.0015504309968719,-8.9011696148944,,,,,80.0
574,2021-03,0.0,0.0015571880525916,,,,,,10.0
575,2021-03,0.0,0.0013578074114093,-4.063492941087281,,,,,10.0
576,2021-03,0.0,0.0015411308096417,-8.882043953352039,,,,,10.0
577,2021-03,0.0,0.0015149022824137,-7.68649413816388,,,,,10.0
578,2021-03,0.0,0.0009096494005689,-2.950704566381276,0.1595666666666666,,,,10.0
579,2021-03,0.0,0.0014597170736957,-7.806734446043592,,,,,10.0
580,2021-03,0.0,0.0011096878038415,-2.911559592352944,0.1330084656084656,,,,10.0
581,2021-03,0.0,0.001347419439412,-7.7356422711444,,,,,10.0
582,2021-03,0.0,0.0012330125812403,-6.802563841624897,,,,,10.0
583,2021-03,0.0,0.0013069652702976,-4.813481915381624,0.1061666666666666,,,,10.0
584,2021-03,0.0,0.0013056086437472,-5.521558507283515,,,,,10.0
585,2021-03,0.0,0.0016373513327607,-11.194743091096871,,,,,20.0
586,2021-03,0.0,0.0006146262771456,-2.201810418405828,,,,,10.0
587,2021-03,0.0,0.0,-6.489300442767387,,,,,80.0
588,2021-03,0.0,0.0008093623505601,-3.654842881233435,0.1136193972693973,,,,10.0
589,2021-03,0.0,0.0007264470742711,-3.500744862710249,0.1587858974358974,,,,10.0
590,2021-03,0.0,0.0015005393014916,-12.620124565511244,,,,,20.0
591,2021-03,0.0,0.0006059212671289,-2.3742157023439936,,,,,10.0
592,2021-03,0.0,0.0004678464688855,0.1241183660363844,,,,,10.0
593,2021-03,0.0,0.000864691852189,-4.633444217968997,,,,,20.0
594,2021-03,0.0,0.000463620393134,-2.918343464020751,,,,,10.0
595,2021-03,0.0,0.0004526509033212,-2.8555841349236744,0.1908124999999999,,,,10.0
596,2021-03,0.0,0.0003386436091432,-2.386734964514272,0.3253733333333333,,,,40.0
597,2021-03,0.0,0.0002754030810365,-2.2156825221295398,0.2310471628679962,,,,40.0
598,2021-03,0.0,0.0004719642983445,0.2279525551744825,,,,,80.0
599,2021-03,0.0,0.0016930320050884,-7.211993445119532,,,,,10.0
600,2021-03,0.0,0.0009416931059528,-4.267589253251231,,,,,10.0
601,2021-03,0.0,0.0009086342589625,-4.316442317347367,,,,,10.0
602,2021-03,0.0,0.0010615071342954,-5.080519894942753,,,,,10.0
603,2021-03,0.0,0.0002892507301339,-2.3372879889703317,,,,,40.0
604,2021-03,0.0,0.000554074166871,-2.932208288869532,,,,,40.0
605,2021-03,0.0,0.0016209973083505,-6.001559977377592,,,,,10.0
606,2021-03,0.0,0.0005799956680903,-2.8586379553681747,,,,,40.0
607,2021-03,0.0,0.0003567734794387,-0.4070338027024149,,,,,80.0
608,2021-03,0.0,0.0010019037312834,-3.631546484014024,,,,,80.0
609,2021-03,0.0,0.0002713052617082,0.1825005274947216,,,,,80.0
610,2021-03,0.0,0.0003251724627186,-0.5604319951867183,,,,,40.0
611,2021-03,0.0,0.0002828845476766,0.4672766531667672,,,,,30.0
612,2021-03,0.0,0.0015973584787616,-6.742305603847683,,,,,10.0
613,2021-03,0.0,0.0006088359342584,-1.4045451434282086,,,,,40.0
614,2021-03,0.0,0.0012648297534951,-5.158625529572949,,,,,10.0
615,2021-03,0.0,0.0010327317502666,-3.7745131338796014,,,,,10.0
616,2021-03,0.0,0.0013873649822244,-6.054087401632756,,,,,10.0
617,2021-03,0.0,0.0006664853338114,-3.2044142569264835,,,,,10.0
618,2021-03,0.0,0.0006240500198373,-1.2111947377522654,,,,,30.0
619,2021-03,0.0,0.0015839865492353,-5.857830278676886,,,,,10.0
620,2021-03,0.0,0.0003861703660656,2.612962977091494,,,,,30.0
621,2021-03,0.0,0.0004886307504345,-2.986017670169929,,,,,10.0
622,2021-03,0.0,0.0004460211904415,0.1312853372225433,0.1680675531664855,,,,40.0
623,2021-03,0.0,0.001628575790581,-5.334580259425636,,,,,10.0
624,2021-03,0.0,0.0003541713641652,-0.1371929578883509,,,,,10.0
625,2021-03,0.0,0.0019453732357987,-4.6003883648944,,,,,10.0
626,2021-03,0.0,0.0021268344187232,-4.703450023340541,,,,,10.0
627,2021-03,0.0,0.0011465294347772,0.0300326070478149,,,,,10.0
628,2021-03,0.0,0.0008549844907292,2.352071155014869,,,,,10.0
629,2021-03,0.0,0.0014647420763872,3.809466463314613,,,,,40.0
630,2021-03,0.0,0.0012348262654313,,,,,,80.0
631,2021-03,0.0,0.0014998881207475,-7.875305147068445,,,,,10.0
632,2021-03,0.0,0.0,,,,,,10.0
633,2021-03,0.0,0.0018414734042927,-1.3828545248018322,,,,,80.0
634,2021-03,2824348.194899393,0.0013149632298449,2.2049189270117027,,,,,80.0
635,2021-03,0.0,0.0017441403471505,1.7867495855455464,,,,,80.0
636,2021-03,0.0,0.0016699663629361,0.4766433311507247,,,,,80.0
637,2021-03,0.0,0.0016560483930963,3.96479105010299,,,,,80.0
638,2021-03,0.0,0.0016478049780208,-16.725443657495617,,,,,80.0
639,2021-03,0.0,0.0031557262625862,-14.060171621871469,,,,,80.0
640,2021-03,0.0,0.0,,,,,,80.0
641,2021-03,0.0,0.0,,,,,,80.0
642,2021-03,0.0,0.0022100236961698,-13.567383494206382,,,,,80.0
643,2021-03,0.0,0.0,,,,,,80.0
644,2021-03,0.0,0.0,-13.651262808358751,,,,,80.0
645,2021-03,0.0,0.0025146169649133,-12.965870818271409,,,,,80.0
646,2021-03,0.0,0.0,,,,,,10.0
647,2021-03,0.0,0.0,,,,,,80.0
648,2021-03,0.0,0.0,,,,,,10.0
649,2021-03,0.0,0.0035423519877867,-12.076235597657751,,,,,80.0
650,2021-03,0.0,0.0,,,,,,10.0
651,2021-03,0.0,0.0029205414968876,-8.992806890771599,,,,,80.0
652,2021-03,0.0,0.002763797162629,,,,,,10.0
653,2021-03,0.0,0.0,,,,,,10.0
654,2021-03,0.0,0.0033077791806703,-10.259467335797524,,,,,10.0
655,2021-03,0.0,0.0,,,,,,10.0
656,2021-03,0.0,0.0013725807089827,-4.164629964718849,,,,,10.0
657,2021-03,0.0,0.0027287127073002,-5.757551540525134,,,,,10.0
658,2021-03,0.0,0.002211142083481,-6.517188147391793,,,,,10.0
659,2021-03,0.0,0.0046189805553922,-1.0497537663255383,,,,,10.0
660,2021-03,0.0,0.0016415748977775,-0.5929198439403048,,,,,10.0
661,2021-03,10369493.902856426,0.0015298071688979,4.002240888426838,,,,,40.0
662,2021-03,0.0,0.0011119090702701,-22.235366956649266,,,,,80.0
663,2021-03,0.0,0.0013326131750868,-21.330823862766252,,,,,80.0
664,2021-03,0.0,0.0015470192918971,-18.64878501436329,,,,,80.0
665,2021-03,0.0,0.0021877955706486,-14.019326458182364,,,,,10.0
666,2021-03,0.0,0.0017245040853721,-17.298689276261417,,,,,80.0
667,2021-03,0.0,0.0018357023924019,-16.45328207118535,,,,,80.0
668,2021-03,0.0,0.002991195339617,-14.21256141896984,,,,,10.0
669,2021-03,0.0,0.0021609826722485,-15.382695170029924,,,,,80.0
670,2021-03,0.0,0.0031027277992734,-14.581726608041938,,,,,80.0
671,2021-03,0.0,0.0,,,,,,80.0
672,2021-03,0.0,0.002859768091298,,,,,,80.0
673,2021-03,0.0,0.0,,,,,,80.0
674,2021-03,0.0,0.0028173108293082,-13.57065823620462,,,,,80.0
675,2021-03,0.0,0.0023050959258011,-11.991228025592136,,,,,10.0
676,2021-03,0.0,0.0036734444567886,-11.65996332192241,,,,,80.0
677,2021-03,0.0,0.0038331789957055,-11.524968600529462,,,,,10.0
678,2021-03,0.0,0.0032380613869994,-12.476781971130652,,,,,80.0
679,2021-03,0.0,0.0032454413781211,-10.99478811342274,,,,,10.0
680,2021-03,0.0,0.0034813849316606,-10.351023874316988,,,,,10.0
681,2021-03,0.0,0.0033801531088185,-10.959958711635707,,,,,10.0
682,2021-03,0.0,0.0025024926807237,-10.538697947957704,,,,,10.0
683,2021-03,0.0,0.0028921468244561,-11.105979074673495,,,,,10.0
684,2021-03,0.0,0.0030222955221006,-8.987976308022754,,,,,10.0
685,2021-03,0.0,0.0019949150616323,-8.800527116956344,,,,,10.0
686,2021-03,0.0,0.0029367588619642,-9.683539801717927,,,,,10.0
687,2021-03,0.0,0.0029980098889836,-9.11863527997956,,,,,10.0
688,2021-03,0.0,0.0,,,,,,10.0
689,2021-03,0.0,0.0019216207848558,-7.58709920188796,,,,,10.0
690,2021-03,0.0,0.0021522662560048,-6.682283215539836,,,,,10.0
691,2021-03,0.0,0.0023600075212124,-7.310340485254007,,,,,10.0
692,2021-03,0.0,0.00256170831301,-7.767726486172086,,,,,10.0
693,2021-03,0.0,0.0023214532123574,-6.8044043811585615,,,,,10.0
694,2021-03,0.0,0.0027571445544193,-7.509811310008334,,,,,10.0
695,2021-03,0.0,0.0033284365157189,-4.056191673806162,,,,,10.0
696,2021-03,0.0,0.0043151647120617,-2.4150163096766075,,,,,10.0
697,2021-03,0.0,0.0010782448636064,-3.578819086434252,,,,,10.0
698,2021-03,0.0,0.0021855569816201,-4.9195935362128616,,,,,10.0
699,2021-03,0.0,0.0021564865013812,-4.994264307329708,,,,,10.0
700,2021-03,0.0,0.0,-3.9231042062082224,,,,,30.0
701,2021-03,0.0,0.0049076737897166,-3.682514777234793,,,,,80.0
702,2021-03,0.0,0.002138876817614,-4.612151217716976,,,,,10.0
703,2021-03,0.0,0.0020055803841917,-3.9554916199118058,,,,,10.0
704,2021-03,0.0,0.0022950685644218,-4.659989224803969,,,,,10.0
705,2021-03,0.0,0.0,,,,,,10.0
706,2021-03,0.0,0.0019219046911901,-3.289501530637001,,,,,10.0
707,2021-03,0.0,0.0016155265502158,-3.042834910639982,,,,,10.0
708,2021-03,0.0,0.00242197565854,-1.924811691886576,,,,,10.0
709,2021-03,0.0,0.0017261093324403,-2.2618026391579464,,,,,10.0
710,2021-03,0.0,0.0013267776058683,-0.9058076304773834,,,,,10.0
711,2021-03,0.0,0.0024242759465214,-0.220772073407435,,,,,10.0
712,2021-03,0.0,0.0017950269895939,0.412372610461878,,,,,10.0
713,2021-03,269604.4410882761,0.0012885861405939,3.0768724351539536,,,,,40.0
714,2021-03,0.0,0.0027451051460275,0.4409416239748935,,,,,10.0
715,2021-03,0.0,0.0014459338100323,0.1581404778265422,,,,,10.0
716,2021-03,0.0,0.0024814327175558,1.4886351513606513,,,,,10.0
717,2021-03,0.0,0.001760265299337,2.412989491288404,,,,,10.0
718,2021-03,0.0,0.0015269623542292,2.6435001748932008,,,,,10.0
719,2021-03,0.0,0.0010412154780397,-22.574337510139685,,,,,80.0
720,2021-03,0.0,0.0015546200858125,-18.26706789488431,,,,,30.0
721,2021-03,0.0,0.0013221023665437,-19.5635008165913,,,,,80.0
722,2021-03,0.0,0.0014423100338945,-18.9458460366854,,,,,80.0
723,2021-03,0.0,0.0044803215251931,-11.122208761399776,,,,,10.0
724,2021-03,0.0,0.0033067768500814,-12.48913374459869,,,,,80.0
725,2021-03,0.0,0.0019328289416004,,,,,,80.0
726,2021-03,0.0,0.0019845980591147,-14.51341611117014,,,,,80.0
727,2021-03,0.0,0.0033776236759194,-12.389333388625914,,,,,10.0
728,2021-03,0.0,0.0022078816707075,-13.287221384707664,,,,,10.0
729,2021-03,0.0,0.0031051306115159,-4.23587525480535,,,,,10.0
730,2021-03,0.0,0.0020039705620774,-8.587051723849367,,,,,10.0
731,2021-03,0.0,0.003511870844818,-5.7049921220348665,,,,,10.0
732,2021-03,0.0,0.002848797111369,-9.043803743478623,,,,,10.0
733,2021-03,0.0,0.0029159398246196,-10.079436721624358,,,,,10.0
734,2021-03,0.0,0.00333060008154,-3.931311793993842,,,,,10.0
735,2021-03,0.0,0.0019698384589522,-6.987119365678448,,,,,10.0
736,2021-03,0.0,0.0022853618548879,-6.478716202876025,,,,,10.0
737,2021-03,0.0,0.0013458920703897,-3.438065913757536,,,,,10.0
738,2021-03,0.0,0.0033700807081231,-4.528916853217652,,,,,10.0
739,2021-03,0.0,0.0023373751030931,-6.091156961584579,,,,,10.0
740,2021-03,0.0,0.0030411167131433,-3.7001393348939686,,,,,10.0
741,2021-03,0.0,0.0047310521887311,-3.572354851999563,,,,,10.0
742,2021-03,0.0,0.0021536028901639,-4.562716678906486,,,,,10.0
743,2021-03,0.0,0.0046607845213581,-3.0287842822331044,,,,,80.0
744,2021-03,0.0,0.0049940440244048,-4.187071150092652,,,,,30.0
745,2021-03,0.0,0.0022163702236184,-4.985815532233119,,,,,10.0
746,2021-03,0.0,0.0023397343294391,-5.2152322461527945,,,,,10.0
747,2021-03,0.0,0.0022925091968545,-0.2684304320866886,,,,,10.0
748,2021-03,0.0,0.0046474771635303,-2.0487452722364536,,,,,10.0
749,2021-03,0.0,0.0014369344399938,-0.6378337613997758,,,,,10.0
750,2021-03,0.0,0.0,1.019525372084786,,,,,10.0
751,2021-03,0.0,0.0013848893405565,1.1480710990112943,,,,,10.0
752,2021-03,0.0,0.0013234318812591,1.2679419184710086,,,,,10.0
753,2021-03,0.0,0.0012864885912904,1.685019172021296,,,,,10.0
754,2021-03,0.0,0.0010081050978669,1.6684537785027658,,,,,10.0
755,2021-03,0.0,0.0,,,,,,100.0
756,2021-03,0.0,0.0014265818582543,,,,,,30.0
757,2021-03,0.0,0.0024250900434026,,,,,,80.0
758,2021-03,0.0,0.0,-14.430672565583222,,,,,10.0
759,2021-03,0.0,0.0,,,,,,80.0
760,2021-03,0.0,0.0,,,,,,80.0
761,2021-03,0.0,0.0030989987836846,,,,,,10.0
762,2021-03,0.0,0.0022118805037507,-5.928953080536189,,,,,10.0
763,2021-03,0.0,0.0,,,,,,10.0
764,2021-03,0.0,0.0,,,,,,10.0
765,2021-03,0.0,0.0,-1.4496131527808416,,,,,10.0
766,2021-03,0.0,0.0,,,,,,80.0
767,2021-03,0.0,0.0047140884584753,-1.5892257129846712,,,,,10.0
768,2021-03,0.0,0.0,,,,,,10.0
769,2021-03,0.0,0.0036394042955407,,,,,,10.0
770,2021-03,0.0,0.0036848081336984,,,,,,10.0
771,2021-03,0.0,0.0,,,,,,10.0
772,2021-03,0.0,0.0,,,,,,10.0
773,2021-03,4156343.097171002,0.0007441311419422,22.215812506727016,,,,,30.0
774,2021-03,0.0,0.0012485763119229,-0.1731898523145858,,,,,10.0
775,2021-03,0.0,0.0017963616238603,12.897460966212805,,,,,10.0
776,2021-03,0.0,0.0031694238002241,14.667325247943488,,,,,10.0
777,2021-03,0.0,0.0030242292271623,14.972622151528668,,,,,80.0
778,2021-03,0.0,0.0008175034137138,19.62360593324069,,,,,10.0
779,2021-03,0.0,0.000652979134179,20.334118681056555,,,,,10.0
780,2021-03,1928562.076256726,0.0003446873072497,21.41231426057364,,,,,30.0
781,2021-03,0.0,0.0016374835805663,-3.678743442119331,,,,,10.0
782,2021-03,0.0,0.0017969328350394,-2.7034458980764957,,,,,10.0
783,2021-03,0.0,0.0010682983385095,-0.6801265306369828,,,,,10.0
784,2021-03,0.0,0.0017161822007665,-0.9159217465308416,,,,,10.0
785,2021-03,0.0,0.0013684524284371,,,,,,10.0
786,2021-03,0.0,0.0020121382610568,-0.4753565049008108,,,,,10.0
787,2021-03,0.0,0.0016603711432784,1.990680025982624,,,,,10.0
788,2021-03,0.0,0.0,,,,,,10.0
789,2021-03,0.0,0.0013043439076909,12.65706448708815,,,,,80.0
790,2021-03,0.0,0.0006915171558797,20.182747443297323,,,,,10.0
791,2021-03,0.0,0.0003911932991513,20.98781509262689,,,,,10.0
792,2021-03,3092366.161107376,0.0004642285467753,21.798961052843357,,,,,10.0
793,2021-03,0.0,0.0,,,,,,10.0
794,2021-03,9476339.073164042,0.0007739065855439,1.999673968310536,0.135692020004043,,,,30.0
795,2021-03,2894196.2075041234,0.0005884435881819,3.755382013721579,,,,,30.0
796,2021-03,0.0,0.0006591362939843,0.6908761588476224,0.190381393692138,,,,30.0
797,2021-03,6928197.550726176,0.0005260484466399,2.393639227403297,,,,,30.0
798,2021-03,0.0,0.0009514074212878,0.6254144406518347,,,,,10.0
799,2021-03,0.0,0.0010502660708198,0.6926403264418544,,,,,10.0
800,2021-03,0.0,0.0006912391595924,-1.71268503104769,,,,,30.0
801,2021-03,0.0,0.0019035593357254,0.9533838890298592,,,,,80.0
802,2021-03,0.0,0.0015635651086724,-6.412585299890123,,,,,10.0
803,2021-03,0.0,0.0072981686822336,12.696711630565924,,,,,10.0
804,2021-03,0.0,0.0,,,,,,10.0
805,2021-03,26893098.29960682,0.0055175652788648,11.811704967412204,,,,,30.0
806,2021-03,29702395.752126187,0.0033991476807834,13.08096059829409,,,,,10.0
807,2021-03,49333392.84921679,0.0028348312802591,11.915890071414776,,,,,30.0
808,2021-03,1292279.1296058726,0.0078940481855314,14.704663245908694,,,,,10.0
809,2021-03,0.0,0.0047451502394248,17.14108013738521,,,,,10.0
810,2021-03,700784.5284019365,0.0033698301478571,17.600672168740626,,,,,40.0
811,2021-03,14199826.970613685,0.0038903083039698,16.806878281901774,,,,,10.0
812,2021-03,54109.27338170635,0.0029378327912657,17.861436004365242,,,,,80.0
813,2021-03,0.0,0.0053874371634492,18.41641220553442,,,,,90.0
814,2021-03,0.0,0.0,18.681390606459782,,,,,80.0
815,2021-03,0.0,0.0006338102804193,1.3552764851560255,,,,,10.0
816,2021-03,0.0,0.0008580653058061,,,,,,10.0
817,2021-03,0.0,0.0002437716018987,3.2638267157040906,,,,,40.0
818,2021-03,0.0,0.0022320194231042,0.2722161692958025,,,,,10.0
819,2021-03,0.0,0.0014235743072201,3.1986012079382817,,,,,80.0
820,2021-03,0.0,0.001722982951037,-5.356342327979284,,,,,10.0
821,2021-03,0.0,0.001972947834588,3.3366955459758856,,,,,40.0
822,2021-03,0.0,0.0021400991267531,4.079661408291088,,,,,80.0
823,2021-03,0.0,0.0023451490388879,4.968686368388546,,,,,40.0
824,2021-03,0.0,0.0020918441997537,4.682256911903323,,,,,40.0
825,2021-03,0.0,0.0015585688935289,3.830789574243724,,,,,40.0
826,2021-03,0.0,0.0014694443033704,4.247132513941847,,,,,40.0
827,2021-03,0.0,0.0016815357592273,2.981397056872612,,,,,10.0
828,2021-03,0.0,0.0016418380723962,5.057040073025632,,,,,10.0
829,2021-03,0.0,0.0025525483674376,6.437733012373769,,,,,40.0
830,2021-03,0.0,0.0028169734464654,13.924863782493034,,,,,10.0
831,2021-03,0.0,0.005084243236638,14.107250409564092,,,,,10.0
832,2021-03,0.0,0.0025134204016694,14.440095663583426,,,,,80.0
833,2021-03,0.0,0.0055324254618653,15.274587571065515,,,,,10.0
834,2021-03,0.0,0.0,,,,,,80.0
835,2021-03,0.0,0.0,,,,,,80.0
836,2021-03,0.0,0.004100952862359,17.898983082378233,,,,,10.0
837,2021-03,0.0,0.0034118896411428,17.7812976755122,,,,,10.0
838,2021-03,0.0,0.0043801447437772,7.928936074369726,,,,,30.0
839,2021-03,0.0,0.0029214551733502,7.351510353498597,,,,,40.0
840,2021-03,0.0,0.0030359668718347,7.465267415200536,,,,,40.0
841,2021-03,0.0,0.0033731279955873,,,,,,10.0
842,2021-03,0.0,0.0,,,,,,80.0
843,2021-03,0.0,0.0,,,,,,90.0
844,2021-03,0.0,0.0053481726037034,18.50530221180253,,,,,90.0
845,2021-03,0.0,0.0,26.20934527055827,,,,,
846,2021-03,0.0,0.0,25.527008264783003,,,,,
847,2021-03,0.0,0.0024065984474191,15.724532194134284,,,,,30.0
848,2021-03,4656746.617580806,0.0042217769782146,15.642281687601118,,,,,10.0
849,2021-03,477430.4930071144,0.0040237472057702,15.607983703630762,,,,,10.0
850,2021-03,160549.57391984557,0.0025164056009619,16.519191975747425,,,,,10.0
851,2021-03,0.0,0.0001386698840059,8.599378782703052,,,,,10.0
852,2021-03,0.0,4.847440278544744e-05,11.017683199038636,,,,,40.0
853,2021-03,4242751.956047955,0.0003773323953442,20.481358079521726,,,,,20.0
854,2021-03,227158.93574121527,0.0005614118660687,20.690508913435675,,,,,10.0
855,2021-03,0.0,0.0,20.415923604943764,,,,,
856,2021-03,0.0,0.0,21.29094131770529,,,,,
857,2021-03,0.0,0.0,23.7395184933112,,,,,
858,2021-03,0.0,0.0,20.93360518490165,,,,,
859,2021-03,0.0,0.0,24.707950481291768,,,,,
861,2021-03,0.0,0.0019662313845325,14.740494648733874,,,,,30.0
862,2021-03,0.0,0.0019165780964427,15.143665192033245,,,,,30.0
863,2021-03,0.0,0.0022000425955509,15.113612706174166,,,,,50.0
864,2021-03,0.0,0.0040750695453652,14.8983649428173,,,,,10.0
865,2021-03,2733542.275458032,0.0020803107009896,16.61802298843223,,,,,10.0
866,2021-03,0.0,0.0017636191161045,16.917158070577482,,,,,30.0
867,2021-03,4734851.967246858,0.0010471251700176,18.75058293493658,,,,,10.0
868,2021-03,0.0,4.5796497443191815e-05,18.94850272074666,,,,,20.0
869,2021-03,0.0,0.0002934950775473,24.57301789560628,,,,,30.0
870,2021-03,0.0,0.0001996910260686,23.549857875865,,,,,30.0
871,2021-03,0.0,0.0002510118669836,23.596600304880496,,,,,30.0
872,2021-03,0.0,0.0003133492944119,23.436874178562224,,,,,30.0
873,2021-03,0.0,0.0007751552449235,26.563827707434257,,,,,80.0
874,2021-03,0.0,0.0,27.622998338104598,,,,,
875,2021-03,0.0,0.0,22.519782638549827,,,,,
876,2021-03,0.0,0.0,22.074709685130813,,,,,
877,2021-03,0.0,0.0,25.477627690633145,,,,,
878,2021-03,0.0,0.0,,,,,,
879,2021-03,0.0,0.0,20.76555808692852,,,,,
880,2021-03,0.0,0.0,25.310853017054058,,,,,
881,2021-03,0.0,0.0,21.748837998092835,,,,,
882,2021-03,0.0,0.0034475145922669,24.11084518246173,,,,,30.0
883,2021-03,0.0,0.0026391417555785,22.77791374644073,,,,,10.0
884,2021-03,5567786.555293251,0.0002075133906373,24.25361049826969,,,,,10.0
885,2021-03,19992824.00450196,0.0003632283727231,24.625424649638536,,,,,10.0
886,2021-03,0.0,0.0002525903674415,24.022731686663903,,,,,30.0
887,2021-03,0.0,0.0008407357896422,1.9631015986648876,,,,,30.0
888,2021-03,2393068.3710330334,6.887497795904699e-06,21.72895383800659,,,,,80.0
889,2021-03,0.0,0.000782937376357,2.430713201403722,,,,,30.0
890,2021-03,0.0,0.0007689608322152,3.1399749058549333,,,,,30.0
891,2021-03,0.0,0.0007327051480514,0.9569873071486142,,,,,60.0
892,2021-03,0.0,0.0008335277499327,-0.2058459791010613,,,,,30.0
893,2021-03,184031.4208114813,0.0012272969880768,0.2166080117821659,,,,,10.0
894,2021-03,0.0,0.0009564966791498,-1.8033112269575733,,,,,30.0
895,2021-03,0.0,0.0011599860774049,-0.9650730588814757,,,,,30.0
896,2021-03,0.0,0.0006632092966124,2.627978785190588,,,,,30.0
897,2021-03,0.0,0.0015408799734283,-0.7288090463180007,,,,,10.0
898,2021-03,0.0,0.0012649714429848,-1.7475846760833076,,,,,30.0
899,2021-03,0.0,0.0024926913963327,-0.0345337581541064,,,,,10.0
900,2021-03,0.0,0.0008251934397327,3.901324666614622,,,,,30.0
901,2021-03,0.0,0.0021227243728011,-0.2123885329051477,,,,,10.0
902,2021-03,0.0,0.0013281130623549,4.6546074277840965,,,,,60.0
903,2021-03,0.0,0.0017986872693752,8.339174689016055,,,,,10.0
904,2021-03,0.0,0.0009236414707592,3.5637917505875425,,,,,60.0
905,2021-03,0.0,0.0008706936851283,-2.2062355385700227,,,,,20.0
906,2021-03,0.0,0.0009604737670587,6.242317563983436,,,,,30.0
907,2021-03,0.0,0.0004189093425566,14.49458032833635,,,,,60.0
908,2021-03,0.0,4.408639535995463e-05,20.22286668592885,,,,,10.0
909,2021-03,10664451.901635384,8.807570426882853e-05,24.57829984038151,,,,,10.0
910,2021-03,0.0,0.0,17.10027974036434,,,,,
911,2021-03,0.0,0.0023821560727128,,,,,,80.0
912,2021-03,0.0,0.0011731652604112,2.1657565376975545,,,,,30.0
913,2021-03,0.0,0.0030602262861965,2.16734995242314,,,,,10.0
914,2021-03,0.0,0.0015570530729064,10.147535564737105,,,,,10.0
915,2021-03,0.0,0.0003972580717572,9.221640994984654,,,,,60.0
916,2021-03,0.0,0.0004565899995911,13.8183603225216,,,,,60.0
917,2021-03,0.0,1.886577789181584e-06,20.419890060424827,,,,,20.0
918,2021-03,0.0,6.561173654517915e-06,16.573023394642433,,,,,60.0
919,2021-03,0.0,4.756779940914464e-05,16.167971967155047,,,,,10.0
920,2021-03,0.0,0.0,,,,,,10.0
921,2021-03,0.0,1.945166445693758e-06,21.885610301520277,,,,,80.0
922,2021-03,0.0,8.921510546618568e-07,22.014218332434247,,,,,10.0
923,2021-03,2218985.61866941,5.3542672253570346e-05,19.25601494491744,,,,,20.0
924,2021-03,0.0,0.0002321822629937,17.70097581824667,,,,,10.0
925,2021-03,0.0,0.0,24.93202983487039,,,,,
926,2021-03,0.0,0.0,26.286496708250297,,,,,
927,2021-03,0.0,0.0,25.80467243399673,,,,,
928,2021-03,0.0,0.0017480487479007,-2.203604840066986,,,,,10.0
929,2021-03,0.0,0.0012982087928388,-2.1806773237002552,,,,,10.0
930,2021-03,0.0,0.0008676324244141,-1.2163693163915092,,,,,10.0
931,2021-03,0.0,0.0016427036091036,-1.8621646568835328,,,,,10.0
932,2021-03,0.0,0.0036430639573207,-2.5620698613738018,,,,,10.0
933,2021-03,0.0,0.002522395915522,-3.039423499780952,,,,,10.0
934,2021-03,0.0,0.0024855053360645,-5.175199776677957,,,,,10.0
935,2021-03,0.0,0.0037489039884576,-7.092707259079477,,,,,10.0
936,2021-03,0.0,0.0016203544629433,-1.3893092251476318,,,,,10.0
937,2021-03,0.0,0.0008725520922434,0.584503491505313,,,,,10.0
938,2021-03,0.0,0.0017190345103248,-0.9591335120838116,,,,,10.0
939,2021-03,0.0,0.0026659791807543,-2.055306534451768,,,,,10.0
940,2021-03,0.0,0.0015596205815176,1.4190861676599011,,,,,10.0
941,2021-03,0.0,0.000264941969173,4.921005150123891,,,,,30.0
942,2021-03,0.0,0.0021397833983861,-1.241967686387636,,,,,10.0
943,2021-03,0.0,0.0011730833040246,1.5543436913662974,,,,,10.0
944,2021-03,0.0,0.0008948276391898,1.4824229975328025,,,,,30.0
945,2021-03,0.0,0.0010825804241883,-1.7552319311326414,,,,,10.0
946,2021-03,0.0,0.0008955442097355,-1.2330719035158637,,,,,10.0
947,2021-03,0.0,0.0091078168519722,-4.0591735300295815,,,,,10.0
948,2021-03,0.0,0.0007785620229014,-0.5698018761091106,,,,,10.0
949,2021-03,0.0,0.0011421444294331,-1.2849362090446514,,,,,10.0
950,2021-03,0.0,0.0054452514337071,2.696009182673656,,,,,10.0
951,2021-03,0.0,0.0016717620583823,0.3224809174896776,,,,,10.0
952,2021-03,0.0,0.0016035806148399,-2.416818650244131,,,,,10.0
953,2021-03,0.0,0.0002695962604884,6.771253587341714,,,,,40.0
954,2021-03,0.0,0.0017209354228346,-2.246731543357807,,,,,10.0
955,2021-03,0.0,0.0015812351067522,-19.67108331019015,,,,,30.0
956,2021-03,0.0,0.0028116703544214,-9.218623183875934,,,,,80.0
957,2021-03,0.0,0.0032085047268108,-5.748521138155041,,,,,30.0
958,2021-03,0.0,0.0001415166444151,-22.49641261568837,,,,,80.0
959,2021-03,0.0,0.001254654389137,-16.979097891366592,,,,,30.0
960,2021-03,0.0,0.001429288251121,-15.50766375551939,,,,,10.0
961,2021-03,0.0,0.0005385314849961,-15.62040486470038,,,,,30.0
962,2021-03,0.0,0.0010527009382983,-10.888412585944542,,,,,10.0
963,2021-03,0.0,0.0006032148851191,-14.01834057633592,,,,,10.0
964,2021-03,0.0,0.0017546574586857,-10.705507731956962,,,,,10.0
965,2021-03,0.0,0.0032402908338614,-9.5918456853504,,,,,10.0
966,2021-03,0.0,0.0017229693410275,-8.501721067232797,,,,,10.0
967,2021-03,0.0,0.0026830502872076,-12.63244952278676,,,,,10.0
968,2021-03,0.0,0.0038825945575935,-8.980867746824835,,,,,10.0
969,2021-03,0.0,0.0027899139311481,-8.555963959232429,,,,,30.0
970,2021-03,0.0,0.0029509902777992,-8.346062192186004,,,,,30.0
971,2021-03,0.0,0.0026006078408727,-4.940805437771267,,,,,30.0
972,2021-03,0.0,0.0029007003393341,-4.788206010223689,,,,,30.0
973,2021-03,0.0,0.0001474487966864,-22.130605361282164,,,,,80.0
974,2021-03,0.0,0.0007228307487139,-14.457656448801766,,,,,10.0
975,2021-03,0.0,0.0008209278868207,-12.872501467632969,,,,,10.0
976,2021-03,0.0,0.0012449499220734,-13.486067684146686,,,,,70.0
977,2021-03,0.0,0.0016274346099862,-11.784143562727053,,,,,10.0
978,2021-03,0.0,0.0024362323866853,-9.90211730054628,,,,,80.0
979,2021-03,0.0,0.0031074877889523,-14.19222986775057,,,,,70.0
980,2021-03,0.0,0.0018863846967266,-11.013270851873555,,,,,10.0
981,2021-03,0.0,0.0025626761899957,-8.561055472589288,,,,,80.0
982,2021-03,0.0,0.0017598168499706,-10.134009954176106,,,,,10.0
983,2021-03,0.0,0.0013658792331805,-11.696798152308284,,,,,10.0
984,2021-03,0.0,0.0019800944314965,-11.6533734434394,,,,,30.0
985,2021-03,0.0,0.005106386362172,-4.939919719901127,,,,,10.0
986,2021-03,0.0,0.0,,,,,,80.0
987,2021-03,0.0,0.0020295796977052,-9.13806871393673,,,,,10.0
988,2021-03,0.0,0.0023377142907747,-10.700407528620872,,,,,30.0
989,2021-03,0.0,0.0023473571200466,-10.24165871869703,,,,,10.0
990,2021-03,0.0,0.0027951727037659,-9.726824550560266,,,,,30.0
991,2021-03,0.0,0.0031494489000806,-7.406570635559717,,,,,30.0
992,2021-03,0.0,0.001249638019658,,,,,,90.0
993,2021-03,0.0,0.0007390343880382,-22.11100658701728,,,,,80.0
994,2021-03,0.0,0.0010484955743616,-8.259186048992389,,,,,10.0
995,2021-03,0.0,0.0006997088865559,-18.584695510008206,,,,,80.0
996,2021-03,0.0,0.0007645587009328,-4.604155498336749,0.2964285714285714,,,,10.0
997,2021-03,0.0,0.0006301443188181,-9.060986337626671,,,,,10.0
998,2021-03,0.0,0.0,,,,,,10.0
999,2021-03,0.0,0.0011838885518526,-9.1768368109486,,,,,80.0
1000,2021-03,0.0,0.0025879752436983,-5.486588545088994,,,,,10.0
1001,2021-03,0.0,0.000732924167282,-2.643464722917672,,,,,10.0
1002,2021-03,0.0,0.0,,,,,,30.0
1003,2021-03,0.0,0.0003519200470615,-22.16512796135357,,,,,80.0
1004,2021-03,0.0,0.0004657261134752,-22.44153259395838,,,,,80.0
1005,2021-03,0.0,0.0005207498485983,-24.233130641650103,,,,,80.0
1006,2021-03,0.0,0.0005127589780963,-25.346413860526116,,,,,30.0
1007,2021-03,0.0,0.0005478955068188,-24.829938118578628,,,,,80.0
1008,2021-03,0.0,0.0005663601742753,-24.225370717931657,,,,,80.0
1009,2021-03,0.0,0.000630207676348,-23.76567481493772,,,,,80.0
1010,2021-03,0.0,0.0006704589767964,-23.66344315040067,,,,,80.0
1011,2021-03,0.0,0.0007007964185897,-23.51309671572885,,,,,80.0
1012,2021-03,0.0,0.0006308239124082,-19.71508221780098,,,,,10.0
1013,2021-03,0.0,0.0009011311990777,-21.304120088952004,,,,,10.0
1014,2021-03,0.0,0.0007293096533543,-17.90521905865182,,,,,10.0
1015,2021-03,0.0,0.0006474547212095,-17.767033513138426,,,,,10.0
1016,2021-03,0.0,0.0012724494781239,-23.899895450577603,,,,,80.0
1017,2021-03,0.0,0.0013764049652926,-24.8289058767339,,,,,80.0
1018,2021-03,0.0,0.0007095521617437,-17.919415320119526,,,,,10.0
1019,2021-03,0.0,0.0007811103875578,-19.557144347277266,,,,,10.0
1020,2021-03,0.0,0.0015124988706992,-24.863226049006173,,,,,80.0
1021,2021-03,0.0,0.0014411071790492,-24.00635648747924,,,,,80.0
1022,2021-03,0.0,0.0007468922124871,-17.782403368021257,,,,,80.0
1023,2021-03,0.0,0.0012965049165634,-23.30741990657973,,,,,80.0
1024,2021-03,0.0,0.0008506794879482,-16.18621617037395,,,,,30.0
1025,2021-03,0.0,0.000804889428365,-17.432780987286932,,,,,10.0
1026,2021-03,0.0,0.0009175795991745,-13.53394436816042,,,,,10.0
1027,2021-03,0.0,0.0008301477643505,-12.230791681657374,,,,,10.0
1028,2021-03,0.0,0.0010865795475139,-12.298500869094664,,,,,10.0
1029,2021-03,0.0,0.0010134923362285,-11.090680695526634,,,,,10.0
1030,2021-03,0.0,0.0006811671866816,-14.447995333331283,,,,,80.0
1031,2021-03,0.0,0.0006568492495727,-13.890926380523046,,,,,80.0
1032,2021-03,0.0,0.0005527754130322,-12.64087483102823,,,,,10.0
1033,2021-03,0.0,0.0010599166170594,-10.91935174221333,,,,,10.0
1034,2021-03,0.0,0.0011210322331662,-11.704732644901997,,,,,80.0
1035,2021-03,0.0,0.0011620882077427,-10.91825015123053,,,,,10.0
1036,2021-03,0.0,0.0009723635983748,-9.974988026772763,,,,,80.0
1037,2021-03,0.0,0.0006560092853078,-9.065406032275106,,,,,80.0
1038,2021-03,0.0,0.0013098747220207,-10.99994517090498,,,,,80.0
1039,2021-03,0.0,0.000713926373578,-5.1334452680362,,,,,10.0
1040,2021-03,0.0,0.0007984267947552,-5.473729404554263,,,,,10.0
1041,2021-03,0.0,0.0007250662333338,-3.4549579948507017,,,,,10.0
1042,2021-03,0.0,0.0006238351947634,-3.4057359488064254,,,,,10.0
1043,2021-03,0.0,0.000679327367402,-3.3451678432810144,,,,,10.0
1044,2021-03,0.0,0.0005582872218459,-2.739920790161923,,,,,10.0
1045,2021-03,0.0,0.0005950112617901,-2.712987843319832,,,,,10.0
1046,2021-03,0.0,0.000157170562602,-24.443891599101377,,,,,80.0
1047,2021-03,0.0,0.0003299010978707,-26.26685814396025,,,,,80.0
1048,2021-03,0.0,0.0002719877348908,-22.64908129374183,,,,,80.0
1049,2021-03,0.0,0.0003346359418401,-25.574744411181356,,,,,30.0
1050,2021-03,0.0,0.0003369288580188,-25.472894455284184,,,,,80.0
1051,2021-03,0.0,0.000413107319332,-24.89246521406273,,,,,80.0
1052,2021-03,0.0,0.0004184009568461,-22.19255320094389,,,,,80.0
1053,2021-03,0.0,0.0004304522709617,-22.779296627523195,,,,,10.0
1054,2021-03,0.0,0.0005549272583493,-24.19801180029426,,,,,80.0
1055,2021-03,0.0,0.0006359634982118,-22.33073136934668,,,,,10.0
1056,2021-03,0.0,0.0006834543267789,-22.088882778536863,,,,,10.0
1057,2021-03,0.0,0.0006575097494558,-23.71339069079325,,,,,10.0
1058,2021-03,0.0,0.0007547604143234,-20.97699449518673,,,,,10.0
1059,2021-03,0.0,0.0007152227746018,-21.34189778399722,,,,,10.0
1060,2021-03,0.0,0.0007045395733484,-20.43863300152173,,,,,10.0
1061,2021-03,0.0,0.0008524941341647,-21.94705886430636,,,,,10.0
1062,2021-03,0.0,0.0005347063826093,-18.732984288533515,,,,,80.0
1063,2021-03,0.0,0.000923418073512,-21.398535258795604,,,,,10.0
1064,2021-03,0.0,0.001029711781598,-22.325571339104755,,,,,80.0
1065,2021-03,0.0,0.0010351022766599,-22.071558332272303,,,,,10.0
1066,2021-03,0.0,0.0014352915869721,-24.98915343335878,,,,,80.0
1067,2021-03,0.0,0.0009647799716958,-21.13032249942901,,,,,80.0
1068,2021-03,0.0,0.0006868137107858,-18.134865133907606,,,,,80.0
1069,2021-03,0.0,0.0011197930263051,-21.561957217800977,,,,,80.0
1070,2021-03,0.0,0.0014068247811565,-24.09729066664171,,,,,30.0
1071,2021-03,0.0,0.0007495103465089,-18.93050980516657,,,,,10.0
1072,2021-03,0.0,0.0013129660920867,-23.71425108960878,,,,,30.0
1073,2021-03,0.0,0.0011712821261653,-23.044157703632067,,,,,80.0
1074,2021-03,0.0,0.0007795361863145,-17.60456303832349,,,,,80.0
1075,2021-03,0.0,0.0007278207750687,-17.138903225678817,,,,,10.0
1076,2021-03,0.0,0.0007142057703504,-17.25918609044882,,,,,80.0
1077,2021-03,0.0,0.0008085984176962,-19.730130730905813,,,,,80.0
1078,2021-03,0.0,0.0007317388491401,-16.80022993600494,,,,,30.0
1079,2021-03,0.0,0.000914019166089,-16.525732524420608,,,,,10.0
1080,2021-03,0.0,0.0007557166801461,-16.282103807182704,,,,,10.0
1081,2021-03,0.0,0.0010903539197215,-17.361629771844452,,,,,10.0
1082,2021-03,0.0,0.0008960170732507,-15.729354993758632,,,,,10.0
1083,2021-03,0.0,0.0009348272407123,-15.586313876627145,,,,,10.0
1084,2021-03,0.0,0.0010590993549991,-12.985183304270512,,,,,10.0
1085,2021-03,0.0,0.0009216671870717,-11.792042693271412,,,,,10.0
1086,2021-03,0.0,0.0005668332861432,-12.27652007482385,,,,,80.0
1087,2021-03,0.0,0.0011624096022615,-11.08345209347302,,,,,10.0
1088,2021-03,0.0,0.0005317969308862,-11.934148288029462,,,,,10.0
1089,2021-03,0.0,0.0008488519178399,-13.094162778956871,,,,,10.0
1090,2021-03,0.0,0.000600081502057,-11.718131962984671,,,,,80.0
1091,2021-03,0.0,0.0009919117266008,-10.6492901821107,,,,,10.0
1092,2021-03,0.0,0.0011252536810009,-9.388651282471116,,,,,10.0
1093,2021-03,0.0,0.0011504030593621,-10.20887933956677,,,,,10.0
1094,2021-03,0.0,0.0009207599095527,-10.586962293125795,,,,,10.0
1095,2021-03,0.0,0.0006111033942867,-9.29269701639808,,,,,10.0
1096,2021-03,0.0,0.0007716338296032,-7.686350016440099,,,,,10.0
1097,2021-03,0.0,0.0011657161699304,-8.938863089776802,,,,,10.0
1098,2021-03,0.0,0.0011228316214252,-9.077565008366244,,,,,10.0
1099,2021-03,0.0,0.0013563042567739,-10.503758555586586,,,,,10.0
1100,2021-03,0.0,0.0008047936545381,-7.696130429886561,,,,,10.0
1101,2021-03,0.0,0.0007547395897193,-4.728908452680014,,,,,10.0
1102,2021-03,0.0,0.0007279824260584,-2.7470875661432785,,,,,10.0
1103,2021-03,0.0,0.0,,,,,,30.0
1104,2021-03,0.0,0.0009222309476702,-1.8350156435402027,,,,,10.0
1105,2021-03,0.0,0.0015043323920735,-1.4599668154152283,,,,,10.0
1106,2021-03,0.0,0.0008004255447025,-0.2439826371646631,,,,,10.0
1107,2021-03,0.0,0.0011602534042367,,,,,,10.0
1108,2021-03,0.0,0.0,,,,,,80.0
1109,2021-03,0.0,0.0,,,,,,30.0
1110,2021-03,0.0,0.0,,,,,,30.0
1111,2021-03,0.0,0.0001854492412576,,,,,,30.0
1112,2021-03,0.0,0.0,,,,,,30.0
1113,2021-03,0.0,0.0,,,,,,30.0
1114,2021-03,0.0,0.0,,,,,,30.0
1115,2021-03,0.0,0.0,-22.94428931205502,,,,,80.0
1116,2021-03,0.0,0.0,,,,,,30.0
1117,2021-03,0.0,0.0,,,,,,10.0
1118,2021-03,0.0,0.0005326462970742,-12.10494040622504,,,,,10.0
1119,2021-03,0.0,0.0,,,,,,10.0
1120,2021-03,0.0,0.0,,,,,,80.0
1121,2021-03,0.0,0.0010212674354653,-26.23326217217172,,,,,80.0
1122,2021-03,0.0,0.0,,,,,,30.0
1123,2021-03,0.0,0.0013026888628101,-26.176018241763124,,,,,80.0
1124,2021-03,0.0,0.0010845634445152,-26.42814740397289,,,,,80.0
1125,2021-03,0.0,0.0011962657855519,-25.1507610152146,,,,,80.0
1126,2021-03,0.0,0.0013276885876985,-23.718070279080003,,,,,80.0
1127,2021-03,0.0,0.0013252598973445,-23.60433151308921,,,,,80.0
1128,2021-03,0.0,0.0007065021987152,-18.97684052033234,,,,,80.0
1129,2021-03,0.0,0.0006749197901854,-16.787848455245577,,,,,80.0
1130,2021-03,0.0,0.0004893068906236,-29.360748327932026,,,,,80.0
1131,2021-03,0.0,0.0004840510027179,-29.36042831995152,,,,,80.0
1132,2021-03,0.0,0.0004958534674415,-28.86732480568144,,,,,80.0
1133,2021-03,0.0,0.0004069449727764,-26.08542416533779,,,,,100.0
1134,2021-03,0.0,0.0006621811072934,-28.789913682014685,,,,,100.0
1135,2021-03,0.0,0.0005622481988439,-27.92105757522385,,,,,80.0
1136,2021-03,0.0,0.0007236995916914,-27.94596385422571,,,,,80.0
1137,2021-03,0.0,0.0009502987879661,-26.995319180907792,,,,,80.0
1138,2021-03,0.0,0.001386767611229,-25.584975915997667,,,,,80.0
1139,2021-03,0.0,0.0010219369046772,-26.792402341288884,,,,,80.0
1140,2021-03,0.0,0.0013813142260232,-25.142018738613316,,,,,30.0
1141,2021-03,0.0,0.0013172751113408,-25.11024650589606,,,,,80.0
1142,2021-03,0.0,0.0011998257906019,-25.65587785372168,,,,,80.0
1143,2021-03,0.0,0.001130666683025,-25.512065024700615,,,,,80.0
1144,2021-03,0.0,0.0011180276526248,-25.576459787269776,,,,,80.0
1145,2021-03,0.0,0.0011492377208242,-25.1981433087108,,,,,80.0
1146,2021-03,0.0,0.0014227531911501,-24.315561573479748,,,,,30.0
1147,2021-03,0.0,0.0012945536487186,-24.342527408668197,,,,,80.0
1148,2021-03,0.0,0.0011623184568255,-23.040461217056933,,,,,80.0
1149,2021-03,0.0,0.0011121295522663,-24.47757326459639,,,,,80.0
1150,2021-03,0.0,0.0,,,,,,30.0
1151,2021-03,0.0,0.0010525198714503,-22.20175609762159,,,,,80.0
1152,2021-03,0.0,0.0011991720851063,-22.63467930701469,,,,,80.0
1153,2021-03,0.0,0.0010804427848825,-22.538679196757627,,,,,80.0
1154,2021-03,0.0,0.0009807664341299,-21.443799280693,,,,,80.0
1155,2021-03,0.0,0.0012851890380978,-23.26516440575332,,,,,30.0
1156,2021-03,0.0,0.001331682985349,-22.959275896196395,,,,,80.0
1157,2021-03,0.0,0.0011532275067338,-22.32628275963566,,,,,30.0
1158,2021-03,0.0,0.001385452524622,-23.46531231377712,,,,,30.0
1159,2021-03,0.0,0.0006835063303263,-18.224928814649843,,,,,80.0
1160,2021-03,0.0,0.0007419931763479,-19.82208149506507,,,,,80.0
1161,2021-03,0.0,0.0012886812350719,-22.224592311229568,,,,,80.0
1162,2021-03,0.0,0.0,,,,,,30.0
1163,2021-03,0.0,0.0005927430349586,-16.365569273972575,,,,,80.0
1164,2021-03,0.0,0.0006415199756525,-17.586034908773204,,,,,80.0
1165,2021-03,0.0,0.0004494475261935,-29.18185870399609,,,,,80.0
1166,2021-03,0.0,0.0004360569702157,-29.1545416432042,,,,,80.0
1167,2021-03,0.0,0.0,-28.793792367750584,,,,,80.0
1168,2021-03,0.0,0.0003205704874365,-28.09110183305636,,,,,80.0
1169,2021-03,0.0,0.000854657410241,-26.733308059254835,,,,,80.0
1170,2021-03,0.0,0.0008198196129569,-26.56404422636953,,,,,80.0
1171,2021-03,0.0,0.0006277405407596,-28.92808940026065,,,,,80.0
1172,2021-03,0.0,0.0008329214589366,-26.68722629752208,,,,,80.0
1173,2021-03,0.0,0.0006584698395499,-28.82733742088398,,,,,100.0
1174,2021-03,0.0,0.0006308412240514,-28.74629126518002,,,,,100.0
1175,2021-03,0.0,0.0014138960030246,-25.541702296486022,,,,,80.0
1176,2021-03,0.0,0.0012739827917584,,,,,,80.0
1177,2021-03,0.0,0.0012869604613949,-25.628780869514685,,,,,80.0
1178,2021-03,0.0,0.0011212663786182,-26.449885120186728,,,,,30.0
1179,2021-03,0.0,0.0011304287301072,-25.16461047510945,,,,,80.0
1180,2021-03,0.0,0.0012643305645951,-25.149079324865824,,,,,30.0
1181,2021-03,0.0,0.0011161757694253,-25.217460795029925,,,,,30.0
1182,2021-03,0.0,0.001037354835527,-24.93797709557316,,,,,80.0
1183,2021-03,0.0,0.0010852310246794,-25.12214181961549,,,,,30.0
1184,2021-03,0.0,0.0012391798880268,-24.720378756779475,,,,,30.0
1185,2021-03,0.0,0.0012399187372693,-23.497874241490493,,,,,80.0
1186,2021-03,0.0,0.0011430872665414,-24.587977358089955,,,,,30.0
1187,2021-03,0.0,0.0013128437783886,-23.69410029995824,,,,,80.0
1188,2021-03,0.0,0.0013249782906541,-23.39025110360967,,,,,30.0
1189,2021-03,0.0,0.0010654764311084,-22.36472484492911,,,,,80.0
1190,2021-03,0.0,0.0013721814440259,-23.288587597145256,,,,,30.0
1191,2021-03,0.0,0.0013682810650834,-23.12786337329493,,,,,30.0
1192,2021-03,0.0,0.0,,,,,,30.0
1193,2021-03,0.0,0.0008078364716538,-18.423497981409845,,,,,80.0
1194,2021-03,0.0,0.0007423106021254,-19.928817884383637,,,,,80.0
1195,2021-03,0.0,0.0013476951108941,-21.943913037973477,,,,,30.0
1196,2021-03,0.0,0.0009692081000973,-21.17786976120375,,,,,80.0
1197,2021-03,0.0,0.0011996073709497,-21.34931860893001,,,,,30.0
1198,2021-03,0.0,0.0006722031222352,-17.371531905580998,,,,,80.0
1199,2021-03,0.0,0.0,,,,,,80.0
1200,2021-03,0.0,0.0011689631329545,,,,,,30.0
1201,2021-03,0.0,0.0012751786099443,-24.31756982700796,,,,,100.0
1202,2021-03,0.0,0.0011588867548815,-22.56308078970958,,,,,80.0
1203,2021-03,0.0,0.0,,,,,,30.0
1204,2021-03,0.0,0.0005721194730767,,,,,,30.0
1205,2021-03,0.0,0.0,,,,,,30.0
1206,2021-03,0.0,0.0004071985299528,-28.71243909864136,,,,,100.0
1207,2021-03,0.0,0.0003290848867663,-29.18898550550613,,,,,80.0
1208,2021-03,0.0,0.0001852933999468,-28.320313915129606,,,,,100.0
1209,2021-03,0.0,0.0004421440945634,-28.52481476568405,,,,,100.0
1210,2021-03,0.0,0.0001483701851536,-28.64993897363335,,,,,100.0
1211,2021-03,0.0,0.0001778869019517,-27.138849263891924,,,,,100.0
1212,2021-03,0.0,0.0001660944955119,-25.65682291420554,,,,,100.0
1213,2021-03,0.0,0.0004108218537339,-29.59021902655673,,,,,100.0
1214,2021-03,0.0,0.0003589341478118,-29.13049116647369,,,,,80.0
1215,2021-03,0.0,0.0003607443728047,-29.228224858930016,,,,,100.0
1216,2021-03,0.0,0.0003002198474177,-29.17003275963566,,,,,80.0
1217,2021-03,0.0,0.0003561296250988,-28.482653517364145,,,,,100.0
1218,2021-03,0.0,0.0004314655499229,-26.976173727657606,,,,,100.0
1219,2021-03,0.0,0.0004905734254962,-26.90997996000648,,,,,80.0
1220,2021-03,0.0,0.0003740217716743,-25.12782812594748,,,,,100.0
1221,2021-03,0.0,0.0005396186858619,-31.14437174233056,,,,,80.0
1222,2021-03,0.0,0.0002858096262668,-26.158618154100903,,,,,80.0
1223,2021-03,0.0,0.0002644769287674,-25.21584173948729,,,,,100.0
1224,2021-03,0.0,0.0005685494032074,-31.27500377778081,,,,,100.0
1225,2021-03,0.0,0.0002855164991387,-26.199672481577863,,,,,80.0
1226,2021-03,0.0,0.0,-26.46712827374856,,,,,80.0
1232,2021-03,0.0,0.0012396058128842,-13.508973451839958,,,,,100.0
1233,2021-03,0.0,0.0,,,,,,100.0
1234,2021-03,0.0,0.0,,,,,,100.0
1235,2021-03,0.0,0.0,,,,,,100.0
1236,2021-03,0.0,0.0,,,,,,100.0
1241,2021-03,0.0,0.0008947215414612,-16.057472680790614,,,,,70.0
1242,2021-03,0.0,0.0007139700126929,-14.854782108593998,,,,,100.0
1243,2021-03,0.0,0.0006493778546554,-15.91686024409465,,,,,30.0
1244,2021-03,0.0,0.0004502386181976,-16.246204822147657,,,,,100.0
1245,2021-03,0.0,0.0005263778752654,-16.343029831448252,,,,,100.0
1246,2021-03,0.0,0.0,,,,,,100.0
1247,2021-03,0.0,0.0006949323601096,-16.77327471087054,,,,,100.0
1248,2021-03,0.0,0.0,,,,,,100.0
1249,2021-03,0.0,0.0,,,,,,100.0
1250,2021-03,0.0,0.0,,,,,,100.0
1251,2021-03,0.0,0.0010351187743741,-13.960106699367795,,,,,70.0
1252,2021-03,0.0,0.0,,,,,,100.0
1253,2021-03,0.0,0.0010941919000515,-13.524428865986476,,,,,100.0
1256,2021-03,0.0,0.0,,,,,,100.0
1650,2021-03,0.0,0.0,22.893446013532134,,,,,
1654,2021-03,0.0,0.0,29.10380114073396,,,,,
453,2021-04,21038513.45446956,0.001461253801167,2.541430098214435,,,,,40.0
454,2021-04,0.0,0.0011841226048626,-5.300242118678444,,,,,80.0
455,2021-04,0.0,0.0009935193444517,-4.762086394609277,,,,,80.0
456,2021-04,0.0,0.0011607878873124,-3.8947628641097705,0.2811446078431372,12.183282663760084,1.3051343086438305,2.6145661858803666,80.0
457,2021-04,0.0,0.0004916689106952,0.2738378928126627,0.2191088048045103,5.106579281389713,0.5805943388097428,5.60465641040355,10.0
458,2021-04,0.0,0.0013272189708242,-2.160669736508944,,,,,80.0
459,2021-04,0.0,0.0,,,,,,10.0
460,2021-04,0.0,0.0006059153376804,-0.4738534898279833,,,,,80.0
461,2021-04,410533.7394195746,0.0009179298186351,0.165866631401933,0.1187978809703975,10.369550704956056,,3.2090513706207275,80.0
462,2021-04,2707950.6137220208,0.0012008938940399,1.1092240715214627,0.1030897216527023,,,,10.0
463,2021-04,10883241.03704095,0.0012443039840275,2.0132547475591243,,,,,80.0
464,2021-04,0.0,0.0025084408193041,1.8344093131335608,,,,,10.0
465,2021-04,0.0,0.0028639685278588,3.7367294609565977,,,,,10.0
466,2021-04,0.0,0.0030209131750536,4.011162682735582,,,,,10.0
467,2021-04,0.0,0.0010511015354381,-10.896830788636793,,,,,80.0
468,2021-04,0.0,0.0011447002820293,-7.752564267758946,,,,,80.0
469,2021-04,0.0,0.0009499074444191,-2.7711532816696725,,,,,10.0
470,2021-04,0.0,0.0008914092501218,-0.6442460801866068,0.1915822990212203,34.56595993041992,3.980440886124321,21.045196533203125,10.0
471,2021-04,0.0,0.0008450999358084,-2.588240446867744,,,,,10.0
472,2021-04,0.0,0.0008173071878401,0.2436356488396293,0.1455078744543367,4.104124069213867,1.3475185413265702,1.6867491006851196,10.0
473,2021-04,0.0,0.0007060472666012,-3.702800584875997,,,,,80.0
474,2021-04,0.0,0.0006835545033039,-2.958127780490429,,,,,10.0
475,2021-04,0.0,0.0007851181142601,-0.6084800334891699,0.1685213022190634,16.58076138767813,1.3954606489701704,9.694495694977896,10.0
476,2021-04,0.0,0.000681124160115,-1.872468798088279,,,,,10.0
477,2021-04,0.0,0.0005299362964787,0.6071045520259136,0.1296313584803844,47.20215122194754,2.4604429967195083,5.105018833376543,10.0
478,2021-04,0.0,0.0006622887553472,1.040830327234405,0.0962852027033369,2.4729257971048355,2.5576849865871782,5.955052867531776,10.0
479,2021-04,0.0,0.0006280968540243,-0.027031534830703,0.1729328720597449,28.444557189941406,0.4561630514064438,11.312800407409668,10.0
480,2021-04,0.0,0.0005367052553879,0.8706476282190617,0.106198898289061,9.22966088177193,3.2500061035156254,5.169871502334163,10.0
481,2021-04,0.0,0.0005262151053641,-1.1941227288893552,,,,,10.0
482,2021-04,0.0,0.0004540976880775,1.6312353440273202,0.1546379253168526,5.1232311725616455,2.7029236085458064,6.702559630076091,10.0
483,2021-04,0.0,0.0005455436307973,1.0603595874927834,0.1488250050852167,4.750799489371917,0.98396248980846,4.74263744669802,10.0
484,2021-04,0.0,0.0007148419319378,-1.8824991377572768,,,,,10.0
485,2021-04,0.0,0.0004711839981236,0.8759175134083778,0.1635029931044197,21.7737967338413,3.941403952977991,8.088973033428193,10.0
486,2021-04,0.0,0.0005362734528502,-0.4645750822844106,0.2807877777777777,13.851605110491317,2.329412662887341,8.713348843157291,10.0
487,2021-04,0.0,0.0008336242100881,-1.8247236463758512,,,,,10.0
488,2021-04,0.0,0.0004975149806901,0.081426838690382,0.1884437548838016,9.36178948050365,0.3151223825853924,5.310188362002373,10.0
489,2021-04,0.0,0.0005232448072328,-0.8660552978515432,,,,,10.0
490,2021-04,0.0,0.0004267024483871,1.5958545856647874,0.0923745624420931,18.01639523276519,1.8309532893221456,10.616336514823365,10.0
491,2021-04,0.0,0.0005494276264739,0.4936843817379525,0.1359553601373561,9.295672782075902,1.108951489579655,6.972165456248654,10.0
492,2021-04,0.0,0.0007055821020192,-1.2257748074001522,,,,,10.0
493,2021-04,0.0,0.0004545914583735,0.9378941462590372,0.1752336303764,4.270054176449776,1.1163459727966707,17.308861762285233,10.0
494,2021-04,0.0,0.0004745373756056,1.1479378520578851,0.1520458013674758,11.338048313744366,1.3605989544310564,5.95666516572237,80.0
495,2021-04,0.0,0.0006023647076176,-0.9804031372070056,,,,,10.0
496,2021-04,0.0,0.0005543924370196,-0.5001950350674478,,,,,10.0
497,2021-04,0.0,0.000329878947444,2.038798036928546,0.1119744839069327,3.928214406780685,1.233178716823243,4.923176534808645,10.0
498,2021-04,0.0,0.0006970648466335,-0.2535684091073212,,,,,80.0
499,2021-04,0.0,0.0006070320307003,-0.698558892144078,,,,,80.0
500,2021-04,0.0,0.0004288811980472,1.345374593509992,0.1383416669465237,26.287038803100582,3.245942854628258,10.041154742240906,10.0
501,2021-04,0.0,0.0006018849212712,-0.0285659019392906,0.2187874631268436,29.46579933166504,4.850006103515625,14.529999732971191,80.0
502,2021-04,0.0,0.0008278141542064,-0.0042538113063983,,,,,10.0
503,2021-04,0.0,0.0006113617493497,0.6759938557942873,0.1396240172239108,,-1.149993896484375,,10.0
504,2021-04,0.0,0.0005632768995919,-0.2990481906466747,,,,,10.0
505,2021-04,0.0,0.0008164326679826,-0.7270193217712928,,,,,10.0
506,2021-04,0.0,0.0013842691479908,-1.927586330837664,,,,,10.0
507,2021-04,0.0,0.0015761686724844,-1.806627505049724,,,,,10.0
508,2021-04,0.0,0.000738417224631,-0.123509208235137,,,,,10.0
509,2021-04,0.0,0.0005418454109417,-0.5210488778573202,,,,,10.0
510,2021-04,0.0,0.0008594148604856,0.056264241536482,,,,,80.0
511,2021-04,0.0,0.0011873149125563,-1.9886171468098723,,,,,10.0
512,2021-04,0.0,0.000409781634687,1.4072107611762363,0.1199878991858896,6.065406322479248,0.8177606855013154,8.377066612243652,10.0
513,2021-04,0.0,0.0016861209426283,-1.2491763863512049,,,,,10.0
514,2021-04,0.0,0.0009230977668153,0.3114868164062727,,,,,10.0
515,2021-04,0.0,0.0007391107495083,-0.4555164761013239,,,,,10.0
516,2021-04,0.0,0.0008424011936004,0.5493759397476704,0.1855470259178051,14.435177111048258,1.7493507076835988,5.579974232459759,10.0
517,2021-04,0.0,0.0006136866409368,-0.1445758960865077,,,,,10.0
518,2021-04,0.0,0.0012486201523529,-1.579190257238947,,,,,10.0
519,2021-04,0.0,0.0003362958132015,1.7024592420790214,0.1402999224823105,3.018981873989105,0.1263754308452665,9.151652544736862,10.0
520,2021-04,0.0,0.0019009907980723,-2.0475445842184943,,,,,80.0
521,2021-04,0.0,0.0006608194913942,2.348156988908727,0.129384018149409,16.099706846007063,1.5482389517484731,9.064198325521703,40.0
522,2021-04,0.0,0.0004739394120494,2.1552584499783167,,,,,30.0
523,2021-04,0.0,0.0016777127883844,-0.7029642480051188,,,,,10.0
524,2021-04,0.0,0.001616010000952,-1.0336816406249767,,,,,10.0
525,2021-04,2121714.733200408,0.0012857174080522,2.265226025051566,0.1139094578733285,,,,10.0
526,2021-04,0.0,0.0015745004762,-1.3596129692925216,,,,,80.0
527,2021-04,343285.322095788,0.0013120737670647,1.410564168294297,,,,,10.0
528,2021-04,0.0,0.0012345322506873,1.4059646606445604,,,,,10.0
529,2021-04,0.0,0.0009313776236418,0.0396141899956887,,,,,80.0
530,2021-04,0.0,0.0011679176985012,2.0665312967182894,0.1638849803469106,17.10244757538466,0.462378416246604,92.0855299968827,40.0
531,2021-04,0.0,0.0010724478627695,2.183498967042471,0.1888455875285986,17.217419946413813,-0.1116289618470805,126.66542349386972,40.0
532,2021-04,0.0,0.0010649454592453,1.0925818549262345,,,,,80.0
533,2021-04,6876545.717661162,0.0013342016603006,1.830392035122596,,,,,10.0
534,2021-04,157143.06524343736,0.0012703176808825,2.42924201117624,,,,,40.0
535,2021-04,0.0,0.0006838438925034,4.524875013248694,0.1234120033000577,13.261122501196848,5.618170575617931,4.737619384192002,30.0
536,2021-04,0.0,0.0020621874468772,0.6803935657848218,,,,,10.0
537,2021-04,0.0,0.0020124096489914,0.4251245946060307,,,,,80.0
538,2021-04,0.0,0.0013144106416689,2.3350484589,,,,,30.0
539,2021-04,0.0,0.0021412630377994,0.8384253607856209,,,,,10.0
540,2021-04,0.0,0.0,,,,,,30.0
541,2021-04,0.0,0.0009591196657929,3.8389610665097367,0.1303120738394034,14.881876200464244,4.839722689101815,14.246239509072732,40.0
542,2021-04,0.0,0.0021669295428978,1.541589694552968,,,,,10.0
543,2021-04,0.0,0.0029707860014127,3.006840933340588,,,,,10.0
544,2021-04,0.0,0.0015362279207133,3.838655853271506,,,,,10.0
545,2021-04,0.0,0.0029550183997836,3.652715826372757,,,,,10.0
546,2021-04,0.0,0.001482335030912,4.572877445927394,,,,,10.0
547,2021-04,0.0,0.0006090085913055,4.222464441370093,,,,,80.0
548,2021-04,0.0,0.0012502592800842,-7.415964423285573,,,,,80.0
549,2021-04,0.0,0.0012641421952631,-7.808024427625867,,,,,80.0
550,2021-04,0.0,0.001143663823484,-7.757484605577247,,,,,80.0
551,2021-04,0.0,0.0012016982583986,-5.972832460756631,,,,,30.0
552,2021-04,0.0,0.001054145097612,-6.967082044813338,,,,,80.0
553,2021-04,0.0,0.0009244056541509,-3.123748440212656,,,,,10.0
554,2021-04,0.0,0.0006913316248642,-3.7249121771918112,,,,,80.0
555,2021-04,0.0,0.0007825341819511,0.9928497314453324,0.1717602985315713,13.652369499206545,0.1833394368489583,9.210615158081056,10.0
556,2021-04,0.0,0.0007866543530212,-3.197769707573769,,,,,20.0
557,2021-04,0.0,0.0010428468243211,-2.991166517469587,,,,,10.0
558,2021-04,0.0,0.0008457359670387,-2.463029762550605,,,,,10.0
559,2021-04,0.0,0.0008085758237825,-2.8606136745876256,,,,,10.0
560,2021-04,0.0,0.0005711860456851,-0.0240215160228179,0.2066437602627257,24.856855059555752,5.314918384217379,3.38907294560756,10.0
561,2021-04,0.0,0.0005778369306312,-0.5720828586154312,0.336,,,,10.0
562,2021-04,0.0,0.0,,,,,,30.0
563,2021-04,0.0,0.0005173096556253,0.8828338623047074,0.1290277675473821,9.05017775297165,4.125868172481142,8.575296252965927,10.0
564,2021-04,0.0,0.0009901706873165,-3.3564863416883384,,,,,80.0
565,2021-04,0.0,0.0005854961274849,-2.6852501763237626,,,,,80.0
566,2021-04,0.0,0.0007842118043489,-2.00687289767792,,,,,10.0
567,2021-04,0.0,0.0005918440221535,-2.591147528754315,,,,,80.0
568,2021-04,0.0,0.0005074773727642,0.3730243824146744,0.2281191702125035,,-0.149993896484375,,10.0
569,2021-04,0.0,0.000452905595182,1.939110372524092,0.0760917499184284,,3.2437227935577004,,10.0
570,2021-04,0.0,0.0011253167687641,-2.288391452365412,,,,,80.0
571,2021-04,0.0,0.0012410429118858,-2.491372293139233,,,,,10.0
572,2021-04,0.0,0.0004207448774746,2.0601807125031217,0.1048866809134581,24.78572654724121,1.5931994877395437,12.820380210876465,10.0
573,2021-04,0.0,0.0012582500277744,-2.2722713894314097,,,,,80.0
574,2021-04,0.0,0.0012079225976056,,,,,,10.0
575,2021-04,0.0,0.0004970353840576,0.6251295979817769,0.1258814405510253,,3.350006103515625,,10.0
576,2021-04,0.0,0.0012040731309639,-2.2054026285807,,,,,10.0
577,2021-04,0.0,0.0012725079555101,-1.6320226372612638,,,,,10.0
578,2021-04,0.0,0.0003452502934919,2.6054094102647767,0.0947620826505552,12.728068374161856,2.654460222542553,6.212040725337478,10.0
579,2021-04,0.0,0.0010877174137817,-1.621692911783839,,,,,10.0
580,2021-04,0.0,0.0004424069820629,2.2050149423104983,0.0998920784762346,24.67866384359395,2.3202435146295395,7.934895380845085,10.0
581,2021-04,0.0,0.0007806243497914,-1.1805341932508355,,,,,10.0
582,2021-04,0.0,0.0005152041570275,-0.3168490261501461,,,,,10.0
583,2021-04,0.0,0.0005972258248713,1.0341622585720756,0.1324088668315811,17.076242446899414,1.3336126608926742,12.322894096374512,10.0
584,2021-04,0.0,0.0006233245878206,0.5352332221137317,0.1864626243781094,0.1482681632041931,0.250006103515625,0.8710578083992004,10.0
585,2021-04,0.0,0.001260372511922,-2.807630121140229,,,,,20.0
586,2021-04,0.0,0.000323303987462,2.670005628797753,,,,,10.0
587,2021-04,0.0,0.0,-0.3092699969256311,,,,,80.0
588,2021-04,0.0,0.0004091766475426,1.454249742296028,0.1055315332732214,4.250344085693359,1.484197279986213,17.148273849487303,10.0
589,2021-04,0.0,0.0004026458411203,1.9283782958984688,0.1177678107315447,,3.1065766163361377,,10.0
590,2021-04,0.0,0.0009321805833565,-2.3512479751828925,,,,,20.0
591,2021-04,0.0,0.0002960053085075,3.000529988606805,,,,,10.0
592,2021-04,0.0,0.0005695635930627,3.702693074544277,,,,,10.0
593,2021-04,0.0,0.0010034066437469,1.3196906873915168,,,,,20.0
594,2021-04,0.0,0.0002105456589447,2.837827894422759,0.129668978464316,7.356549206307883,2.5850502331268177,3.506185478076778,10.0
595,2021-04,0.0,0.0002407786248909,2.631082831488738,0.1380258975175751,14.829944297661116,1.862943372944504,10.881882499301186,10.0
596,2021-04,0.0,0.0003144877154416,2.939980909559484,0.1186140538007141,26.85543441709252,2.594687312720917,10.364196047184963,40.0
597,2021-04,0.0,0.0001954559980617,3.341074594825226,0.1441240956001771,8.248738805630465,2.4053395589703555,3.31757654191552,40.0
598,2021-04,0.0,0.0006933954356895,3.191647338867213,,,,,80.0
599,2021-04,0.0,0.00177605792868,-1.2785451253255076,,,,,10.0
600,2021-04,0.0,0.0011631793775942,0.6378174958405983,,,,,10.0
601,2021-04,0.0,0.001110063567637,0.5016096327040316,,,,,10.0
602,2021-04,0.0,0.0009975889820642,0.7658785317831253,,,,,10.0
603,2021-04,0.0,0.0002288312463747,3.3877576361762523,0.1856972332324223,4.0605496077954335,2.0623754399778496,120.0677708416302,40.0
604,2021-04,0.0,0.0005280409752117,3.0197045220269274,0.1117545279227624,30.494423754676045,1.8727705612717391,5.168890236105238,40.0
605,2021-04,0.0,0.0019558143614517,-0.6528879801432103,,,,,10.0
606,2021-04,0.0,0.0006505946441279,3.031942749023459,0.1697919537181504,9.474919326460682,0.407039137805727,163.6097166456025,40.0
607,2021-04,0.0,0.0005865447967039,3.333043190285044,,,,,80.0
608,2021-04,0.0,0.001109726428865,1.125597805447086,,,,,80.0
609,2021-04,0.0,0.0005996596811996,3.195599433051234,,,,,80.0
610,2021-04,0.0,0.00058547625927,3.0756425645616616,,,,,40.0
611,2021-04,0.0,0.000507211522502,3.7274599325777498,,,,,30.0
612,2021-04,0.0,0.0015113127230392,1.3847503662109517,,,,,10.0
613,2021-04,0.0,0.0015586119889007,2.7579039397063334,0.1175396686167003,18.750650605352387,1.7866116179136926,6.857466149338763,40.0
614,2021-04,0.0,0.0019258220492588,0.2879178647642106,,,,,10.0
615,2021-04,0.0,0.0020971957510166,1.093091837565133,,,,,10.0
616,2021-04,0.0,0.0020574954150902,0.4978792543764712,,,,,10.0
617,2021-04,0.0,0.0022503613572959,1.7278181287977643,,,,,10.0
618,2021-04,0.0,0.0012671149769213,2.625701565212708,,,,,30.0
619,2021-04,0.0,0.0023382265864597,0.4885670979818049,,,,,10.0
620,2021-04,0.0,0.0007232598462489,5.743102688259569,,,,,30.0
621,2021-04,0.0,0.0029269702234652,2.437616984049498,,,,,10.0
622,2021-04,0.0,0.0008756929821061,3.800507778591598,0.1178627903838769,,,,40.0
623,2021-04,0.0,0.0020547071594781,2.34077114529083,,,,,10.0
624,2021-04,0.0,0.0021182426064001,3.571471828884569,,,,,10.0
625,2021-04,0.0,0.00175076196579,4.3614878336588845,,,,,10.0
626,2021-04,0.0,0.0013438678015824,4.412719968765527,,,,,10.0
627,2021-04,0.0,0.0024613027273403,4.374481540256085,,,,,10.0
628,2021-04,0.0,0.0027729605137096,4.904238213433189,,,,,10.0
629,2021-04,0.0,0.0025265183491738,6.290498521592911,,,,,40.0
630,2021-04,0.0,0.0007243749498115,,,,,,80.0
631,2021-04,0.0,0.001310467421888,-1.805625067816834,,,,,10.0
632,2021-04,0.0,0.0,,,,,,10.0
633,2021-04,0.0,0.0026557951374032,2.5779452679302897,,,,,80.0
634,2021-04,1569082.3304996628,0.0019443861337344,5.374003822528255,,,,,80.0
635,2021-04,0.0,0.0026617260410491,6.41764486509924,,,,,80.0
636,2021-04,1726945.0369222397,0.0019698900210379,4.42707435952616,,,,,80.0
637,2021-04,0.0,0.00238215051442,8.318140013040033,,,,,80.0
638,2021-04,0.0,0.0009522437471292,-5.728329128689216,,,,,80.0
639,2021-04,0.0,0.0011053186915263,-3.370485442275278,,,,,80.0
640,2021-04,0.0,0.0,,,,,,80.0
641,2021-04,0.0,0.0,,,,,,80.0
642,2021-04,0.0,0.000822570760105,-3.0594468893463813,,,,,80.0
643,2021-04,0.0,0.0,,,,,,80.0
644,2021-04,0.0,0.0,-2.869088066948734,,,,,80.0
645,2021-04,0.0,0.0005779798753418,-2.576859074504514,,,,,80.0
646,2021-04,0.0,0.0,,,,,,10.0
647,2021-04,0.0,0.0,,,,,,80.0
648,2021-04,0.0,0.0,,,,,,10.0
649,2021-04,0.0,0.0036752375450324,-1.78445705641669,,,,,80.0
650,2021-04,0.0,0.0,,,,,,10.0
651,2021-04,0.0,0.0008510258008354,-0.463896620963827,,,,,80.0
652,2021-04,0.0,0.0009120252727257,,,,,,10.0
653,2021-04,0.0,0.0,,,,,,10.0
654,2021-04,0.0,0.0018749782919588,-0.98865294317802,,,,,10.0
655,2021-04,0.0,0.0,,,,,,10.0
656,2021-04,0.0,0.0030179875804059,0.9875312869485078,,,,,10.0
657,2021-04,0.0,0.0007903926818357,3.597765359760825,,,,,10.0
658,2021-04,0.0,0.0005910878559554,2.586696018562897,,,,,10.0
659,2021-04,0.0,0.0067483425884233,4.922488834882038,,,,,10.0
660,2021-04,0.0,0.0037290290490507,6.920163523356143,,,,,10.0
661,2021-04,0.0,0.0020098535218623,8.58618164727373,,,,,40.0
662,2021-04,0.0,0.0007151908674624,-8.876590643988692,,,,,80.0
663,2021-04,0.0,0.0007996611060644,-8.190004588939502,,,,,80.0
664,2021-04,0.0,0.0005991585695692,-6.954521989233675,,,,,80.0
665,2021-04,0.0,0.001912013329445,-2.391355048285566,,,,,10.0
666,2021-04,0.0,0.0007784864470813,-5.984785129712956,,,,,80.0
667,2021-04,0.0,0.0004548114536987,-5.26426976521808,,,,,80.0
668,2021-04,0.0,0.0018295901019162,-2.461336602105011,,,,,10.0
669,2021-04,0.0,0.0007544901965843,-4.54640034993487,,,,,80.0
670,2021-04,0.0,0.0011159886418568,-3.850217934260261,,,,,80.0
671,2021-04,0.0,0.0,,,,,,80.0
672,2021-04,0.0,0.0012712028621422,,,,,,80.0
673,2021-04,0.0,0.0,,,,,,80.0
674,2021-04,0.0,0.0013234417087895,-3.743232427091652,,,,,80.0
675,2021-04,0.0,0.000837120961378,-1.3714545447546975,,,,,10.0
676,2021-04,0.0,0.0033307506708058,-1.737100637060936,,,,,80.0
677,2021-04,0.0,0.0032937300204025,-1.5490875244140625,,,,,10.0
678,2021-04,0.0,0.0012393855716241,-3.037522163776409,,,,,80.0
679,2021-04,0.0,0.0028727421277931,-1.4572711583517983,,,,,10.0
680,2021-04,0.0,0.0033704574540407,-0.6002034505208087,,,,,10.0
681,2021-04,0.0,0.0031057852034869,-1.3101996970061272,,,,,10.0
682,2021-04,0.0,0.0007672525849888,-0.4310046483599694,,,,,10.0
683,2021-04,0.0,0.0014138062297092,-1.901591036612504,,,,,10.0
684,2021-04,0.0,0.0007353487237082,-0.4659956190320978,,,,,10.0
685,2021-04,0.0,0.0012901338156241,0.808379602913923,,,,,10.0
686,2021-04,0.0,0.0030601817681964,-0.2335997285898447,,,,,10.0
687,2021-04,0.0,0.0012697745858417,-0.413770283132336,,,,,10.0
688,2021-04,0.0,0.0,,,,,,10.0
689,2021-04,0.0,0.0020863233878003,1.131486632331993,,,,,10.0
690,2021-04,0.0,0.0010560954940438,2.8351235283745866,,,,,10.0
691,2021-04,0.0,0.0009958951627521,2.6278844713589065,,,,,10.0
692,2021-04,321106.0275944514,0.0018746849893318,0.4445225390438168,,,,,10.0
693,2021-04,0.0,0.0006201159952865,3.0159921102477987,,,,,10.0
694,2021-04,0.0,0.0014839052301291,0.9891263033163898,,,,,10.0
695,2021-04,0.0,0.0029315123871419,2.8694824315631404,,,,,10.0
696,2021-04,0.0,0.0037593950330006,3.724814690483967,,,,,10.0
697,2021-04,0.0,0.0028543126581894,2.244852077194148,,,,,10.0
698,2021-04,0.0,0.0008568965642439,4.730242411295592,,,,,10.0
699,2021-04,0.0,0.0009137676442167,4.6536000569661695,,,,,10.0
700,2021-04,0.0,0.0,2.856481594509546,,,,,30.0
701,2021-04,0.0,0.0048754752426134,2.71303575303822,,,,,80.0
702,2021-04,0.0,0.0008423292304529,4.981594848632841,,,,,10.0
703,2021-04,0.0,0.0014899869261967,5.130518759782088,,,,,10.0
704,2021-04,0.0,0.0007987354694591,4.76069326689752,,,,,10.0
705,2021-04,0.0,0.0,,,,,,10.0
706,2021-04,0.0,0.0013573472592754,5.346932412309284,,,,,10.0
707,2021-04,0.0,0.0018314221771075,4.789053420078634,,,,,10.0
708,2021-04,0.0,0.0025602155247868,7.017179822526388,,,,,10.0
709,2021-04,0.0,0.0017912482381415,5.669615546332489,,,,,10.0
710,2021-04,0.0,0.002114759459971,4.312611558702287,,,,,10.0
711,2021-04,0.0,0.0031477678246655,7.490928497529088,,,,,10.0
712,2021-04,0.0,0.0028075412071428,6.579759672768116,,,,,10.0
713,2021-04,1123351.8378678171,0.0024358336204547,8.24680914154401,,,,,40.0
714,2021-04,0.0,0.0044751730560051,6.44919331868492,,,,,10.0
715,2021-04,0.0,0.0038326053692685,7.372452799479191,,,,,10.0
716,2021-04,0.0,0.0029600749270051,7.727970038519984,,,,,10.0
717,2021-04,0.0,0.0034795410433199,7.837991236126636,,,,,10.0
718,2021-04,0.0,0.0035745220120379,7.999025454158695,,,,,10.0
719,2021-04,0.0,0.0007889379559742,-9.085144382052931,,,,,80.0
720,2021-04,0.0,0.0013208863137947,-5.407758856879309,,,,,30.0
721,2021-04,0.0,0.0004102286695228,-7.508229234483508,,,,,80.0
722,2021-04,0.0,0.0005663723497377,-7.215963066948746,,,,,80.0
723,2021-04,0.0,0.004739558398603,-1.3485838713469132,,,,,10.0
724,2021-04,0.0,0.0033330728112446,-1.7472496880425297,,,,,80.0
725,2021-04,0.0,0.0007923465965973,,,,,,80.0
726,2021-04,0.0,0.0007916909455047,-4.157362987377003,,,,,80.0
727,2021-04,0.0,0.0033180204032646,-2.089107598198765,,,,,10.0
728,2021-04,0.0,0.0008793800216559,-2.67081759013824,,,,,10.0
729,2021-04,0.0,0.0024048906563507,2.3499325222439325,,,,,10.0
730,2021-04,0.0,0.0013086688517319,1.1013399929470666,,,,,10.0
731,2021-04,0.0,0.0051882301269756,2.826332939995666,,,,,10.0
732,2021-04,0.0,0.0021262687443481,-0.2741010877820902,,,,,10.0
733,2021-04,0.0,0.0011676422753718,-1.211623009117493,,,,,10.0
734,2021-04,0.0,0.0023036819695221,3.318403795030406,,,,,10.0
735,2021-04,0.0,0.0012055706976639,2.327192405418136,,,,,10.0
736,2021-04,0.0,0.0005812604724155,3.4361175537109574,,,,,10.0
737,2021-04,0.0,0.0031343223650045,1.908488972981786,,,,,10.0
738,2021-04,0.0,0.0034946557878242,2.3675120035807424,,,,,10.0
739,2021-04,0.0,0.0006590944527374,3.829265340169286,,,,,10.0
740,2021-04,0.0,0.0024601550895757,3.2711441040039304,,,,,10.0
741,2021-04,0.0,0.0049173139779554,3.102247789171031,,,,,10.0
742,2021-04,0.0,0.0009961208037654,5.014795939127628,,,,,10.0
743,2021-04,0.0,0.0045287755130516,3.456291707356812,,,,,80.0
744,2021-04,0.0,0.0047377742329028,2.846794094509573,,,,,30.0
745,2021-04,0.0,0.0008567196129547,4.820336574978313,,,,,10.0
746,2021-04,0.0,0.0007506661860929,4.514880710177977,,,,,10.0
747,2021-04,0.0,0.0023481976984726,5.068554154653417,,,,,10.0
748,2021-04,0.0,0.006198085546373,4.306427883572065,,,,,10.0
749,2021-04,0.0,0.0019880381225334,4.005115763346367,,,,,10.0
750,2021-04,0.0,0.0,5.497714233398483,,,,,10.0
751,2021-04,0.0,0.0025938094406114,6.186009498878785,,,,,10.0
752,2021-04,0.0,0.0026874986289726,6.010794005731162,,,,,10.0
753,2021-04,0.0,0.0025568228958832,5.977215463143832,,,,,10.0
754,2021-04,0.0,0.002012813786545,7.047087605794275,,,,,10.0
755,2021-04,0.0,0.0,,,,,,100.0
756,2021-04,0.0,0.0006930750607239,,,,,,30.0
757,2021-04,0.0,0.0007927787302719,,,,,,80.0
758,2021-04,0.0,0.0,-3.798469034830703,,,,,10.0
759,2021-04,0.0,0.0,,,,,,80.0
760,2021-04,0.0,0.0,,,,,,80.0
761,2021-04,0.0,0.0014755424855934,,,,,,10.0
762,2021-04,0.0,0.0006897744535194,3.7054589165582,,,,,10.0
763,2021-04,0.0,0.0,,,,,,10.0
764,2021-04,0.0,0.0,,,,,,10.0
765,2021-04,0.0,0.0,4.732289971245677,,,,,10.0
766,2021-04,0.0,0.0,,,,,,80.0
767,2021-04,0.0,0.0064438975849535,4.833519716616062,,,,,10.0
768,2021-04,0.0,0.0,,,,,,10.0
769,2021-04,0.0,0.0064978596566902,,,,,,10.0
770,2021-04,0.0,0.0069137585161911,,,,,,10.0
771,2021-04,0.0,0.0,,,,,,10.0
772,2021-04,0.0,0.0,,,,,,10.0
773,2021-04,7148910.127134124,0.0038810972295069,23.23514213562014,,,,,30.0
774,2021-04,0.0,0.0032984155042754,7.076994493272586,,,,,10.0
775,2021-04,0.0,0.0018874508141266,16.363645765516523,,,,,10.0
776,2021-04,0.0,0.0023719037429421,17.942291297441663,,,,,10.0
777,2021-04,0.0,0.0026975777744041,18.054160902235267,,,,,80.0
778,2021-04,0.0,0.0032013232632266,21.096506279839435,,,,,10.0
779,2021-04,0.0,0.0045772236584411,21.497151082356787,,,,,10.0
780,2021-04,4848956.077445482,0.0041743726814291,22.332763526553236,,,,,30.0
781,2021-04,0.0,0.0032536291329847,4.781855943467909,,,,,10.0
782,2021-04,0.0,0.0036638748644577,6.429539320204015,,,,,10.0
783,2021-04,0.0,0.0031239461897598,7.223286607530383,,,,,10.0
784,2021-04,0.0,0.0035386268793331,6.513209025065123,,,,,10.0
785,2021-04,0.0,0.0039193105696426,,,,,,10.0
786,2021-04,0.0,0.0037876442818628,6.822403632269984,,,,,10.0
787,2021-04,0.0,0.0042446985342886,7.975159437391506,,,,,10.0
788,2021-04,0.0,0.0,,,,,,10.0
789,2021-04,0.0,0.0015411485730396,16.206455824110265,,,,,80.0
790,2021-04,0.0,0.0045398992298828,21.478137255471875,,,,,10.0
791,2021-04,0.0,0.0043606568871723,22.08405320909291,,,,,10.0
792,2021-04,0.0,0.0045443584023701,22.8846649169922,,,,,10.0
793,2021-04,0.0,0.0,,,,,,10.0
794,2021-04,17272781.674267184,0.0010813427765205,4.962756320347478,0.1579790850687569,,,,30.0
795,2021-04,8814142.99558074,0.0011845600833054,6.490422124686803,,,,,30.0
796,2021-04,0.0,0.0008594544727391,3.2668038262261483,0.1388658015920681,34.81788724796186,1.7714232321869845,16.7959164672806,30.0
797,2021-04,8026570.333158374,0.0011271422897551,4.998061375564481,,,,,30.0
798,2021-04,0.0,0.0031996142863022,4.140779434015737,,,,,10.0
799,2021-04,0.0,0.0030437642831392,3.9853963442202174,,,,,10.0
800,2021-04,0.0,0.0012542725941431,2.207472504038894,,,,,30.0
801,2021-04,0.0,0.0040567886828171,4.279238794720385,,,,,80.0
802,2021-04,0.0,0.0017392394426125,-3.3058842381199294,,,,,10.0
803,2021-04,0.0,0.0025251139770847,14.265254449469763,,,,,10.0
804,2021-04,0.0,0.0,,,,,,10.0
805,2021-04,51590841.63598042,0.0043801179997594,14.202173115294682,,,,,30.0
806,2021-04,6893388.775237477,0.0058324986514418,14.872018126347609,,,,,10.0
807,2021-04,35426654.53575444,0.0024610998119066,14.392251861584445,,,,,30.0
808,2021-04,0.0,0.0034814568810991,16.10182718912763,,,,,10.0
809,2021-04,0.0,0.0070959941296564,18.62362402713661,,,,,10.0
810,2021-04,0.0,0.005428652774284,19.545153587451907,,,,,40.0
811,2021-04,0.0,0.005169073257554,18.73733301034634,,,,,10.0
812,2021-04,0.0,0.0049632834393567,19.94451282642507,,,,,80.0
813,2021-04,0.0,0.0067230884156489,19.720734398996747,,,,,90.0
814,2021-04,0.0,0.0,20.07917853461373,,,,,80.0
815,2021-04,0.0,0.0029206161199795,4.514066229926243,,,,,10.0
816,2021-04,0.0,0.0029732060431229,,,,,,10.0
817,2021-04,0.0,0.0008401240328788,5.533376095618753,,,,,40.0
818,2021-04,0.0,0.0023095232247101,5.502404446072092,,,,,10.0
819,2021-04,0.0,0.0024012721577075,5.724797566731809,,,,,80.0
820,2021-04,0.0,0.0013049847258912,-2.113856675889739,,,,,10.0
821,2021-04,0.0,0.0026348751782165,6.355952623155417,,,,,40.0
822,2021-04,0.0,0.0027201495566752,6.97485724555122,,,,,80.0
823,2021-04,0.0,0.0016757693885551,8.148835923936659,,,,,40.0
824,2021-04,0.0,0.0025252771376358,8.311931355794286,,,,,40.0
825,2021-04,0.0,0.0020855019612895,9.282820298936665,,,,,40.0
826,2021-04,0.0,0.0017937165497528,9.522844260886886,,,,,40.0
827,2021-04,0.0,0.0027929913996445,7.72953195723278,,,,,10.0
828,2021-04,0.0,0.0029797372220741,9.031600409613736,,,,,10.0
829,2021-04,0.0,0.0024212968348251,10.678324042426226,,,,,40.0
830,2021-04,0.0,0.0059198659657226,15.880693562825556,,,,,10.0
831,2021-04,0.0,0.0070853239121353,15.728924377963091,,,,,10.0
832,2021-04,0.0,0.0076813508568989,16.771935696072074,,,,,80.0
833,2021-04,0.0,0.0046936671062098,16.559953364619528,,,,,10.0
834,2021-04,0.0,0.0,,,,,,80.0
835,2021-04,0.0,0.0,,,,,,80.0
836,2021-04,0.0,0.006484885002765,19.297592705620684,,,,,10.0
837,2021-04,0.0,0.0063980907945619,19.26558912489152,,,,,10.0
838,2021-04,0.0,0.0022697259484516,10.632790911639196,,,,,30.0
839,2021-04,0.0,0.0025045077128993,10.795126003689248,,,,,40.0
840,2021-04,0.0,0.0025131020610981,10.872921752929706,,,,,40.0
841,2021-04,0.0,0.0023651045559631,,,,,,10.0
842,2021-04,0.0,0.0,,,,,,80.0
843,2021-04,0.0,0.0,,,,,,90.0
844,2021-04,0.0,0.0065398660300957,19.82242397732205,,,,,90.0
845,2021-04,0.0,0.0,27.34425742605168,,,,,
846,2021-04,0.0,0.0,26.46642578826556,,,,,
847,2021-04,0.0,0.0039503084618634,18.355337633796097,,,,,30.0
848,2021-04,0.0,0.0065643919487888,17.843325431720757,,,,,10.0
849,2021-04,0.0,0.0061195287655304,17.966153747702904,,,,,10.0
850,2021-04,53516.52463994852,0.0059418588378813,18.923375583224846,,,,,10.0
851,2021-04,0.0,0.0002283309044087,13.348134833441856,,,,,10.0
852,2021-04,0.0,0.000169131486526,15.32240618537456,,,,,40.0
853,2021-04,0.0,0.0013833425084371,23.547676365098454,,,,,20.0
854,2021-04,3691332.705794748,0.0010737957998109,23.18931860476617,,,,,10.0
855,2021-04,0.0,0.0,22.597258188804627,,,,,
856,2021-04,0.0,0.0,23.39967573754584,,,,,
857,2021-04,0.0,0.0,25.3911061604818,,,,,
858,2021-04,0.0,0.0,22.818576547700506,,,,,
859,2021-04,0.0,0.0,25.92845569751883,,,,,
861,2021-04,0.0,0.0035148667294568,16.941566062992482,,,,,30.0
862,2021-04,0.0,0.0040114559638378,17.50421560781977,,,,,30.0
863,2021-04,0.0,0.0054418750318957,17.685106743706612,,,,,50.0
864,2021-04,0.0,0.0059346350484423,17.438657701280402,,,,,10.0
865,2021-04,0.0,0.0041813772915588,19.17304314507382,,,,,10.0
866,2021-04,0.0,0.0030508504061685,19.72415350051156,,,,,30.0
867,2021-04,0.0,0.0022723975736947,21.836781612569787,,,,,10.0
868,2021-04,0.0,0.0005341045969149,21.891160279441277,,,,,20.0
869,2021-04,0.0,0.0002659903962201,27.264734632704005,,,,,30.0
870,2021-04,0.0,0.0007451546190964,25.64329393174916,,,,,30.0
871,2021-04,0.0,0.0008992301423139,25.62376675075956,,,,,30.0
872,2021-04,0.0,0.0013958984883143,25.41005439432261,,,,,30.0
873,2021-04,0.0,0.0004583147166954,28.52283901638458,,,,,80.0
874,2021-04,0.0,0.0,30.065363566080748,,,,,
875,2021-04,0.0,0.0,24.775265955041977,,,,,
876,2021-04,0.0,0.0,24.675156656901063,,,,,
877,2021-04,0.0,0.0,27.02811516655817,,,,,
878,2021-04,0.0,0.0,,,,,,
879,2021-04,0.0,0.0,22.994995456271724,,,,,
880,2021-04,0.0,0.0,26.36174108111671,,,,,
881,2021-04,0.0,0.0,22.415673217773463,,,,,
882,2021-04,0.0,0.0031835384169009,24.78899841308595,,,,,30.0
883,2021-04,0.0,0.0022932688839299,23.47682366265193,,,,,10.0
884,2021-04,19228953.567249887,0.0005447377263294,25.806847377130183,,,,,10.0
885,2021-04,25466363.717550043,0.0006084894470493,25.923617060497573,,,,,10.0
886,2021-04,0.0,0.000517504758574,25.19278903537329,,,,,30.0
887,2021-04,7743887.891587582,0.0011873961491158,7.89862460884999,,,,,30.0
888,2021-04,6128589.730694353,0.0001008604691485,22.72451921627848,,,,,80.0
889,2021-04,0.0,0.0006965087623908,8.398008010178897,,,,,30.0
890,2021-04,0.0,0.0006952640413032,8.992192314995675,,,,,30.0
891,2021-04,0.0,0.0006554537679208,7.1461552598741545,,,,,60.0
892,2021-04,0.0,0.0007710833380656,6.153028273497026,,,,,30.0
893,2021-04,15366623.637758696,0.000765635799496,6.1900215113107295,,,,,10.0
894,2021-04,0.0,0.0014845822312047,2.00580420115639,,,,,30.0
895,2021-04,0.0,0.0009722441433655,6.012860597210186,,,,,30.0
896,2021-04,0.0,0.0007438082225877,8.591421884086165,,,,,30.0
897,2021-04,0.0,0.0006415735432293,6.282574259440136,,,,,10.0
898,2021-04,0.0,0.0011447500667517,4.023694816468279,,,,,30.0
899,2021-04,0.0,0.0008565080164657,5.997518181078373,,,,,10.0
900,2021-04,0.0,0.0002542245921739,10.482449566876472,,,,,30.0
901,2021-04,0.0,0.0008384669322557,4.713536483522461,,,,,10.0
902,2021-04,0.0,0.0006428332721751,11.371065616133222,,,,,60.0
903,2021-04,0.0,0.0004002544708409,14.20684000651044,,,,,10.0
904,2021-04,0.0,0.0002976424654401,11.083369533140676,,,,,60.0
905,2021-04,0.0,0.0004381481237568,4.6522783657203295,,,,,20.0
906,2021-04,5045823.73018932,0.0003369146652539,14.07213032033639,,,,,30.0
907,2021-04,0.0,6.844647837548716e-05,21.33133177580659,,,,,60.0
908,2021-04,0.0,0.0002953451870666,20.91739088270402,,,,,10.0
909,2021-04,101421114.00330794,0.0001961409109443,25.796799309699114,,,,,10.0
910,2021-04,0.0,0.0,17.358509046766507,,,,,
911,2021-04,0.0,0.0007054728268371,,,,,,80.0
912,2021-04,0.0,0.0007395907547552,8.631232521750741,,,,,30.0
913,2021-04,0.0,0.0006854835669722,9.2436791903731,,,,,10.0
914,2021-04,0.0,0.0002835773675428,15.64986432864345,,,,,10.0
915,2021-04,0.0,0.0002489757536636,16.209631008572046,,,,,60.0
916,2021-04,0.0,6.76031871938872e-05,21.65060368290656,,,,,60.0
917,2021-04,0.0,5.110800145757821e-06,24.92807349989151,,,,,20.0
918,2021-04,0.0,2.3360252259863046e-05,18.91859882198582,,,,,60.0
919,2021-04,0.0,4.9445802650692295e-05,20.35756288329867,,,,,10.0
920,2021-04,0.0,0.0,,,,,,10.0
921,2021-04,0.0,1.0510608433378366e-05,24.201807657877623,,,,,80.0
922,2021-04,0.0,1.5294502058319875e-05,23.865463256835948,,,,,10.0
923,2021-04,175183.07515811129,0.0002901715039001,20.257070244683177,,,,,20.0
924,2021-04,2050728.248977549,0.0007377338408218,18.292629176010355,,,,,10.0
925,2021-04,0.0,0.0,25.976554701063375,,,,,
926,2021-04,0.0,0.0,26.86584496876553,,,,,
927,2021-04,0.0,0.0,25.84012688530817,,,,,
928,2021-04,0.0,0.0011114241954251,1.19535701867308,,,,,10.0
929,2021-04,0.0,0.0011139649326858,1.1690933227539375,,,,,10.0
930,2021-04,0.0,0.0010869853464779,2.5497344420837056,,,,,10.0
931,2021-04,0.0,0.001110765922832,1.6961882232338068,,,,,10.0
932,2021-04,0.0,0.0020417757521347,0.8682944386629116,,,,,10.0
933,2021-04,0.0,0.0022067552173308,0.7454484961498975,,,,,10.0
934,2021-04,0.0,0.0019349058430266,-1.7545538354964814,,,,,10.0
935,2021-04,0.0,0.0017087680100189,-2.3211973109921,,,,,10.0
936,2021-04,0.0,0.001267231702684,3.0813107782743026,,,,,10.0
937,2021-04,0.0,0.0007764208274772,4.973070970222154,,,,,10.0
938,2021-04,1598535.25083729,0.0019501355352348,2.679129558317491,,,,,10.0
939,2021-04,0.0,0.001797020433239,1.8818729998677344,,,,,10.0
940,2021-04,666807.8553365549,0.0013768667392512,5.630078475981913,,,,,10.0
941,2021-04,0.0,0.0003528722374426,10.770286691924705,,,,,30.0
942,2021-04,0.0,0.0012282716553775,2.7868517840350395,,,,,10.0
943,2021-04,0.0,0.0016688281296478,5.020855188851429,,,,,10.0
944,2021-04,0.0,0.0008575131728332,6.8387546979783895,,,,,30.0
945,2021-04,0.0,0.0011782440000109,1.7125507496021584,,,,,10.0
946,2021-04,0.0,0.0011703849168737,2.322941758897592,,,,,10.0
947,2021-04,0.0,0.0044091069968058,-0.3242137680705573,,,,,10.0
948,2021-04,0.0,0.001111872196077,3.090593465169292,,,,,10.0
949,2021-04,0.0,0.0012466294926825,2.972518282622312,,,,,10.0
950,2021-04,0.0,0.0017457795141922,7.469408501519112,,,,,10.0
951,2021-04,0.0,0.0017369675810394,4.753838772243949,,,,,10.0
952,2021-04,0.0,0.0019636502091679,0.0318339307886065,,,,,10.0
953,2021-04,0.0,0.0001414914104044,12.532663247751662,,,,,40.0
954,2021-04,0.0,0.0006524102885312,1.526291474841908,,,,,10.0
955,2021-04,0.0,0.0010197018060952,-9.400268953340523,,,,,30.0
956,2021-04,0.0,0.0025554053586955,-2.495864317152215,,,,,80.0
957,2021-04,0.0,0.0032901514651497,-0.7891611378095059,,,,,30.0
958,2021-04,0.0,9.96787844883329e-05,-13.180005090638272,,,,,80.0
959,2021-04,0.0,0.0010818096355527,-8.05337015787758,,,,,30.0
960,2021-04,0.0,0.0019158696003396,-6.512745745623534,,,,,10.0
961,2021-04,0.0,0.0009841473210982,-7.275920226081948,,,,,30.0
962,2021-04,0.0,0.0008399981684842,-4.009459884078387,,,,,10.0
963,2021-04,0.0,0.0008016250529673,-5.9341781277126495,,,,,10.0
964,2021-04,0.0,0.0010996452226346,-4.289882449071269,,,,,10.0
965,2021-04,0.0,0.0014318524330257,-3.834195511429376,,,,,10.0
966,2021-04,0.0,0.0018348968569677,-1.812502065331017,,,,,10.0
967,2021-04,0.0,0.0021739919281089,-4.053213225777767,,,,,10.0
968,2021-04,0.0,0.0016543565381828,-3.3740748087564905,,,,,10.0
969,2021-04,0.0,0.0024333220719086,-2.48894755045572,,,,,30.0
970,2021-04,0.0,0.0034023927265576,-2.8582387503702806,,,,,30.0
971,2021-04,0.0,0.0028563742338405,-0.2788097180818065,,,,,30.0
972,2021-04,0.0,0.0034474628169126,-0.3116824679904368,,,,,30.0
973,2021-04,0.0,7.967372723290585e-05,-13.520769924587626,,,,,80.0
974,2021-04,0.0,0.0005365383623825,-4.169662927698179,,,,,10.0
975,2021-04,0.0,0.0006302126495825,-2.782622680664042,,,,,10.0
976,2021-04,0.0,0.0022960427209971,-4.370992363823755,,,,,70.0
977,2021-04,0.0,0.0010143928113979,-4.959180297851543,,,,,10.0
978,2021-04,0.0,0.0020491701363312,-3.05382249620223,,,,,80.0
979,2021-04,0.0,0.0022300907223211,-5.287034776475672,,,,,70.0
980,2021-04,0.0,0.0013042822937493,-4.550442233615422,,,,,10.0
981,2021-04,0.0,0.0023624223469482,-2.556722344292524,,,,,80.0
982,2021-04,0.0,0.0018747219182965,-2.939272296239434,,,,,10.0
983,2021-04,0.0,0.0010999802851726,-4.775921291775156,,,,,10.0
984,2021-04,0.0,0.0028967064617859,-3.66710058141634,,,,,30.0
985,2021-04,0.0,0.0050683912633644,0.2147959391276117,,,,,10.0
986,2021-04,0.0,0.0,,,,,,80.0
987,2021-04,0.0,0.0009901650993811,-3.095731645748925,,,,,10.0
988,2021-04,0.0,0.003336592279254,-2.955510050455712,,,,,30.0
989,2021-04,0.0,0.0030644187600924,-2.422165143048296,,,,,10.0
990,2021-04,0.0,0.0030576148169486,-2.1316990605106887,,,,,30.0
991,2021-04,0.0,0.0022115726767765,-1.9377618408202977,,,,,30.0
992,2021-04,0.0,0.000941760539888,,,,,,90.0
993,2021-04,0.0,0.0004842424336061,-12.010492706372712,,,,,80.0
994,2021-04,0.0,0.0008912534512476,-1.688134489223318,,,,,10.0
995,2021-04,0.0,0.0009512842723367,-8.529146975211646,,,,,80.0
996,2021-04,35031.511365426384,0.0007730329737977,0.6407067658126059,0.143481444224748,,,,10.0
997,2021-04,0.0,0.0008887721946476,-1.9584668509567569,,,,,10.0
998,2021-04,0.0,0.0,,,,,,10.0
999,2021-04,0.0,0.0012452793466671,-3.51662343756614,,,,,80.0
1000,2021-04,0.0,0.0016712189781794,-1.0938367464945822,,,,,10.0
1001,2021-04,0.0,0.0011459382945307,1.3917509383384885,,,,,10.0
1002,2021-04,0.0,0.0,,,,,,30.0
1003,2021-04,0.0,0.0003115122019039,-10.3994218614366,,,,,80.0
1004,2021-04,0.0,0.0002032580597983,-10.323013305664045,,,,,80.0
1005,2021-04,0.0,0.000317131536227,-12.974737887912298,,,,,80.0
1006,2021-04,0.0,0.0004879279089602,-14.598788859049456,,,,,30.0
1007,2021-04,0.0,0.0004298864942435,-13.56122848268537,,,,,80.0
1008,2021-04,0.0,0.0003554321327593,-13.049566311306396,,,,,80.0
1009,2021-04,0.0,0.0003866659600324,-12.856248839975075,,,,,80.0
1010,2021-04,0.0,0.0003805647150605,-12.933034072687576,,,,,80.0
1011,2021-04,0.0,0.0003634058344242,-12.634744940863698,,,,,80.0
1012,2021-04,0.0,0.0004123612886514,-8.988043325918666,,,,,10.0
1013,2021-04,0.0,0.000879157805133,-11.557268997346492,,,,,10.0
1014,2021-04,0.0,0.0005666401226613,-7.469743587681158,,,,,10.0
1015,2021-04,0.0,0.0006394950056478,-6.681419552375947,,,,,10.0
1016,2021-04,0.0,0.0006475745235414,-14.39872791187181,,,,,80.0
1017,2021-04,0.0,0.0006132738078138,-15.24076682196721,,,,,80.0
1018,2021-04,0.0,0.0005935009351417,-7.242717172128164,,,,,10.0
1019,2021-04,0.0,0.0010666673948581,-9.722657848539784,,,,,10.0
1020,2021-04,0.0,0.0006049239017662,-15.413984352394356,,,,,80.0
1021,2021-04,0.0,0.0006395873426185,-14.711119588216128,,,,,80.0
1022,2021-04,0.0,0.0008740809558617,-7.605863180278233,,,,,80.0
1023,2021-04,0.0,0.0006248057828501,-14.24317118326821,,,,,80.0
1024,2021-04,0.0,0.0004710850118385,-4.792295764741417,,,,,30.0
1025,2021-04,0.0,0.0008693356133469,-10.236873684885175,,,,,10.0
1026,2021-04,0.0,0.0009702286836601,-3.6549550374348736,,,,,10.0
1027,2021-04,0.0,0.0007037314425866,-3.0709894983234705,,,,,10.0
1028,2021-04,0.0,0.0011360669405772,-3.5917234971787977,,,,,10.0
1029,2021-04,0.0,0.001200687755833,-3.689017593079462,,,,,10.0
1030,2021-04,0.0,0.0009805875473551,-8.134985320736645,,,,,80.0
1031,2021-04,0.0,0.0009968004622843,-7.82920728305685,,,,,80.0
1032,2021-04,0.0,0.0008198125737641,-5.979261561802433,,,,,10.0
1033,2021-04,0.0,0.0008444450540035,-3.231977177898372,,,,,10.0
1034,2021-04,0.0,0.0011981402774615,-5.481263117204612,,,,,80.0
1035,2021-04,0.0,0.0011906491454073,-4.962990346581023,,,,,10.0
1036,2021-04,0.0,0.0010589496577283,-4.288935343424456,,,,,80.0
1037,2021-04,0.0,0.0008369991678781,-2.229834323459187,,,,,80.0
1038,2021-04,0.0,0.0013894578564948,-5.060095893012118,,,,,80.0
1039,2021-04,0.0,0.0004540765780992,0.5666823323567769,,,,,10.0
1040,2021-04,0.0,0.0007218573308953,0.5759112699532428,0.1243160602877514,,,,10.0
1041,2021-04,0.0,0.000453201134879,1.84308424207901,,,,,10.0
1042,2021-04,0.0,0.0007898771430505,1.4254706111955249,,,,,10.0
1043,2021-04,0.0,0.0006025251744972,1.7120452880859562,,,,,10.0
1044,2021-04,0.0,0.0005974135795023,2.0915184868706853,,,,,10.0
1045,2021-04,0.0,0.0005007025117591,2.363366040996497,,,,,10.0
1046,2021-04,0.0,0.0003419552742229,-12.681111992730024,,,,,80.0
1047,2021-04,0.0,0.0004928705095039,-13.920851304795974,,,,,80.0
1048,2021-04,0.0,0.000300965905069,-11.245399192527469,,,,,80.0
1049,2021-04,0.0,0.0003260743616806,-13.703402483904789,,,,,30.0
1050,2021-04,0.0,0.0002998483179794,-13.566285875108491,,,,,80.0
1051,2021-04,0.0,0.0003071871398674,-13.13279859754772,,,,,80.0
1052,2021-04,0.0,0.0002867464719997,-10.187581267180237,,,,,80.0
1053,2021-04,0.0,0.000203109979509,-10.74334298593024,,,,,10.0
1054,2021-04,0.0,0.0003797036408172,-13.06535814073348,,,,,80.0
1055,2021-04,0.0,0.0002490002341427,-10.846280992295982,,,,,10.0
1056,2021-04,0.0,0.000277927882021,-10.785651380750837,,,,,10.0
1057,2021-04,0.0,0.0003605655827906,-13.221463690863686,,,,,10.0
1058,2021-04,0.0,0.0004084197981292,-9.719164238823762,,,,,10.0
1059,2021-04,0.0,0.0004706957190023,-11.36101189507375,,,,,10.0
1060,2021-04,0.0,0.0004200154727982,-9.114085258533732,,,,,10.0
1061,2021-04,0.0,0.0007405278085457,-12.288921780056398,,,,,10.0
1062,2021-04,0.0,0.0004380677639232,-7.521933661566834,,,,,80.0
1063,2021-04,0.0,0.0009009090064751,-11.782925415039044,,,,,10.0
1064,2021-04,0.0,0.0009725463389145,-12.683402845594571,,,,,80.0
1065,2021-04,0.0,0.0009676662086235,-12.475387799298309,,,,,10.0
1066,2021-04,0.0,0.000558654169121,-15.302790323893204,,,,,80.0
1067,2021-04,0.0,0.0011456556120303,-11.726585218641477,,,,,80.0
1068,2021-04,0.0,0.0005456001310335,-7.427305659541351,,,,,80.0
1069,2021-04,0.0,0.0006617267428623,-12.39330772117328,,,,,80.0
1070,2021-04,0.0,0.0006385386733995,-14.723521253797712,,,,,30.0
1071,2021-04,0.0,0.0010692483558045,-9.172441835756636,,,,,10.0
1072,2021-04,0.0,0.0006028950958238,-14.418304104275135,,,,,30.0
1073,2021-04,0.0,0.0005637851356254,-13.922065678349233,,,,,80.0
1074,2021-04,0.0,0.0007952995100405,-7.183663262261263,,,,,80.0
1075,2021-04,0.0,0.000636004544674,-5.809500272774383,,,,,10.0
1076,2021-04,0.0,0.0009103041886078,-7.353151787651882,,,,,80.0
1077,2021-04,0.0,0.0008321128287699,-10.436371866861949,,,,,80.0
1078,2021-04,0.0,0.0009054613112198,-6.758665974934871,,,,,30.0
1079,2021-04,0.0,0.0008802094309316,-6.865410766601542,,,,,10.0
1080,2021-04,0.0,0.000838117996731,-6.172979849356163,,,,,10.0
1081,2021-04,0.0,0.0007334944604622,-9.16880775734226,,,,,10.0
1082,2021-04,0.0,0.0007426378129707,-4.3283626980251455,,,,,10.0
1083,2021-04,0.0,0.0007197229935513,-4.251306129738111,,,,,10.0
1084,2021-04,0.0,0.0007965139546778,-3.062017031069141,,,,,10.0
1085,2021-04,0.0,0.0010465175657259,-4.20200364854599,,,,,10.0
1086,2021-04,0.0,0.0011295822261558,-5.459270901150148,,,,,80.0
1087,2021-04,0.0,0.0006422278283821,-1.6058402732566226,,,,,10.0
1088,2021-04,0.0,0.0008916293083416,-5.290973917643214,,,,,10.0
1089,2021-04,0.0,0.0011538219450699,-6.825934855143203,,,,,10.0
1090,2021-04,0.0,0.0008267235754715,-5.455842985930246,,,,,80.0
1091,2021-04,0.0,0.0010939693822251,-4.838690621512252,,,,,10.0
1092,2021-04,0.0,0.0006495450435863,-1.3270465992114946,,,,,10.0
1093,2021-04,0.0,0.0008357238768326,-4.352957492404485,,,,,10.0
1094,2021-04,0.0,0.0009443059291501,-4.38160000271265,,,,,10.0
1095,2021-04,0.0,0.0008927158513453,-2.4637210422091727,,,,,10.0
1096,2021-04,0.0,0.0008132292193594,-1.2848923746744505,,,,,10.0
1097,2021-04,0.0,0.0011359234153019,-3.4122751871744583,,,,,10.0
1098,2021-04,0.0,0.0010834954181101,-3.635113939826845,,,,,10.0
1099,2021-04,0.0,0.0012238730489002,-4.754686482747388,,,,,10.0
1100,2021-04,0.0,0.0006026250122772,-1.5571098045066378,,,,,10.0
1101,2021-04,0.0,0.0007728601352304,1.3520181613498494,,,,,10.0
1102,2021-04,0.0,0.0004925309759024,2.2182238543475328,,,,,10.0
1103,2021-04,0.0,0.0,,,,,,30.0
1104,2021-04,0.0,0.0010238249598728,2.623720092773476,,,,,10.0
1105,2021-04,0.0,0.0013466381280409,1.5012122260199874,,,,,10.0
1106,2021-04,0.0,0.000652955339894,3.6998121295059208,,,,,10.0
1107,2021-04,0.0,0.0012047660349594,,,,,,10.0
1108,2021-04,0.0,0.0,,,,,,80.0
1109,2021-04,0.0,0.0,,,,,,30.0
1110,2021-04,0.0,0.0,,,,,,30.0
1111,2021-04,0.0,0.0003233176468597,,,,,,30.0
1112,2021-04,0.0,0.0,,,,,,30.0
1113,2021-04,0.0,0.0,,,,,,30.0
1114,2021-04,0.0,0.0,,,,,,30.0
1115,2021-04,0.0,0.0,-10.753395250108497,,,,,80.0
1116,2021-04,0.0,0.0,,,,,,30.0
1117,2021-04,0.0,0.0,,,,,,10.0
1118,2021-04,0.0,0.0008879822491394,-5.525945705837671,,,,,10.0
1119,2021-04,0.0,0.0,,,,,,10.0
1120,2021-04,0.0,0.0,,,,,,80.0
1121,2021-04,0.0,0.0005414454566794,-16.74822813618148,,,,,80.0
1122,2021-04,0.0,0.0,,,,,,30.0
1123,2021-04,0.0,0.0005183670736321,-16.959288354389805,,,,,80.0
1124,2021-04,0.0,0.0014597781563163,-16.099026037145524,,,,,80.0
1125,2021-04,0.0,0.0017628815768944,-14.75307004841322,,,,,80.0
1126,2021-04,0.0,0.0013442357608552,-15.350687253520842,,,,,80.0
1127,2021-04,0.0,0.0024213002444129,-14.55045993632248,,,,,80.0
1128,2021-04,0.0,0.0012756567753961,-11.415048227601943,,,,,80.0
1129,2021-04,0.0,0.0012121415509568,-9.737907936623124,,,,,80.0
1130,2021-04,0.0,0.0007582800585813,-17.605291544596334,,,,,80.0
1131,2021-04,0.0,0.0007918600736843,-17.653102034751793,,,,,80.0
1132,2021-04,0.0,0.0015444302877004,-15.964912037182856,,,,,80.0
1133,2021-04,0.0,0.000486404551789,-16.398188803852445,,,,,100.0
1134,2021-04,0.0,0.0007466098721216,-16.731513378002006,,,,,100.0
1135,2021-04,0.0,0.000761301517366,-17.574830796983488,,,,,80.0
1136,2021-04,0.0,0.0007099924138149,-17.083932033962647,,,,,80.0
1137,2021-04,0.0,0.0016039987299366,-16.252804206399333,,,,,80.0
1138,2021-04,0.0,0.0004992879429247,-16.16735448766635,,,,,80.0
1139,2021-04,0.0,0.0016098219468768,-16.054997355143207,,,,,80.0
1140,2021-04,0.0,0.000566531605898,-15.516332499186175,,,,,30.0
1141,2021-04,0.0,0.0005802300090507,-15.56533153903097,,,,,80.0
1142,2021-04,0.0,0.0017666923528018,-16.166755921163652,,,,,80.0
1143,2021-04,0.0,0.0019540397262858,-15.759944699134325,,,,,80.0
1144,2021-04,0.0,0.0020008245606012,-15.695875954743142,,,,,80.0
1145,2021-04,0.0,0.0020291382344081,-15.87261673861708,,,,,80.0
1146,2021-04,0.0,0.0006379742919193,-15.043448263501334,,,,,30.0
1147,2021-04,0.0,0.0019172281966761,-15.941121984411144,,,,,80.0
1148,2021-04,0.0,0.0009250439205554,-14.75333479623944,,,,,80.0
1149,2021-04,0.0,0.002078274863617,-14.851494236996276,,,,,80.0
1150,2021-04,0.0,0.0,,,,,,30.0
1151,2021-04,0.0,0.000740794166802,-13.791281493097266,,,,,80.0
1152,2021-04,0.0,0.001068188295794,-14.591045206705708,,,,,80.0
1153,2021-04,0.0,0.0010178309677826,-14.492293294270802,,,,,80.0
1154,2021-04,0.0,0.0008324350663807,-13.40454687047885,,,,,80.0
1155,2021-04,0.0,0.0016760765817244,-13.667673198993368,,,,,30.0
1156,2021-04,0.0,0.0015058878725224,-14.847711036318804,,,,,80.0
1157,2021-04,0.0,0.0010272485016571,-14.433614434136246,,,,,30.0
1158,2021-04,0.0,0.0023664435317333,-14.519078572591129,,,,,30.0
1159,2021-04,0.0,0.000899134413642,-11.152041023160178,,,,,80.0
1160,2021-04,0.0,0.0010535492839949,-12.167327167613273,,,,,80.0
1161,2021-04,0.0,0.0016839314995991,-13.612731447081616,,,,,80.0
1162,2021-04,0.0,0.0,,,,,,30.0
1163,2021-04,0.0,0.000937026228103,-9.510383662471042,,,,,80.0
1164,2021-04,0.0,0.0010556356276525,-10.43975176775895,,,,,80.0
1165,2021-04,0.0,0.0007741392402635,-17.85892458315246,,,,,80.0
1166,2021-04,0.0,0.0007874093451884,-17.80620015462236,,,,,80.0
1167,2021-04,0.0,0.0,-17.450457424587654,,,,,80.0
1168,2021-04,0.0,0.000819985767085,-17.613910929361964,,,,,80.0
1169,2021-04,0.0,0.0005266782640205,-16.934602751555246,,,,,80.0
1170,2021-04,0.0,0.0005579923092113,-17.017532348632812,,,,,80.0
1171,2021-04,0.0,0.0006968698897746,-17.140023125542513,,,,,80.0
1172,2021-04,0.0,0.0009710524975048,-17.10899624294703,,,,,80.0
1173,2021-04,0.0,0.0009947304426418,-17.5215376112196,,,,,100.0
1174,2021-04,0.0,0.0010496325292971,-17.56541872377746,,,,,100.0
1175,2021-04,0.0,0.0004967398443606,-15.991749742295989,,,,,80.0
1176,2021-04,0.0,0.0006167252360569,,,,,,80.0
1177,2021-04,0.0,0.0006428482133931,-16.201025729709187,,,,,80.0
1178,2021-04,0.0,0.0018405352531658,-16.14752122667098,,,,,30.0
1179,2021-04,0.0,0.0018449174363202,-15.184047105577235,,,,,80.0
1180,2021-04,0.0,0.0015322736897852,-16.449908108181404,,,,,30.0
1181,2021-04,0.0,0.002188055167475,-15.803993394639738,,,,,30.0
1182,2021-04,0.0,0.0016418183345384,-14.645434231228265,,,,,80.0
1183,2021-04,0.0,0.0019217813510484,-15.291177368164028,,,,,30.0
1184,2021-04,0.0,0.0023042246201422,-15.824903496636272,,,,,30.0
1185,2021-04,0.0,0.0007423830031143,-14.624038696289034,,,,,80.0
1186,2021-04,0.0,0.0022595000265823,-15.072661200629309,,,,,30.0
1187,2021-04,0.0,0.0013961888351824,-15.509869045681398,,,,,80.0
1188,2021-04,0.0,0.0012985129653202,-15.26159475821034,,,,,30.0
1189,2021-04,0.0,0.0010371242462383,-14.41363016764321,,,,,80.0
1190,2021-04,0.0,0.0018296511966771,-13.874671911814833,,,,,30.0
1191,2021-04,0.0,0.0022735726832138,-14.371707605432562,,,,,30.0
1192,2021-04,0.0,0.0,,,,,,30.0
1193,2021-04,0.0,0.0008948829768883,-11.293572116427937,,,,,80.0
1194,2021-04,0.0,0.0010203442969706,-12.520162285698774,,,,,80.0
1195,2021-04,0.0,0.0011791472135769,-13.003213500976535,,,,,30.0
1196,2021-04,0.0,0.0013931788006213,-13.330088862666363,,,,,80.0
1197,2021-04,0.0,0.0010618042944656,-12.53002195005062,,,,,30.0
1198,2021-04,0.0,0.0014194507895695,-10.222481621636271,,,,,80.0
1199,2021-04,0.0,0.0,,,,,,80.0
1200,2021-04,0.0,0.0018331629036651,,,,,,30.0
1201,2021-04,0.0,0.0015135255454765,-16.027426825629334,,,,,100.0
1202,2021-04,0.0,0.0010155500257513,-14.61603820800779,,,,,80.0
1203,2021-04,0.0,0.0,,,,,,30.0
1204,2021-04,0.0,0.0009188500045524,,,,,,30.0
1205,2021-04,0.0,0.0,,,,,,30.0
1206,2021-04,0.0,0.0007152056267078,-17.776217425311028,,,,,100.0
1207,2021-04,0.0,0.0008091163634048,-18.307320488823763,,,,,80.0
1208,2021-04,0.0,0.0003057597328014,-16.874565768771674,,,,,100.0
1209,2021-04,0.0,0.0006898728011833,-18.8676633707682,,,,,100.0
1210,2021-04,0.0,0.0004462100067523,-17.953249540783094,,,,,100.0
1211,2021-04,0.0,0.0005096250026213,-16.73632168240015,,,,,100.0
1212,2021-04,0.0,0.0004824527351843,-16.15685390896266,,,,,100.0
1213,2021-04,0.0,0.0008372363446937,-19.412693132672967,,,,,100.0
1214,2021-04,0.0,0.0005683337150799,-18.57115580240884,,,,,80.0
1215,2021-04,0.0,0.0008114999105747,-18.83036645959922,,,,,100.0
1216,2021-04,0.0,0.0008437015860067,-18.31765686035154,,,,,80.0
1217,2021-04,0.0,0.0005455659825391,-18.37119762279367,,,,,100.0
1218,2021-04,0.0,0.0004834511129843,-17.384176861798295,,,,,100.0
1219,2021-04,0.0,0.0013780816496998,-11.867936876085045,,,,,80.0
1220,2021-04,0.0,0.0011428841677815,-9.160394729161531,,,,,100.0
1221,2021-04,0.0,0.0015158602865054,-15.363045463176665,,,,,80.0
1222,2021-04,0.0,0.0008720358779247,-9.791338966006297,,,,,80.0
1223,2021-04,0.0,0.000898062884687,-9.306928403153345,,,,,100.0
1224,2021-04,0.0,0.0017531716077314,-15.340700118453393,,,,,100.0
1225,2021-04,0.0,0.0008908537029014,-9.862290649414046,,,,,80.0
1226,2021-04,0.0,0.0,-10.7415625678168,,,,,80.0
1232,2021-04,0.0,0.0044009598715888,-6.426887003580703,,,,,100.0
1233,2021-04,0.0,0.0,,,,,,100.0
1234,2021-04,0.0,0.0,,,,,,100.0
1235,2021-04,0.0,0.0,,,,,,100.0
1236,2021-04,0.0,0.0,,,,,,100.0
1241,2021-04,0.0,0.0022454066325015,-8.604574681842113,,,,,70.0
1242,2021-04,0.0,0.0012232040931995,-7.239644165039044,,,,,100.0
1243,2021-04,0.0,0.0010581535099731,-7.4306888156466755,,,,,30.0
1244,2021-04,0.0,0.0010288674063839,-7.269489155118399,,,,,100.0
1245,2021-04,0.0,0.0018792190815462,-7.51723434206037,,,,,100.0
1246,2021-04,0.0,0.0,,,,,,100.0
1247,2021-04,0.0,0.0026365267235822,-8.605262247721313,,,,,100.0
1248,2021-04,0.0,0.0,,,,,,100.0
1249,2021-04,0.0,0.0,,,,,,100.0
1250,2021-04,0.0,0.0,,,,,,100.0
1251,2021-04,0.0,0.0045384463666664,-6.6311842661055085,,,,,70.0
1252,2021-04,0.0,0.0,,,,,,100.0
1253,2021-04,0.0,0.0048343135787831,-6.398696899414039,,,,,100.0
1256,2021-04,0.0,0.0,,,,,,100.0
1650,2021-04,0.0,0.0,24.39080262658194,,,,,
1654,2021-04,0.0,0.0,27.855775282118078,,,,,
453,2021-05,28238004.75067588,0.0009915130874802,9.7114264589347,,,,,40.0
454,2021-05,0.0,0.0020250249966833,-0.0905607977790539,0.1414624935695533,15.766103051513587,6.439118842628364,10.757157449424268,80.0
455,2021-05,0.0,0.002229386561053,0.3912159613721248,,,,,80.0
456,2021-05,0.0,0.0017702499633374,0.6302590451918576,0.1680290006231609,10.020040399055594,2.753012492700845,3.0228725878124045,80.0
457,2021-05,0.0,0.0015583880236484,6.036905382905974,0.1046741184066946,7.908205240879495,3.687146707948568,3.0647868687886874,10.0
458,2021-05,0.0,0.0014416064465286,3.104048183710907,,,,,80.0
459,2021-05,0.0,0.0,,,,,,10.0
460,2021-05,0.0,0.0010194394856739,4.677384404635466,,,,,80.0
461,2021-05,1866062.4519071567,0.0010196172016279,5.390045429352815,0.0933487903350682,,,,80.0
462,2021-05,190395626.2493004,0.0011357675937782,7.012883911546648,0.0877753695420025,,,,10.0
463,2021-05,286842658.31444657,0.0007583692285708,9.542227182933642,,,,,80.0
464,2021-05,0.0,0.0025755420393975,9.097253507282709,,,,,10.0
465,2021-05,0.0,0.0015419400541628,11.304845105581084,,,,,10.0
466,2021-05,0.0,0.0009202306292881,12.593689907144846,,,,,10.0
467,2021-05,0.0,0.0020621420313962,-3.3149895298076464,,,,,80.0
468,2021-05,0.0,0.0024958448810758,-1.2903842843988638,,,,,80.0
469,2021-05,0.0,0.0016740685051141,2.230249845737349,,,,,10.0
470,2021-05,0.0,0.0016842007756281,6.760700922554382,0.1046301248844075,13.760518693732246,5.202781265309507,4.469012166047045,10.0
471,2021-05,0.0,0.0016225858400313,2.473122423780456,,,,,10.0
472,2021-05,0.0,0.0016819514166898,7.79887748901639,0.1314210172553772,15.581476721772368,4.856022472206179,4.527343961019776,10.0
473,2021-05,0.0,0.0015997298181105,1.5654283340761077,,,,,80.0
474,2021-05,0.0,0.0015079288380975,1.941386811451267,,,,,10.0
475,2021-05,0.0,0.0015199272702185,6.982759614424295,0.0835404467644332,12.015137294422455,6.728031391468996,3.037513626518704,10.0
476,2021-05,0.0,0.0012681463005916,3.503787508504968,,,,,10.0
477,2021-05,0.0,0.0012879426577309,8.003701358773474,0.0940557645478758,12.346935120302584,5.248976970453267,1.9598536284719077,10.0
478,2021-05,70256.40318498139,0.0014767639349724,7.848606619991785,0.0919916829887573,22.24885713396253,4.577200332844114,5.824237835362207,10.0
479,2021-05,0.0,0.0011390229975683,7.006714826194211,0.1037615207086182,11.552333138309372,4.365591752381608,3.210109428767149,10.0
480,2021-05,0.0,0.0017022835926415,7.799795662117714,0.0791609006831921,13.36918410801814,5.748086913609659,4.044399250400516,10.0
481,2021-05,0.0,0.0014910811056741,4.301788937604008,,,,,10.0
482,2021-05,0.0,0.0014695240924803,8.080377600611776,0.143972822208411,10.683381783197484,5.544582390850515,2.324244472487464,10.0
483,2021-05,0.0,0.0014292232811499,8.086134156531358,0.1191979770159169,6.841424766416769,4.459289303902729,3.0754066326470326,10.0
484,2021-05,0.0,0.0016964737445164,3.24313601715044,,,,,10.0
485,2021-05,0.0,0.0018237222105312,7.231826793360109,0.0782106639738803,13.788663434986312,6.08951767623649,2.2331005970286077,10.0
486,2021-05,0.0,0.0011418566640928,5.453782665202577,0.0816529159475411,9.547904671511356,4.402453257753132,3.540126659288468,10.0
487,2021-05,0.0,0.0016811818935025,3.3974886535316564,,,,,10.0
488,2021-05,0.0,0.0011042356472372,6.880765172638605,0.0836598607844443,8.92724879575199,4.565739027915084,2.4290858795697963,10.0
489,2021-05,0.0,0.001168855721451,4.9083520909791485,,,,,10.0
490,2021-05,0.0,0.0014995966952796,7.743099112761524,0.1408375393431372,18.66300204957623,6.664607052796623,3.957831875261449,10.0
491,2021-05,0.0,0.0010027409319964,6.906001253025526,0.0742161309537705,11.6692530260972,5.138038348892606,4.923812827687584,10.0
492,2021-05,0.0,0.0015686751773008,4.60695086380063,,,,,10.0
493,2021-05,0.0,0.0013712125526281,7.572049692625674,0.1401486007995016,8.960847587346649,3.679098628031583,2.750703721273567,10.0
494,2021-05,0.0,0.0014745958464758,7.633743651908622,0.1084794004125444,9.869927033189008,4.791399730751389,3.422153670353786,80.0
495,2021-05,0.0,0.0014922882549512,4.79919301104805,,,,,10.0
496,2021-05,0.0,0.0012380477988105,5.294263005186761,,,,,10.0
497,2021-05,0.0,0.0014278941507898,8.295044589299057,0.1111618299322837,6.743137237883458,2.741523501310803,1.4866302394324875,10.0
498,2021-05,0.0,0.0012184184163857,5.217068348819661,0.0788583229552208,7.180723994970322,7.083339436848959,2.18254335608799,80.0
499,2021-05,0.0,0.0011136185497093,4.614583321027876,,,,,80.0
500,2021-05,0.0,0.0011012748003054,7.820666785937817,0.1150314629276695,16.707915763502452,5.141248114063318,3.4047314777729687,10.0
501,2021-05,0.0,0.0012317979206689,5.654808830119552,0.1313506893958794,11.792643875187206,5.14704676586026,5.497407264375696,80.0
502,2021-05,0.0,0.0012177432075191,5.545135813887427,,,,,10.0
503,2021-05,0.0,0.0012648467093754,7.005692154076535,0.0870389313812737,16.270366822412196,6.13282075594872,3.5196917266830128,10.0
504,2021-05,0.0,0.0011545318165043,5.602201622349164,,,,,10.0
505,2021-05,0.0,0.0010317250791571,5.276517757748501,,,,,10.0
506,2021-05,0.0,0.0012844491869259,4.3041386963219,,,,,10.0
507,2021-05,0.0,0.0010616727631248,4.272950973384555,,,,,10.0
508,2021-05,0.0,0.0010184622178523,5.669967709378736,,,,,10.0
509,2021-05,0.0,0.001039973285799,4.619913943437723,,,,,10.0
510,2021-05,0.0,0.0009250806763816,5.681972040155905,,,,,80.0
511,2021-05,0.0,0.0013576232016134,4.381841569305777,,,,,10.0
512,2021-05,0.0,0.001079364505415,8.347530623405225,0.0928342647304046,7.481606442168751,5.287214613774025,2.13869764609744,10.0
513,2021-05,0.0,0.0011108929217937,4.93552473930285,,,,,10.0
514,2021-05,0.0,0.0010071069121408,6.731354731898193,,,,,10.0
515,2021-05,0.0,0.0009988209351945,5.243507496003204,,,,,10.0
516,2021-05,0.0,0.0011284236516319,6.848556107786235,0.1013726722139903,13.899654941573525,6.933480381908432,7.491199056693476,10.0
517,2021-05,0.0,0.0010498217115847,6.176972845207426,,,,,10.0
518,2021-05,0.0,0.001405555891002,5.226110865040695,,,,,10.0
519,2021-05,0.0,0.0010690022379208,8.280557337114908,0.0831825196012618,5.684274593035793,4.282962983623307,2.1902477663989144,10.0
520,2021-05,0.0,0.0017613113264875,3.578993538347576,,,,,80.0
521,2021-05,1005879.5381557489,0.0013773501898281,8.806115265213611,0.1083076529463354,18.60960544518769,6.7365662709922765,2.916668965577044,40.0
522,2021-05,0.0,0.0026991463902972,9.24359838424192,,,,,30.0
523,2021-05,0.0,0.0013461524920165,6.261720807538556,,,,,10.0
524,2021-05,0.0,0.0013228760339558,6.042204879432619,,,,,10.0
525,2021-05,11858869.848066565,0.0014909917957197,8.744863313244256,0.1053949659797738,,,,10.0
526,2021-05,0.0,0.0013582974791574,5.542261648690851,,,,,80.0
527,2021-05,4615280.4415100375,0.0010420962045638,7.861830263582207,,,,,10.0
528,2021-05,0.0,0.0010245620463951,7.899420941260576,,,,,10.0
529,2021-05,0.0,0.0024009591353839,6.872357887350131,,,,,80.0
530,2021-05,0.0,0.001613278698926,9.392733362213846,0.1404804843667037,44.45726433542188,7.158256470285867,7.48735846236004,40.0
531,2021-05,0.0,0.0016370917893166,9.521745394203196,0.1352057991325467,35.4657152383597,5.99371265013131,4.695154688412604,40.0
532,2021-05,22105401.094930384,0.0009348739057827,8.002790176683314,,,,,80.0
533,2021-05,26262965.56575676,0.0007126364424321,9.175879432556606,,,,,10.0
534,2021-05,10960728.800729755,0.0008219238751338,9.578365771854736,,,,,40.0
535,2021-05,0.0,0.0020934044287803,9.983621645179582,0.1262936731981713,7.577374663141075,11.074747281708328,2.400094595876197,30.0
536,2021-05,0.0,0.0020700670611448,7.645235200361784,,,,,10.0
537,2021-05,0.0,0.001639948221504,7.059705860953759,,,,,80.0
538,2021-05,0.0,0.0005156358823228,9.782686465045767,,,,,30.0
539,2021-05,0.0,0.0024172779291916,8.441015743952953,,,,,10.0
540,2021-05,0.0,0.0,,,,,,30.0
541,2021-05,0.0,0.001917673850137,11.09956554375642,0.135295547534398,9.400581270614689,10.519641074122053,2.949107821349382,40.0
542,2021-05,0.0,0.002461231139307,9.032995724421696,,,,,10.0
543,2021-05,0.0,0.0028336600519764,10.745357334314736,,,,,10.0
544,2021-05,0.0,0.0022239923368351,9.51616049462324,,,,,10.0
545,2021-05,0.0,0.0016092158041942,11.177878593334883,,,,,10.0
546,2021-05,0.0,0.0020314855247784,10.19246527422288,,,,,10.0
547,2021-05,0.0,0.0012836982468289,12.28918543306306,,,,,80.0
548,2021-05,0.0,0.0025731463104534,-1.3804793942358913,,,,,80.0
549,2021-05,0.0,0.0025944574544875,-1.3997494400188373,,,,,80.0
550,2021-05,0.0,0.0028156776100445,-1.663223114834011,,,,,80.0
551,2021-05,0.0,0.0022675849616575,-0.2571043732345591,,,,,30.0
552,2021-05,0.0,0.0025086689859676,-1.082763684180449,,,,,80.0
553,2021-05,0.0,0.0019503324101416,1.656265957466606,,,,,10.0
554,2021-05,0.0,0.0016971964508343,1.5593071271014765,,,,,80.0
555,2021-05,0.0,0.0016898993521976,8.631831987442524,0.1216775300120085,20.91237617615056,7.767300430415092,4.399482281463238,10.0
556,2021-05,0.0,0.0015118600653798,1.8211983506397813,,,,,20.0
557,2021-05,0.0,0.0016640743626063,2.0695689088555085,,,,,10.0
558,2021-05,0.0,0.0014157179862309,2.7816711083962864,,,,,10.0
559,2021-05,0.0,0.0015334289640236,1.7235350126861704,,,,,10.0
560,2021-05,0.0,0.0013287006686179,7.466549440609526,0.0881969906437561,13.94633854242102,4.863279180840549,2.3381470798545414,10.0
561,2021-05,0.0,0.002058598038559,5.810084176832656,0.0629688406795708,10.09207962507925,6.521890302986032,4.915419616739962,10.0
562,2021-05,0.0,0.0,,,,,,30.0
563,2021-05,0.0,0.0011708365251668,7.820983874413287,0.1503836571419375,38.49298542026691,8.027152132195097,3.841513833317036,10.0
564,2021-05,0.0,0.0017766978710938,1.9348347858716293,,,,,80.0
565,2021-05,0.0,0.0016312066584873,2.283272023354812,,,,,80.0
566,2021-05,0.0,0.0013838771849918,3.1962222396686686,,,,,10.0
567,2021-05,0.0,0.001644170668726,2.1652650334074792,,,,,80.0
568,2021-05,0.0,0.0017586749166298,7.389411503781578,0.0799686680624473,9.04416408886349,6.904634766597431,2.566958405327516,10.0
569,2021-05,0.0,0.0015872944265652,8.453194017680646,0.0858374021601128,8.383072463298022,4.923392415082078,1.7016675159069048,10.0
570,2021-05,0.0,0.0017287161320496,3.2291283706610634,,,,,80.0
571,2021-05,0.0,0.0018571660041857,3.480532960554813,,,,,10.0
572,2021-05,0.0,0.0016966124399398,8.759367618472917,0.1089599750501755,16.74701063964556,4.941269725941097,2.7434721816063994,10.0
573,2021-05,0.0,0.0015075940758038,3.6665596787647994,,,,,80.0
574,2021-05,0.0,0.0015752652158388,,,,,,10.0
575,2021-05,0.0,0.0014768771946478,7.704642728579972,0.1231472946386283,13.081951994782711,5.980769228363374,2.595943220747896,10.0
576,2021-05,0.0,0.001511554059391,3.777389021842751,,,,,10.0
577,2021-05,0.0,0.0012429221342055,4.308896025790989,,,,,10.0
578,2021-05,0.0,0.0016931628927636,9.350998076572225,0.1026442157683173,9.741816917475854,8.31500171601578,1.4317148952493184,10.0
579,2021-05,0.0,0.0013210389882374,3.86069675978797,,,,,10.0
580,2021-05,0.0,0.0015363808840561,8.832193560583212,0.0957213192270869,31.61690118449065,8.79402650454698,3.4241177896145616,10.0
581,2021-05,0.0,0.0013199983904807,4.570200918054084,,,,,10.0
582,2021-05,0.0,0.0010506531609004,6.330504833754697,,,,,10.0
583,2021-05,0.0,0.0011107239991474,7.2191893095611475,0.0706768661826309,15.690643641251285,6.3884687607004444,4.150391198300441,10.0
584,2021-05,0.0,0.0012685794502544,6.351950356268134,0.1048157675047264,10.197429910221793,6.806347175469387,6.001539329369576,10.0
585,2021-05,0.0,0.0022876260921407,3.691351952970333,,,,,20.0
586,2021-05,0.0,0.0018839216599909,9.469423343289291,,,,,10.0
587,2021-05,0.0,0.0,4.758459372845209,,,,,80.0
588,2021-05,0.0,0.0011196125417995,8.315713849631706,0.0745726228645243,7.322762622294431,3.4840191591250886,4.600069411281136,10.0
589,2021-05,0.0,0.0011716902375269,8.44332720438642,0.086331346792165,8.532047273545784,5.219008906157827,3.5171297764572755,10.0
590,2021-05,0.0,0.0026917558282661,4.189996616228768,,,,,20.0
591,2021-05,0.0,0.0019993800789166,9.75495477355086,,,,,10.0
592,2021-05,0.0,0.0026260209522125,9.730798852571912,,,,,10.0
593,2021-05,0.0,0.0010195318728733,7.93811099554905,,,,,20.0
594,2021-05,0.0,0.0016706276804256,9.553131419356191,0.1172727960913704,3.976475105181269,7.734092313238945,1.10537561666734,10.0
595,2021-05,0.0,0.0015825901299763,9.310645587762954,0.0941214806859662,14.59310329627719,8.53172798727267,2.435221047143709,10.0
596,2021-05,0.0,0.0013931188851643,9.493029346260997,0.1283658515351384,35.32405713314076,9.533440204726132,19.25501031648985,40.0
597,2021-05,0.0,0.0014703754454899,10.186602717201062,0.1470819858735814,5.072757163231451,10.009287934449894,3.5423524904682457,40.0
598,2021-05,0.0,0.0029418829947758,8.98255640255509,,,,,80.0
599,2021-05,0.0,0.001275538292532,5.588943305066849,,,,,10.0
600,2021-05,0.0,0.0007016995420106,7.633416495101017,,,,,10.0
601,2021-05,0.0,0.0007594868660021,7.429331121137096,,,,,10.0
602,2021-05,0.0,0.0007151012738593,8.355876237959352,,,,,10.0
603,2021-05,0.0,0.0013237360984135,9.839546962450925,0.1389322570481471,4.244525622332518,8.21949139189477,1.1303582265713106,40.0
604,2021-05,493656.7188378522,0.0015151303380775,9.644976859964371,0.1221436655381393,33.63934045225546,9.067842219332908,2.743366702105886,40.0
605,2021-05,0.0,0.0011370071639665,6.922328485468388,,,,,10.0
606,2021-05,0.0,0.0014486804723787,9.702026136118056,0.1475593323455812,22.825014851130238,7.836737304700986,3.4958935043915007,40.0
607,2021-05,0.0,0.0029105831056881,9.123901136118056,,,,,80.0
608,2021-05,0.0,0.0008308752248732,8.348964227655898,,,,,80.0
609,2021-05,0.0,0.00286849328578,9.492556455058468,,,,,80.0
610,2021-05,0.0,0.0028182952473609,8.866001568045704,,,,,40.0
611,2021-05,0.0,0.0025630467097915,9.836869720652906,,,,,30.0
612,2021-05,0.0,0.0025606516867924,8.439974208544683,,,,,10.0
613,2021-05,0.0,0.0017773557573605,10.17613585414,0.128059466741122,7.274977562389999,10.031125271611996,2.451939469245098,40.0
614,2021-05,0.0,0.0018890340000439,8.330803752885515,,,,,10.0
615,2021-05,0.0,0.0015710879236507,8.822363072056945,,,,,10.0
616,2021-05,0.0,0.0027861315876293,7.841489936801281,,,,,10.0
617,2021-05,0.0,0.0018955468718542,9.269764221355508,,,,,10.0
618,2021-05,0.0,0.0007972681393274,10.63017944417976,,,,,30.0
619,2021-05,0.0,0.0028024602800655,8.110443649838942,,,,,10.0
620,2021-05,0.0,0.0020195358862527,10.837920583362669,,,,,30.0
621,2021-05,0.0,0.0030853017042128,10.071915809057115,,,,,10.0
622,2021-05,0.0,0.0010543948158669,11.057123315462524,0.1231305312171893,,,,40.0
623,2021-05,0.0,0.0021759037047672,9.203654615340724,,,,,10.0
624,2021-05,0.0,0.0019979428619194,11.313807190105502,,,,,10.0
625,2021-05,0.0,0.0023590091735172,10.051930404991252,,,,,10.0
626,2021-05,0.0,0.0020470138185347,9.857266321489906,,,,,10.0
627,2021-05,0.0,0.0012783173590946,11.98655453343548,,,,,10.0
628,2021-05,0.0,0.0004873339206028,13.64037231527351,,,,,10.0
629,2021-05,0.0,0.0012595716983128,14.74330357787432,,,,,40.0
630,2021-05,0.0,0.000953799870615,,,,,,80.0
631,2021-05,0.0,0.0012651670843411,4.114635168096072,,,,,10.0
632,2021-05,0.0,0.0,,,,,,10.0
633,2021-05,0.0,0.0017088786759403,7.107462410707229,,,,,80.0
634,2021-05,2734686.3474422693,0.0018858430150733,10.146827475146416,,,,,80.0
635,2021-05,0.0,0.0013633197889781,11.576123093674209,,,,,80.0
636,2021-05,44280.64197236512,0.0014867222369769,9.154323865104796,,,,,80.0
637,2021-05,0.0,0.0024453948529957,13.562230920695184,,,,,80.0
638,2021-05,0.0,0.0022900074238786,0.0934359519712639,,,,,80.0
639,2021-05,0.0,0.0026970061347721,0.5357181621324841,,,,,80.0
640,2021-05,0.0,0.0,,,,,,80.0
641,2021-05,0.0,0.0,,,,,,80.0
642,2021-05,0.0,0.0029916885130539,3.0990794779442936,,,,,80.0
643,2021-05,0.0,0.0,,,,,,80.0
644,2021-05,0.0,0.0,3.493281526463022,,,,,80.0
645,2021-05,0.0,0.002622429559491,2.9688577027749323,,,,,80.0
646,2021-05,0.0,0.0,,,,,,10.0
647,2021-05,0.0,0.0,,,,,,80.0
648,2021-05,0.0,0.0,,,,,,10.0
649,2021-05,0.0,0.0022503735753142,0.5374464881361836,,,,,80.0
650,2021-05,0.0,0.0,,,,,,10.0
651,2021-05,0.0,0.0025404926704781,4.726024892108853,,,,,80.0
652,2021-05,0.0,0.0024003524452496,,,,,,10.0
653,2021-05,0.0,0.0,,,,,,10.0
654,2021-05,0.0,0.0028625767967903,3.3156630288456257,,,,,10.0
655,2021-05,0.0,0.0,,,,,,10.0
656,2021-05,0.0,0.0022734094530392,6.666902824432996,,,,,10.0
657,2021-05,0.0,0.0024978589057094,9.508492150984663,,,,,10.0
658,2021-05,0.0,0.0019591948983392,8.89687599566,,,,,10.0
659,2021-05,0.0,0.0025154499456334,8.066421571062243,,,,,10.0
660,2021-05,0.0,0.0016392009943406,12.831746931998982,,,,,10.0
661,2021-05,0.0,0.0019411209593264,13.95457922353525,,,,,40.0
662,2021-05,0.0,0.0018036387566111,-1.9965784339494304,,,,,80.0
663,2021-05,0.0,0.0017434225978083,-1.111627041852011,,,,,80.0
664,2021-05,0.0,0.0021610681567509,-0.4251122819907099,,,,,80.0
665,2021-05,0.0,0.0016906762614894,2.579814283309465,,,,,10.0
666,2021-05,0.0,0.0022243287533569,0.1991825845655379,,,,,80.0
667,2021-05,0.0,0.0023374829560566,0.1941514251052982,,,,,80.0
668,2021-05,0.0,0.0020962649454721,1.612452903431156,,,,,10.0
669,2021-05,0.0,0.0022725267212076,0.8391867018942567,,,,,80.0
670,2021-05,0.0,0.0023886229962158,0.5973724382813869,,,,,80.0
671,2021-05,0.0,0.0,,,,,,80.0
672,2021-05,0.0,0.0020891118913937,,,,,,80.0
673,2021-05,0.0,0.0,,,,,,80.0
674,2021-05,0.0,0.0021118168934714,1.8390922833514636,,,,,80.0
675,2021-05,0.0,0.0036300091544566,4.717678972359021,,,,,10.0
676,2021-05,0.0,0.0026031847391711,1.276242934070043,,,,,80.0
677,2021-05,0.0,0.0026119861871052,1.5016715634254183,,,,,10.0
678,2021-05,0.0,0.0024497613843992,1.8279064424576488,,,,,80.0
679,2021-05,0.0,0.0025272799631772,2.047769805379546,,,,,10.0
680,2021-05,0.0,0.0030074582639113,2.218182623258228,,,,,10.0
681,2021-05,0.0,0.0027488502155841,1.9489350198083408,,,,,10.0
682,2021-05,0.0,0.0030214076030667,5.720321760162982,,,,,10.0
683,2021-05,0.0,0.0028268709898043,2.952721299029523,,,,,10.0
684,2021-05,0.0,0.0024504743635702,4.607367127941533,,,,,10.0
685,2021-05,0.0,0.0024729538180306,7.008142125268628,,,,,10.0
686,2021-05,0.0,0.0030638231181832,3.30793057189667,,,,,10.0
687,2021-05,0.0,0.0026282869398642,4.794233526521469,,,,,10.0
688,2021-05,0.0,0.0,,,,,,10.0
689,2021-05,0.0,0.0026395114257979,7.497749562417328,,,,,10.0
690,2021-05,0.0,0.0022378595872106,8.73710264663972,,,,,10.0
691,2021-05,0.0,0.0025542053148846,8.414707793939796,,,,,10.0
692,2021-05,0.0,0.0027939910654026,5.963039953071296,,,,,10.0
693,2021-05,0.0,0.0023253139227676,8.861972562906757,,,,,10.0
694,2021-05,0.0,0.002756152032655,7.008129524462168,,,,,10.0
695,2021-05,0.0,0.0036900400820753,5.842799320601853,,,,,10.0
696,2021-05,0.0,0.0025496397286701,7.154411467685522,,,,,10.0
697,2021-05,0.0,0.0021120676269182,9.638474456968472,,,,,10.0
698,2021-05,0.0,0.0020078092932749,9.906158434960163,,,,,10.0
699,2021-05,0.0,0.002039578302848,9.995189695460851,,,,,10.0
700,2021-05,0.0,0.0,5.997484420448245,,,,,30.0
701,2021-05,0.0,0.0025461016342092,6.0428574962001065,,,,,80.0
702,2021-05,0.0,0.0019358782837836,10.2383186463387,,,,,10.0
703,2021-05,0.0,0.0019924833248107,10.215084755960625,,,,,10.0
704,2021-05,0.0,0.0020138521798003,10.18059907728628,,,,,10.0
705,2021-05,0.0,0.0,,,,,,10.0
706,2021-05,0.0,0.0018338500330893,10.558666263717791,,,,,10.0
707,2021-05,0.0,0.0016439620524693,10.642858641065033,,,,,10.0
708,2021-05,0.0,0.0013304898107437,13.185961012334454,,,,,10.0
709,2021-05,0.0,0.0016608409045421,11.374920620115022,,,,,10.0
710,2021-05,0.0,0.0014277089506435,9.326325435023165,,,,,10.0
711,2021-05,0.0,0.0013423323605402,12.982290978131232,,,,,10.0
712,2021-05,0.0,0.0015233095070297,12.959770045189767,,,,,10.0
713,2021-05,0.0,0.0027159517293316,14.031482114157782,,,,,40.0
714,2021-05,0.0,0.0028973657757092,10.698931938089371,,,,,10.0
715,2021-05,0.0,0.0021628679826903,12.810436933784096,,,,,10.0
716,2021-05,0.0,0.0030174531694017,12.916831252395491,,,,,10.0
717,2021-05,0.0,0.0030323521663793,12.972743243262904,,,,,10.0
718,2021-05,0.0,0.0028757798751766,13.118810566900558,,,,,10.0
719,2021-05,0.0,0.0018432203799534,-2.209111051661978,,,,,80.0
720,2021-05,0.0,0.0017189595967579,1.2166644229684038,,,,,30.0
721,2021-05,0.0,0.001761249092226,-0.6244441329791925,,,,,80.0
722,2021-05,0.0,0.0020042572289753,-0.4221276847264903,,,,,80.0
723,2021-05,0.0,0.0037837673097897,0.9047551732764229,,,,,10.0
724,2021-05,0.0,0.0017727043598938,0.5459463345107451,,,,,80.0
725,2021-05,0.0,0.002195593105758,,,,,,80.0
726,2021-05,0.0,0.0021254881093947,3.090363739724656,,,,,80.0
727,2021-05,0.0,0.0026408840090084,0.962347859208336,,,,,10.0
728,2021-05,0.0,0.0034780278388991,3.789512610252392,,,,,10.0
729,2021-05,0.0,0.0035689015060711,4.826030759913962,,,,,10.0
730,2021-05,0.0,0.0021746818095493,7.371061579386412,,,,,10.0
731,2021-05,0.0,0.00265080184937,6.669572059057089,,,,,10.0
732,2021-05,0.0,0.0029983639836359,4.388003538671806,,,,,10.0
733,2021-05,0.0,0.0025496227955324,4.534988280154724,,,,,10.0
734,2021-05,0.0,0.0042813334733295,5.08447986315656,,,,,10.0
735,2021-05,0.0,0.0022701237469959,8.556700772794784,,,,,10.0
736,2021-05,0.0,0.0025109786659527,9.178306649320891,,,,,10.0
737,2021-05,0.0,0.0021710384756374,8.916610869540989,,,,,10.0
738,2021-05,0.0,0.0035335961848545,5.4556392423568525,,,,,10.0
739,2021-05,0.0,0.0023355174928951,9.369967409359528,,,,,10.0
740,2021-05,0.0,0.0036537045111307,6.332746431904475,,,,,10.0
741,2021-05,0.0,0.0025925066441345,6.529523283435481,,,,,10.0
742,2021-05,0.0,0.0020469656126414,10.217375843499315,,,,,10.0
743,2021-05,0.0,0.0023416220019309,6.611647726899861,,,,,80.0
744,2021-05,0.0,0.0028055994580237,5.76443565532727,,,,,30.0
745,2021-05,0.0,0.0020197291046429,10.17913948387229,,,,,10.0
746,2021-05,0.0,0.0022981807708788,10.0253335152903,,,,,10.0
747,2021-05,0.0,0.002099800494318,11.32424808332267,,,,,10.0
748,2021-05,0.0,0.0027186915397692,7.443239523774855,,,,,10.0
749,2021-05,0.0,0.0015941139429855,8.666358853411936,,,,,10.0
750,2021-05,0.0,0.0,11.084395857780237,,,,,10.0
751,2021-05,0.0,0.0017946640148807,11.875433796708329,,,,,10.0
752,2021-05,1405765.9644140413,0.001897466401595,11.419877294501278,,,,,10.0
753,2021-05,0.0,0.0019404087334919,10.99345070395706,,,,,10.0
754,2021-05,0.0,0.0024616657565085,12.447384401547026,,,,,10.0
755,2021-05,0.0,0.0,,,,,,100.0
756,2021-05,0.0,0.0021926898628521,,,,,,30.0
757,2021-05,0.0,0.0022697325915146,,,,,,80.0
758,2021-05,0.0,0.0,0.7758152336202784,,,,,10.0
759,2021-05,0.0,0.0,,,,,,80.0
760,2021-05,0.0,0.0,,,,,,80.0
761,2021-05,0.0,0.0027998898297596,,,,,,10.0
762,2021-05,0.0,0.0020619992286015,9.521654342323243,,,,,10.0
763,2021-05,0.0,0.0,,,,,,10.0
764,2021-05,0.0,0.0,,,,,,10.0
765,2021-05,0.0,0.0,7.717103351059791,,,,,10.0
766,2021-05,0.0,0.0,,,,,,80.0
767,2021-05,0.0,0.0025617394715595,8.044003272654797,,,,,10.0
768,2021-05,0.0,0.0,,,,,,10.0
769,2021-05,0.0,0.0023157138496685,,,,,,10.0
770,2021-05,0.0,0.0025287855535793,,,,,,10.0
771,2021-05,0.0,0.0,,,,,,10.0
772,2021-05,0.0,0.0,,,,,,10.0
773,2021-05,3934671.4653218817,0.0008211145440021,26.346434796241045,,,,,30.0
774,2021-05,0.0,0.0019893402352977,13.23632712825654,,,,,10.0
775,2021-05,0.0,0.0018576849371243,20.31398255132862,,,,,10.0
776,2021-05,0.0,0.0015291826652677,22.13489942334176,,,,,10.0
777,2021-05,0.0,0.0014352638393688,22.110506435107183,,,,,80.0
778,2021-05,0.0,0.0008441357061315,24.692256135838026,,,,,10.0
779,2021-05,0.0,0.0008475143581677,24.901256786879696,,,,,10.0
780,2021-05,0.0,0.0010055835345009,25.582333225771777,,,,,30.0
781,2021-05,0.0,0.0021596353620338,11.162608988420589,,,,,10.0
782,2021-05,0.0,0.0029474510620085,12.028675354168,,,,,10.0
783,2021-05,0.0,0.0019712884098339,13.20173824269284,,,,,10.0
784,2021-05,0.0,0.0020349759727764,12.748594866516784,,,,,10.0
785,2021-05,0.0,0.0024387080341625,,,,,,10.0
786,2021-05,0.0,0.0027225788801956,12.063006346806072,,,,,10.0
787,2021-05,0.0,0.0035307296981462,13.326620110132376,,,,,10.0
788,2021-05,0.0,0.0,,,,,,10.0
789,2021-05,0.0,0.0026550728946972,19.95190494086154,,,,,80.0
790,2021-05,0.0,0.0006064846698775,25.089287295832264,,,,,10.0
791,2021-05,0.0,0.0006954975545454,25.63878408862701,,,,,10.0
792,2021-05,4638549.241661062,0.0008465152353096,26.226247467533256,,,,,10.0
793,2021-05,0.0,0.0,,,,,,10.0
794,2021-05,38465321.78334314,0.0018225153520517,11.042964989342238,0.1498077204111772,,,,30.0
795,2021-05,0.0,0.0025176354502304,12.941183310977843,,,,,30.0
796,2021-05,0.0,0.0019190037121423,10.33624955454183,0.1595249954627744,35.14730929634926,11.525165540871097,19.638723287183048,30.0
797,2021-05,3928794.952545942,0.002554561563939,9.947525446967244,,,,,30.0
798,2021-05,0.0,0.0007801094522127,12.066264697385968,,,,,10.0
799,2021-05,0.0,0.000619928178196,12.015912049816526,,,,,10.0
800,2021-05,0.0,0.002636676038728,7.689799503613569,,,,,30.0
801,2021-05,0.0,0.0011318122466453,13.35265615143903,,,,,80.0
802,2021-05,0.0,0.002970489378807,1.9375349485469096,,,,,10.0
803,2021-05,0.0,0.0041046443156373,18.90638728530735,,,,,10.0
804,2021-05,0.0,0.0,,,,,,10.0
805,2021-05,0.0,0.0079939103363424,18.09737716775074,,,,,30.0
806,2021-05,0.0,0.0090129417834607,18.966483642043585,,,,,10.0
807,2021-05,0.0,0.0053392211489653,18.837700106886587,,,,,30.0
808,2021-05,0.0,0.0035773843307434,20.61606929738037,,,,,10.0
809,2021-05,0.0,0.0060172832069345,22.896704996133263,,,,,10.0
810,2021-05,0.0,0.009069559196967,23.56118834532553,,,,,40.0
811,2021-05,0.0,0.0127981929742957,22.605961786076566,,,,,10.0
812,2021-05,0.0,0.0084090805421321,23.895375010446003,,,,,80.0
813,2021-05,0.0,0.0055841632020063,23.809818630991572,,,,,90.0
814,2021-05,0.0,0.0,24.12944374084475,,,,,80.0
815,2021-05,0.0,0.0006608281403828,12.930462568549729,,,,,10.0
816,2021-05,0.0,0.0005712721616077,,,,,,10.0
817,2021-05,0.0,0.0018145289783463,13.1572149557025,,,,,40.0
818,2021-05,0.0,0.0020932842165279,11.511639326362229,,,,,10.0
819,2021-05,0.0,0.0014322736730226,13.590701511342049,,,,,80.0
820,2021-05,0.0,0.0030011749479967,3.158075792046024,,,,,10.0
821,2021-05,0.0,0.0015038091808605,13.743777683217049,,,,,40.0
822,2021-05,0.0,0.001327275124197,14.258860586022848,,,,,80.0
823,2021-05,0.0,0.0019248917818117,15.24558576768446,,,,,40.0
824,2021-05,0.0,0.0024619612962055,14.64549926839851,,,,,40.0
825,2021-05,0.0,0.002779600036149,14.436661574661125,,,,,40.0
826,2021-05,0.0,0.0022908948481131,14.61656116635998,,,,,40.0
827,2021-05,0.0,0.003016380108401,12.328428475867796,,,,,10.0
828,2021-05,0.0,0.0029126096636105,13.47515316624798,,,,,10.0
829,2021-05,0.0,0.004023764418567,15.19945434652351,,,,,40.0
830,2021-05,0.0,0.008710182097559,19.807069827664293,,,,,10.0
831,2021-05,0.0,0.0090539983428624,19.93492848417602,,,,,10.0
832,2021-05,0.0,0.0079359699159908,20.537583861812475,,,,,80.0
833,2021-05,0.0,0.0050018083423424,21.09617695552049,,,,,10.0
834,2021-05,0.0,0.0,,,,,,80.0
835,2021-05,0.0,0.0,,,,,,80.0
836,2021-05,0.0,0.004953202351081,23.456269632701822,,,,,10.0
837,2021-05,0.0,0.0055782783895779,23.39381601067001,,,,,10.0
838,2021-05,0.0,0.0033297639459419,16.204660929744836,,,,,30.0
839,2021-05,0.0,0.0037619050711441,15.215190588017968,,,,,40.0
840,2021-05,0.0,0.0034402299791622,15.230113683721092,,,,,40.0
841,2021-05,0.0,0.0035657871633816,,,,,,10.0
842,2021-05,0.0,0.0,,,,,,80.0
843,2021-05,0.0,0.0,,,,,,90.0
844,2021-05,0.0,0.0057542163997936,23.87528284954772,,,,,90.0
845,2021-05,0.0,0.0,27.53841587339457,,,,,
846,2021-05,0.0,0.0,26.557566718301512,,,,,
847,2021-05,0.0,0.0087684871127256,21.56944992946662,,,,,30.0
848,2021-05,0.0,0.0093861116511569,21.72047171149469,,,,,10.0
849,2021-05,0.0,0.0079254636553217,21.835401883602053,,,,,10.0
850,2021-05,0.0,0.0086527803411134,22.759266699514093,,,,,10.0
851,2021-05,0.0,0.0001553495312069,16.752955139324254,,,,,10.0
852,2021-05,0.0,0.0003544451247348,18.46639857065974,,,,,40.0
853,2021-05,0.0,0.0024204200981799,25.95715217395458,,,,,20.0
854,2021-05,0.0,0.0033324872862442,24.844798355986924,,,,,10.0
855,2021-05,0.0,0.0,22.83142789166761,,,,,
856,2021-05,0.0,0.0,23.285533197236624,,,,,
857,2021-05,0.0,0.0,24.27316760583878,,,,,
858,2021-05,0.0,0.0,23.012660882248124,,,,,
859,2021-05,0.0,0.0,27.13459134529144,,,,,
861,2021-05,0.0,0.0046478469044018,20.550591973177763,,,,,30.0
862,2021-05,0.0,0.0057094797272622,20.91250977373752,,,,,30.0
863,2021-05,0.0,0.0074092106746823,21.000639216105164,,,,,50.0
864,2021-05,0.0,0.0082849022797611,21.15273711912095,,,,,10.0
865,2021-05,0.0,0.0117482010394383,22.68376699878324,,,,,10.0
866,2021-05,0.0,0.0106478639066267,22.88803329057593,,,,,30.0
867,2021-05,0.0,0.0059822184751216,23.634907367362484,,,,,10.0
868,2021-05,0.0,0.001481120042859,24.654226411646423,,,,,20.0
869,2021-05,0.0,0.003239680217708,28.545497693297705,,,,,30.0
870,2021-05,0.0,0.0020128440231133,27.81292854637229,,,,,30.0
871,2021-05,0.0,0.0022736776739407,27.93230412390926,,,,,30.0
872,2021-05,0.0,0.002296185877924,27.74289724225345,,,,,30.0
873,2021-05,0.0,0.0026032392054844,29.18253513869422,,,,,80.0
874,2021-05,0.0,0.0,29.962175254411605,,,,,
875,2021-05,0.0,0.0,25.691406456458537,,,,,
876,2021-05,0.0,0.0,24.66073836870093,,,,,
877,2021-05,0.0,0.0,27.54329097706784,,,,,
878,2021-05,0.0,0.0,,,,,,
879,2021-05,0.0,0.0,23.71066643909745,,,,,
880,2021-05,0.0,0.0,27.23487161322858,,,,,
881,2021-05,0.0,0.0,22.465242106940185,,,,,
882,2021-05,0.0,0.0031531557973936,25.979304893322134,,,,,30.0
883,2021-05,0.0,0.0012929718803791,24.74009929780039,,,,,10.0
884,2021-05,8495179.486426815,0.0025403820097494,26.78171992731016,,,,,10.0
885,2021-05,11753706.331176942,0.0030761821935622,26.690823748710702,,,,,10.0
886,2021-05,0.0,0.0028526885882944,26.057878871630617,,,,,30.0
887,2021-05,2393565.3483088887,0.0008763397758629,14.52076695085277,,,,,30.0
888,2021-05,20370264.914403133,0.0010205046929241,22.78498902907653,,,,,80.0
889,2021-05,1317906.3454774492,0.0006921446239454,12.29558163164848,,,,,30.0
890,2021-05,0.0,0.0006591867774773,12.790296535423606,,,,,30.0
891,2021-05,0.0,0.0008867769310919,11.196024564517462,,,,,60.0
892,2021-05,0.0,0.0010985879346776,10.6696216832008,,,,,30.0
893,2021-05,4646793.375489904,0.0006080031747046,10.501348889605255,,,,,10.0
894,2021-05,0.0,0.0017304409414578,9.422869270078625,,,,,30.0
895,2021-05,0.0,0.0007915420204449,11.184942126074736,,,,,30.0
896,2021-05,0.0,0.0005139021339587,14.59942168229708,,,,,30.0
897,2021-05,0.0,0.0006373917182334,11.42101975170945,,,,,10.0
898,2021-05,47748.79018178774,0.0006085363689215,11.793066197056946,,,,,30.0
899,2021-05,332855.48144713184,0.0005002092689323,11.715796733345366,,,,,10.0
900,2021-05,0.0,0.0006242114978771,14.9323285890167,,,,,30.0
901,2021-05,0.0,0.0007340317504321,9.324529163811816,,,,,10.0
902,2021-05,0.0,0.0001622864795356,17.647197399466965,,,,,60.0
903,2021-05,0.0,7.659724908697691e-05,18.488174590244107,,,,,10.0
904,2021-05,0.0,0.0004629101963822,15.54730088142902,,,,,60.0
905,2021-05,0.0,0.0005378041535664,9.838640069627187,,,,,20.0
906,2021-05,1009164.746037864,8.756369038733564e-05,19.11362667136607,,,,,30.0
907,2021-05,14908317.02513203,1.6139568269106046e-05,24.1540771279284,,,,,60.0
908,2021-05,0.0,0.0018343690902042,20.626648986980506,,,,,10.0
909,2021-05,51798766.37937187,0.0025246307592229,25.966092574831663,,,,,10.0
910,2021-05,0.0,0.0,17.145390061409262,,,,,
911,2021-05,0.0,0.0008212056130219,,,,,,80.0
912,2021-05,0.0,0.000472511277066,13.15934464313886,,,,,30.0
913,2021-05,0.0,0.0002577235474582,13.544881600606905,,,,,10.0
914,2021-05,0.0,7.303071026854013e-06,20.42264306810169,,,,,10.0
915,2021-05,0.0,4.562811255937049e-05,21.854222439181427,,,,,60.0
916,2021-05,0.0,4.369302150186333e-06,26.192602833026648,,,,,60.0
917,2021-05,0.0,2.8460321149478576e-06,27.889793623237228,,,,,20.0
918,2021-05,0.0,1.3532873992971872e-05,18.862491234831737,,,,,60.0
919,2021-05,66484187.48203943,7.656481517594193e-05,23.35781093016377,,,,,10.0
920,2021-05,0.0,0.0,,,,,,10.0
921,2021-05,0.0,5.376350884489511e-06,26.326515103411964,,,,,80.0
922,2021-05,2588430.843222368,1.125173772228057e-06,25.62500143153695,,,,,10.0
923,2021-05,0.0,0.0024692554146099,19.554044977823903,,,,,20.0
924,2021-05,0.0,0.0032285776108551,17.922294649969597,,,,,10.0
925,2021-05,0.0,0.0,26.7185655696418,,,,,
926,2021-05,0.0,0.0,25.90378992400048,,,,,
927,2021-05,0.0,0.0,25.47649620220227,,,,,
928,2021-05,0.0,0.0022994300538791,5.946137518337418,,,,,10.0
929,2021-05,0.0,0.002209801655136,6.344524576330713,,,,,10.0
930,2021-05,0.0,0.002208335126903,8.063659655663294,,,,,10.0
931,2021-05,0.0,0.0027443496146735,6.083970495879652,,,,,10.0
932,2021-05,0.0,0.0027953944347688,4.834080731551552,,,,,10.0
933,2021-05,0.0,0.003182016067097,4.962606392995864,,,,,10.0
934,2021-05,0.0,0.0024672982424263,2.744620711368109,,,,,10.0
935,2021-05,0.0,0.0014766989022541,0.8766941036610699,,,,,10.0
936,2021-05,0.0,0.0025779700957286,7.780919753491377,,,,,10.0
937,2021-05,0.0,0.0011225564397001,9.31424267805136,,,,,10.0
938,2021-05,532845.08361243,0.0024212769588724,7.161611843720982,,,,,10.0
939,2021-05,0.0,0.0027730336939113,6.144833194947895,,,,,10.0
940,2021-05,0.0,0.0017994658177317,10.795764438000944,,,,,10.0
941,2021-05,0.0,0.0004172866662391,15.370582632067125,,,,,30.0
942,2021-05,0.0,0.0015973377611416,6.204682951987597,,,,,10.0
943,2021-05,0.0,0.002999960568552,9.200799387151568,,,,,10.0
944,2021-05,0.0,0.0009034257647501,13.291980452017796,,,,,30.0
945,2021-05,0.0,0.0020912637545352,7.562833384031909,,,,,10.0
946,2021-05,0.0,0.0021450500226731,8.376517006658759,,,,,10.0
947,2021-05,0.0,0.003267484881395,2.626439740896453,,,,,10.0
948,2021-05,0.0,0.0021053597450304,8.484629628991598,,,,,10.0
949,2021-05,0.0,0.0019822644697042,8.220105153469278,,,,,10.0
950,2021-05,0.0,0.0023465473324108,9.802682187480343,,,,,10.0
951,2021-05,0.0,0.0020811055851381,9.5702260212232,,,,,10.0
952,2021-05,0.0,0.003618531986499,3.561839725663188,,,,,10.0
953,2021-05,0.0,0.0002252278401848,17.014204176559147,,,,,40.0
954,2021-05,0.0,0.0016263945768325,4.94813182438209,,,,,10.0
955,2021-05,0.0,0.0005731890029238,2.451053543889035,,,,,30.0
956,2021-05,0.0,0.0021344228542104,4.689862843995476,,,,,80.0
957,2021-05,0.0,0.0030838600168673,4.753821921443045,,,,,30.0
958,2021-05,0.0,0.0004596237212467,-3.0006285918490567,,,,,80.0
959,2021-05,0.0,0.0003905359774876,4.427342392295937,,,,,30.0
960,2021-05,0.0,0.0023998928299252,0.7610469134477938,,,,,10.0
961,2021-05,0.0,0.0033569825011814,0.1010402980244097,,,,,30.0
962,2021-05,0.0,0.0015952011246104,3.0141376612556545,,,,,10.0
963,2021-05,0.0,0.0027622888190926,1.5215202837434958,,,,,10.0
964,2021-05,0.0,0.0019000466873719,2.081672100126411,,,,,10.0
965,2021-05,0.0,0.0017705922723472,1.2384508891772452,,,,,10.0
966,2021-05,0.0,0.0028402719765949,4.00508332723283,,,,,10.0
967,2021-05,0.0,0.0019436517899954,2.924479639446608,,,,,10.0
968,2021-05,0.0,0.0020388525216873,1.2737053778863885,,,,,10.0
969,2021-05,0.0,0.0020059360931365,4.4109090046216295,,,,,30.0
970,2021-05,0.0,0.0033000725225808,3.081545717037896,,,,,30.0
971,2021-05,0.0,0.0026827614873695,5.472233343853026,,,,,30.0
972,2021-05,0.0,0.0031893056005287,5.064933737204522,,,,,30.0
973,2021-05,0.0,0.0003601723780282,-3.624230181786317,,,,,80.0
974,2021-05,0.0,0.002395771269505,5.579588081332536,,,,,10.0
975,2021-05,0.0,0.002053269010787,7.412804900958986,,,,,10.0
976,2021-05,0.0,0.0029005043928709,2.097908955377098,,,,,70.0
977,2021-05,0.0,0.0018018467327771,2.109867337954961,,,,,10.0
978,2021-05,0.0,0.000622561958437,6.537489355764109,,,,,80.0
979,2021-05,0.0,0.0015236696347642,1.8733625391478483,,,,,70.0
980,2021-05,0.0,0.0019351668488569,1.924459071825936,,,,,10.0
981,2021-05,0.0,0.0008446488648701,5.342854149110877,,,,,80.0
982,2021-05,0.0,0.0027491416577459,2.566867485964432,,,,,10.0
983,2021-05,0.0,0.0018834754747827,1.0809043843259332,,,,,10.0
984,2021-05,0.0,0.0017599765330601,3.745694055864912,,,,,30.0
985,2021-05,0.0,0.0073060382276821,4.706283721103489,,,,,10.0
986,2021-05,0.0,0.0,,,,,,80.0
987,2021-05,0.0,0.0017865792036104,2.1410128562681305,,,,,10.0
988,2021-05,0.0,0.0024284383401322,4.292110439013425,,,,,30.0
989,2021-05,0.0,0.002249986859619,5.147082536394338,,,,,10.0
990,2021-05,0.0,0.0021250655277465,5.1906819100875765,,,,,30.0
991,2021-05,0.0,0.0018854100376415,4.387854779151195,,,,,30.0
992,2021-05,0.0,0.0002909515172291,,,,,,90.0
993,2021-05,0.0,0.0003873094009414,0.4319034802427878,,,,,80.0
994,2021-05,4467355.373358343,0.0011071431972642,6.733270656755523,,,,,10.0
995,2021-05,0.0,0.0006637375365045,2.994721754507194,,,,,80.0
996,2021-05,1716544.056905893,0.0021074186426357,7.558487876431541,0.1275142028526119,15.603687908025426,3.639625723045221,9.595183144722778,10.0
997,2021-05,0.0,0.0008335283674255,7.147366128383884,,,,,10.0
998,2021-05,0.0,0.0,,,,,,10.0
999,2021-05,0.0,0.0015079300450079,2.4023163174945377,0.1166215745841768,15.856572065336078,4.289305047859705,8.11115860425359,80.0
1000,2021-05,0.0,0.0017257406040095,4.020977755629492,,,,,10.0
1001,2021-05,0.0,0.0020945450789417,8.007125970461988,,,,,10.0
1002,2021-05,0.0,0.0,,,,,,30.0
1003,2021-05,0.0,0.000149575508639,0.923061235489385,,,,,80.0
1004,2021-05,0.0,0.00022474752069,2.0643672842848684,,,,,80.0
1005,2021-05,0.0,0.0004918553586565,-0.0345413166989345,,,,,80.0
1006,2021-05,0.0,0.0005809802681255,-1.2021160289805266,,,,,30.0
1007,2021-05,0.0,0.0008095619521018,-0.5762346100697145,,,,,80.0
1008,2021-05,0.0,0.0006347039212831,-0.1773169126704109,,,,,80.0
1009,2021-05,0.0,0.0007139999538708,0.0132115256671843,,,,,80.0
1010,2021-05,0.0,0.0006659910379469,0.1647505004773614,,,,,80.0
1011,2021-05,0.0,0.000745291308657,0.4204178006845893,,,,,80.0
1012,2021-05,0.0,0.0005888187171829,4.405219215475124,,,,,10.0
1013,2021-05,0.0,0.000395540402385,1.1544042678639357,,,,,10.0
1014,2021-05,0.0,0.0004108825699863,5.928527209221605,,,,,10.0
1015,2021-05,0.0,0.0007339100483141,5.922974117697962,,,,,10.0
1016,2021-05,0.0,0.0003739359253946,-3.8274470981419206,,,,,80.0
1017,2021-05,0.0,0.0004455968324675,-4.585010417815157,,,,,80.0
1018,2021-05,0.0,0.0005339781602592,5.431355038167777,,,,,10.0
1019,2021-05,0.0,0.0004986968542896,2.456124617170837,,,,,10.0
1020,2021-05,0.0,0.0004107491457304,-4.763629665853278,,,,,80.0
1021,2021-05,0.0,0.0003605507019541,-4.28370487254152,,,,,80.0
1022,2021-05,0.0,0.0007732879489708,3.88978456932444,,,,,80.0
1023,2021-05,0.0,0.0004374887521377,-3.906355967003227,,,,,80.0
1024,2021-05,0.0,0.0007365334898281,7.552652701218209,,,,,30.0
1025,2021-05,0.0,0.0004683415778706,-0.9165191419562264,,,,,10.0
1026,2021-05,0.0,0.0006022728731562,6.292705485050918,,,,,10.0
1027,2021-05,0.0,0.0012895687076108,6.955323039021239,,,,,10.0
1028,2021-05,0.0,0.0008124953521197,6.353149106425645,,,,,10.0
1029,2021-05,0.0,0.000658569536705,6.802745906702594,,,,,10.0
1030,2021-05,0.0,0.0013931426592896,-0.6211507403838642,0.4227272727272728,18.19566020667553,5.8410205962692485,9.515947830677032,80.0
1031,2021-05,0.0,0.001633374777441,-0.1837416562815332,0.223,34.78179931640625,6.260720389229911,17.186960220336914,80.0
1032,2021-05,0.0,0.0012069827555089,2.0141996152207104,0.1033017310437965,15.662815511019694,6.6562831597926815,10.838374752137396,10.0
1033,2021-05,0.0,0.0008009826474848,6.564409660058923,,,,,10.0
1034,2021-05,0.0,0.0016771552655674,1.1220020803679511,0.1237543739695471,15.505212183420856,5.850006103515625,9.068554013967514,80.0
1035,2021-05,0.0,0.0015736148468806,2.0919211405346982,0.0792051022108714,16.52403648942709,8.068756103515625,24.711691230535507,10.0
1036,2021-05,0.0,0.0013796558988994,3.088999746179084,0.1024291267842503,14.062426394837525,4.151758207662365,4.700141201235403,80.0
1037,2021-05,0.0,0.0008637223511982,6.0861324064193525,,,,,80.0
1038,2021-05,0.0,0.0014981380472628,1.2609407035253568,0.1656109425481106,14.988023452460766,5.277615531125053,9.049506425857544,80.0
1039,2021-05,0.0,0.001129003998642,8.42681647269958,,,,,10.0
1040,2021-05,0.0,0.0016180062616461,7.849080464261716,0.0668574233184162,,,,10.0
1041,2021-05,0.0,0.0016128633290577,9.521282618532917,,,,,10.0
1042,2021-05,0.0,0.0017207630511835,8.423180498330566,,,,,10.0
1043,2021-05,0.0,0.0016802664965439,8.341137289231849,,,,,10.0
1044,2021-05,0.0,0.0027485295007674,8.513947252915674,,,,,10.0
1045,2021-05,0.0,0.0019323598472389,8.95737216208724,,,,,10.0
1046,2021-05,0.0,0.0002094980448532,-1.4652500070551184,,,,,80.0
1047,2021-05,0.0,0.0006456885606098,-3.4133228712184405,,,,,80.0
1048,2021-05,0.0,0.0002315852910328,-0.2145574002282918,,,,,80.0
1049,2021-05,0.0,0.0004573527842808,-2.157555377098807,,,,,30.0
1050,2021-05,0.0,0.0004013747096109,-1.805953499578635,,,,,80.0
1051,2021-05,0.0,0.0004383985072422,-0.3544685732933601,,,,,80.0
1052,2021-05,0.0,0.0001612611234236,1.514206740676741,,,,,80.0
1053,2021-05,0.0,0.0002007492005873,2.1053569492900883,,,,,10.0
1054,2021-05,0.0,0.0007167969018269,-0.1091236524684262,,,,,80.0
1055,2021-05,0.0,0.0003655765324879,2.5884617179952896,,,,,10.0
1056,2021-05,0.0,0.0003897586335786,2.736827550908594,,,,,10.0
1057,2021-05,0.0,0.0006134631438435,0.2577265134421935,,,,,10.0
1058,2021-05,0.0,0.0007825754864108,3.654688826530234,,,,,10.0
1059,2021-05,0.0,0.0004305157929707,1.8250723110732563,,,,,10.0
1060,2021-05,0.0,0.0010251061178792,3.807465185687808,,,,,10.0
1061,2021-05,0.0,0.000406180334096,0.4381845002533566,,,,,10.0
1062,2021-05,0.0,0.0007031772404957,5.984747105260055,,,,,80.0
1063,2021-05,0.0,0.0004694810877291,0.7164916869132867,,,,,10.0
1064,2021-05,0.0,0.0007946256667423,-0.5507005383890942,,,,,80.0
1065,2021-05,0.0,0.0008043039709377,-0.4516389484473772,,,,,10.0
1066,2021-05,0.0,0.0005852842201837,-3.880978832449941,,,,,80.0
1067,2021-05,0.0,0.0008119830360063,0.0496655412899684,,,,,80.0
1068,2021-05,0.0,0.0003635890901136,5.590551876765441,,,,,80.0
1069,2021-05,0.0,0.0003162350624847,-1.0417417150244432,,,,,80.0
1070,2021-05,0.0,0.0003754802167463,-4.247175331525895,,,,,30.0
1071,2021-05,0.0,0.0005155734837103,3.244955508597883,,,,,10.0
1072,2021-05,0.0,0.0003777358800221,-4.03516479410149,,,,,30.0
1073,2021-05,0.0,0.0003344722211409,-3.511307267219763,,,,,80.0
1074,2021-05,0.0,0.0006462498376815,5.006865458334659,,,,,80.0
1075,2021-05,0.0,0.0012258354693699,6.20679169111357,,,,,10.0
1076,2021-05,0.0,0.0008209746450233,4.8291002376105325,,,,,80.0
1077,2021-05,0.0,0.0003632594019222,1.2800575051256828,,,,,80.0
1078,2021-05,0.0,0.000891790550952,5.218261050152535,,,,,30.0
1079,2021-05,0.0,0.0010977637141991,4.291397180864919,,,,,10.0
1080,2021-05,0.0,0.0008486473431238,4.953158458586681,,,,,10.0
1081,2021-05,0.0,0.0002921845883179,0.3682570248949446,,,,,10.0
1082,2021-05,0.0,0.0014811594158459,6.487514032343412,,,,,10.0
1083,2021-05,0.0,0.0017747975073802,6.832456383653891,,,,,10.0
1084,2021-05,0.0,0.0017929463456122,7.384874338402976,,,,,10.0
1085,2021-05,0.0,0.0005946204185534,6.448324211694882,,,,,10.0
1086,2021-05,0.0,0.0008845467239666,4.484925616684791,,,,,80.0
1087,2021-05,0.0,0.0010044727593708,8.810714217155237,,,,,10.0
1088,2021-05,0.0,0.0008351568251896,3.7593895573770055,,,,,10.0
1089,2021-05,0.0,0.0016323614984798,-0.1004487847768871,0.1378429487179487,,2.6833394368489585,,10.0
1090,2021-05,0.0,0.0016853500276852,1.5214093266422235,0.198712236131566,13.706581824543802,5.617863246372767,9.337415105290711,80.0
1091,2021-05,0.0,0.0014418725043583,2.797154099307696,0.1028599115690773,17.763131932769657,6.99505114856067,6.6236906968580005,10.0
1092,2021-05,0.0,0.0011412148793586,8.16266786718883,,,,,10.0
1093,2021-05,0.0,0.0007611034726602,5.0967774627029385,,,,,10.0
1094,2021-05,0.0,0.0009251347777566,5.256308485188386,,,,,10.0
1095,2021-05,0.0,0.00081381836236,7.008244327832301,,,,,10.0
1096,2021-05,0.0,0.0012661661394665,7.995491130377678,,,,,10.0
1097,2021-05,0.0,0.001431920763855,3.4566702770930675,0.0725021827516503,18.562777448133343,5.345191288700811,9.941461150974254,10.0
1098,2021-05,0.0,0.0014285632838853,3.4594168591243286,0.0716320269672582,18.516702653955328,6.57554329921806,7.06541905105114,10.0
1099,2021-05,0.0,0.0015155326694298,1.3028846535631544,0.1383623188405797,0.1108748763799667,5.54764123865076,0.6028671264648438,10.0
1100,2021-05,0.0,0.0010702002912807,6.934894289679884,,,,,10.0
1101,2021-05,0.0,0.001355374456734,9.32980732661424,,,,,10.0
1102,2021-05,0.0,0.0018077439082568,9.273025555080856,,,,,10.0
1103,2021-05,0.0,0.0,,,,,,30.0
1104,2021-05,0.0,0.0024148152639516,9.933355766214367,,,,,10.0
1105,2021-05,0.0,0.0024977985888767,7.62273512399328,,,,,10.0
1106,2021-05,0.0,0.0027245499726847,9.28252682105662,,,,,10.0
1107,2021-05,0.0,0.0016283828884411,,0.1128716867788296,,,,10.0
1108,2021-05,0.0,0.0,,,,,,80.0
1109,2021-05,0.0,0.0,,,,,,30.0
1110,2021-05,0.0,0.0,,,,,,30.0
1111,2021-05,0.0,0.0002036679655361,,,,,,30.0
1112,2021-05,0.0,0.0,,,,,,30.0
1113,2021-05,0.0,0.0,,,,,,30.0
1114,2021-05,0.0,0.0,,,,,,30.0
1115,2021-05,0.0,0.0,2.0613652588219225,,,,,80.0
1116,2021-05,0.0,0.0,,,,,,30.0
1117,2021-05,0.0,0.0,,,,,,10.0
1118,2021-05,0.0,0.0008584287136841,3.590966653311142,0.0756666666666666,,,,10.0
1119,2021-05,0.0,0.0,,0.0809,,,,10.0
1120,2021-05,0.0,0.0,,0.1006666666666666,27.45484733581543,9.516672770182293,13.839815139770508,80.0
1121,2021-05,0.0,0.0005993267906611,-4.4665400210184485,,,,,80.0
1122,2021-05,0.0,0.0,,,,,,30.0
1123,2021-05,0.0,0.000644070023574,-5.192916935049834,,,,,80.0
1124,2021-05,0.0,0.0008601588972816,-4.619816920170894,,,,,80.0
1125,2021-05,0.0,0.0008110764358127,-3.8342404956081455,,,,,80.0
1126,2021-05,0.0,0.0005165434273255,-4.626663282547852,,,,,80.0
1127,2021-05,0.0,0.0006552533381619,-3.7092154750117343,,,,,80.0
1128,2021-05,0.0,0.0011354518187444,-2.725905392804153,,,,,80.0
1129,2021-05,0.0,0.001015134912734,-1.7388273859397991,0.1762,,,,80.0
1130,2021-05,0.0,0.0010129997005113,-6.539241023730187,,,,,80.0
1131,2021-05,0.0,0.0010738071173477,-7.060892753190868,,,,,80.0
1132,2021-05,0.0,0.0009478556377595,-6.86377714384026,,,,,80.0
1133,2021-05,0.0,0.0004404752133032,-4.976108557980635,,,,,100.0
1134,2021-05,0.0,0.0011529444713123,-5.506566563814751,,,,,100.0
1135,2021-05,0.0,0.0007737957060385,-6.129115931974308,,,,,80.0
1136,2021-05,0.0,0.0011152788953984,-5.6437822756203015,,,,,80.0
1137,2021-05,0.0,0.0010587565916197,-5.09972585983322,,,,,80.0
1138,2021-05,0.0,0.0005912517213207,-4.714386414285184,,,,,80.0
1139,2021-05,0.0,0.0009247571153124,-4.759338259953301,,,,,80.0
1140,2021-05,0.0,0.0006811643837068,-3.963437230099895,,,,,30.0
1141,2021-05,0.0,0.0005604421418568,-4.638708957218248,,,,,80.0
1142,2021-05,0.0,0.0006987661046465,-4.640617501408091,,,,,80.0
1143,2021-05,0.0,0.000789428886776,-4.484241201658238,,,,,80.0
1144,2021-05,0.0,0.0006885207066981,-4.456427445128542,,,,,80.0
1145,2021-05,0.0,0.0007317478464456,-4.550115000914724,,,,,80.0
1146,2021-05,0.0,0.000360510137682,-4.541767091648524,,,,,30.0
1147,2021-05,0.0,0.0004667240461284,-4.842054810062504,,,,,80.0
1148,2021-05,0.0,0.0003302632639853,-4.243479376234745,,,,,80.0
1149,2021-05,0.0,0.0006439078718472,-4.024121541280681,,,,,80.0
1150,2021-05,0.0,0.0,,,,,,30.0
1151,2021-05,0.0,0.0002485515048154,-3.6774913068444537,,,,,80.0
1152,2021-05,0.0,0.0005122598379898,-4.084906057542346,,,,,80.0
1153,2021-05,0.0,0.0003624636799145,-4.059039384575264,,,,,80.0
1154,2021-05,0.0,0.0002707064271021,-3.3977559749370507,,,,,80.0
1155,2021-05,0.0,0.0006603885561276,-3.2975961762484016,,,,,30.0
1156,2021-05,0.0,0.0006122052374861,-3.944244850225088,,,,,80.0
1157,2021-05,0.0,0.0004995677739429,-3.914265306534276,,,,,30.0
1158,2021-05,0.0,0.000845507810376,-3.6669114758891226,,,,,30.0
1159,2021-05,0.0,0.0004762312008624,-1.7738462363804628,,,,,80.0
1160,2021-05,0.0,0.0007216730739969,-1.950352857516856,,,,,80.0
1161,2021-05,0.0,0.0005055744941084,-3.377532814350428,,,,,80.0
1162,2021-05,0.0,0.0,,,,,,30.0
1163,2021-05,0.0,0.0011641741095602,-1.1702503614527966,,,,,80.0
1164,2021-05,0.0,0.0010432643728171,-1.728311355481416,,,,,80.0
1165,2021-05,0.0,0.0008008673906374,-6.84565697810126,,,,,80.0
1166,2021-05,0.0,0.0008430196712462,-6.748593578543705,,,,,80.0
1167,2021-05,0.0,0.0,-6.283877149192193,,,,,80.0
1168,2021-05,0.0,0.000698254890248,-6.10450073160149,,,,,80.0
1169,2021-05,0.0,0.000530535367136,-4.643835374018598,,,,,80.0
1170,2021-05,0.0,0.0005328495174694,-4.862260728241267,,,,,80.0
1171,2021-05,0.0,0.0009436745315838,-5.821336984121643,,,,,80.0
1172,2021-05,0.0,0.0006601836651611,-5.377360038347135,,,,,80.0
1173,2021-05,0.0,0.001087815326457,-6.558915345386765,,,,,100.0
1174,2021-05,0.0,0.0010960177948125,-6.527754819863162,,,,,100.0
1175,2021-05,0.0,0.0005980172624238,-4.470403649388231,,,,,80.0
1176,2021-05,0.0,0.0005447592705536,,,,,,80.0
1177,2021-05,0.0,0.0005185717215188,-5.168531204551755,,,,,80.0
1178,2021-05,0.0,0.0007690385103273,-4.720138332407953,,,,,30.0
1179,2021-05,0.0,0.0007968807091363,-4.14501035546742,,,,,80.0
1180,2021-05,0.0,0.0005936810245164,-5.031185695689203,,,,,30.0
1181,2021-05,0.0,0.0006885467837302,-4.454461441586925,,,,,30.0
1182,2021-05,0.0,0.0008767360319742,-3.7884252527708497,,,,,80.0
1183,2021-05,0.0,0.0007054459422874,-4.297906484569684,,,,,30.0
1184,2021-05,0.0,0.000494142509505,-4.4943250553582175,,,,,30.0
1185,2021-05,0.0,0.0002964463204193,-4.297126372142486,,,,,80.0
1186,2021-05,0.0,0.0005884345740128,-4.064664857105527,,,,,30.0
1187,2021-05,0.0,0.000515519467001,-4.597133197579296,,,,,80.0
1188,2021-05,0.0,0.0005120549470234,-4.361379546845683,,,,,30.0
1189,2021-05,0.0,0.000349613663559,-3.9747106750378784,,,,,80.0
1190,2021-05,0.0,0.000696332640454,-3.270276716264505,,,,,30.0
1191,2021-05,0.0,0.0008744899302769,-3.590649470120752,,,,,30.0
1192,2021-05,0.0,0.0,,,,,,30.0
1193,2021-05,0.0,0.0003424409896183,-1.748439218664646,,,,,80.0
1194,2021-05,0.0,0.0008654434353161,-2.6061729636243456,,,,,80.0
1195,2021-05,0.0,0.000677469012146,-3.2468509045125606,,,,,30.0
1196,2021-05,0.0,0.0007927804062812,-3.217783731713496,,,,,80.0
1197,2021-05,0.0,0.0009161893397617,-3.131004427838055,,,,,30.0
1198,2021-05,0.0,0.0009844143062878,-1.542604520243951,,,,,80.0
1199,2021-05,0.0,0.0,,,,,,80.0
1200,2021-05,0.0,0.0007301483422565,,,,,,30.0
1201,2021-05,0.0,0.0005305547386456,-5.031662819975168,,,,,100.0
1202,2021-05,0.0,0.0004450135584436,-4.054410688338725,,,,,80.0
1203,2021-05,0.0,0.0,,,,,,30.0
1204,2021-05,0.0,0.0012453112870502,,,,,,30.0
1205,2021-05,0.0,0.0,,,,,,30.0
1206,2021-05,0.0,0.0004125230665766,-7.875024232605552,,,,,100.0
1207,2021-05,0.0,0.0004468146830845,-7.05492084138325,,,,,80.0
1208,2021-05,0.0,0.0004837650924969,-6.572328247562512,,,,,100.0
1209,2021-05,0.0,0.0006016630798626,-7.404725445983206,,,,,100.0
1210,2021-05,0.0,0.0004381377369213,-7.231998766475718,,,,,100.0
1211,2021-05,0.0,0.0003567569077063,-6.064694871526446,,,,,100.0
1212,2021-05,0.0,0.0004323970645714,-5.788040403140451,,,,,100.0
1213,2021-05,0.0,0.0006236497432041,-8.018388470416776,,,,,100.0
1214,2021-05,0.0,0.0005964812010574,-7.2669612228229425,,,,,80.0
1215,2021-05,0.0,0.0005433452567932,-7.539642018143819,,,,,100.0
1216,2021-05,0.0,0.0005707934618044,-6.958474185902548,,,,,80.0
1217,2021-05,0.0,0.0003832567602444,-6.9645486496682265,,,,,100.0
1218,2021-05,0.0,0.0002444114655304,-5.728260777244411,,,,,100.0
1219,2021-05,0.0,0.0015323602931291,-4.847844149330224,,,,,80.0
1220,2021-05,0.0,0.0010889497962452,-3.749028875381746,,,,,100.0
1221,2021-05,0.0,0.000787626523597,-6.602134261965613,,,,,80.0
1222,2021-05,0.0,0.0012648254220022,-4.309764118458239,,,,,80.0
1223,2021-05,0.0,0.0010812519858329,-4.280193331697122,,,,,100.0
1224,2021-05,0.0,0.0007616015891282,-7.608711326079534,,,,,100.0
1225,2021-05,0.0,0.0012562725812244,-4.257782716648535,,,,,80.0
1226,2021-05,0.0,0.0,-3.976035509827284,,,,,80.0
1232,2021-05,0.0,0.0010573806360412,-2.402301978381284,,,,,100.0
1233,2021-05,0.0,0.0,,,,,,100.0
1234,2021-05,0.0,0.0,,,,,,100.0
1235,2021-05,0.0,0.0,,,,,,100.0
1236,2021-05,0.0,0.0,,,,,,100.0
1241,2021-05,0.0,0.0006696129957883,-0.3843899570119171,,,,,70.0
1242,2021-05,0.0,0.0005044159731742,0.8034656032439443,,,,,100.0
1243,2021-05,0.0,0.0008682746559429,1.4204245823686108,,,,,30.0
1244,2021-05,0.0,0.0005329442462799,1.8661978931104872,,,,,100.0
1245,2021-05,0.0,0.0007697887424013,0.1978509314049452,,,,,100.0
1246,2021-05,0.0,0.0,,,,,,100.0
1247,2021-05,0.0,0.0008644947280534,-3.280882488783959,,,,,100.0
1248,2021-05,0.0,0.0,,,,,,100.0
1249,2021-05,0.0,0.0,,,,,,100.0
1250,2021-05,0.0,0.0,,,,,,100.0
1251,2021-05,0.0,0.0009301794013854,-3.1807877389699604,,,,,70.0
1252,2021-05,0.0,0.0,,,,,,100.0
1253,2021-05,0.0,0.0010931648433256,-1.7794760550221895,,,,,100.0
1256,2021-05,0.0,0.0,,,,,,100.0
1650,2021-05,0.0,0.0,24.226290471930284,,,,,
1654,2021-05,0.0,0.0,27.863536535283597,,,,,
453,2021-06,0.0,0.0015943364816623,20.01694897293574,,,,,40.0
454,2021-06,0.0,0.0037689530662972,7.747347098090215,0.1800432399051874,5.716381751399814,5.8117619299205545,3.2552998767332726,80.0
455,2021-06,0.0,0.0040036627052133,9.892684785943306,,,,,80.0
456,2021-06,0.0,0.0034754664337824,9.18479395016848,0.1531824100031342,4.745697740102209,7.2114521239043805,2.2582613593949143,80.0
457,2021-06,107753.62805289745,0.0023769359405742,16.44888074662953,0.1284743210432783,4.757357044043887,12.92304237044412,2.105337389462397,10.0
458,2021-06,0.0,0.0034018769375385,12.32180666104714,,,,,80.0
459,2021-06,0.0,0.0,,,,,,10.0
460,2021-06,36826.32510302615,0.0022767905646401,15.864965597996289,,,,,80.0
461,2021-06,0.0,0.0022315767398158,17.097208166334386,0.1279548241772514,8.541877508163452,,18.40782940387726,80.0
462,2021-06,152560.59795617018,0.0032633660850399,18.669475844804307,0.1295664262575837,,,,10.0
463,2021-06,32491421.423311345,0.0018732053562112,20.454332814954427,,,,,80.0
464,2021-06,0.0,0.001704910257644,18.198895097547982,,,,,10.0
465,2021-06,0.0,0.001096803173804,20.091852299204422,,,,,10.0
466,2021-06,0.0,0.0010847737975091,21.493942283219383,,,,,10.0
467,2021-06,0.0,0.0022428254041907,6.847242604769217,,,,,80.0
468,2021-06,0.0,0.0035071015941273,8.009126288802562,,,,,80.0
469,2021-06,0.0,0.0036541018207283,13.598600701466069,,,,,10.0
470,2021-06,137624.98655612822,0.0019801391310189,17.392927590627547,0.1299350270504173,11.036523691668489,15.093544859673855,2.8505108647633346,10.0
471,2021-06,0.0,0.0036925988648173,13.92557473594762,,,,,10.0
472,2021-06,0.0,0.002101176780767,17.393783393560692,0.1085726770958697,11.796223133072598,14.868067122949768,3.0792947295184527,10.0
473,2021-06,0.0,0.0029319736862021,10.809582067111863,,,,,80.0
474,2021-06,0.0,0.0033604723124712,11.534184566073964,,,,,10.0
475,2021-06,0.0,0.0019236040367521,17.57261010564941,0.1323678980237897,9.178534157688905,17.572893994130077,4.425259275851412,10.0
476,2021-06,70546.2470577766,0.0033871403227449,15.14053089064784,,,,,10.0
477,2021-06,0.0,0.0018391744122173,18.19961604074718,0.1266360502763279,8.973631130983732,15.326063112165642,2.732112823982707,10.0
478,2021-06,1861794.684402007,0.0019684810778713,17.75265857436347,0.1237395188660911,10.51967963349412,13.284434127285346,1.5247146046534106,10.0
479,2021-06,0.0,0.001826427581565,17.90899267154272,0.1278940542351179,8.521203426628647,13.57603626868586,2.4175573625103484,10.0
480,2021-06,607056.0268407982,0.0024007537372592,17.889607788368536,0.130632017062805,11.54954701082639,16.38646717064629,3.070561439425588,10.0
481,2021-06,0.0,0.0029853681287695,15.124107857692414,,,,,10.0
482,2021-06,0.0,0.0018772105131385,18.09782144758439,0.141966360825446,5.485972333032716,15.770752111798174,0.798001138742874,10.0
483,2021-06,0.0,0.0024916158123649,18.03430374286795,0.1260127633646021,2.832435092437051,13.067429273461224,1.2218970306316397,10.0
484,2021-06,0.0,0.0033756874257164,13.590570471021897,,,,,10.0
485,2021-06,0.0,0.0022977768065938,17.622589320228233,0.1304932074731022,9.139135810246392,17.71646357129895,3.632300422913711,10.0
486,2021-06,0.0,0.0024125715680093,17.01128715938995,0.1236895227214901,6.12106291847022,14.686542053865468,4.91561026960795,10.0
487,2021-06,0.0,0.0028928199538427,13.390207650926405,,,,,10.0
488,2021-06,0.0,0.0030562995240041,16.95942716951726,0.1088819697854475,6.235154972649833,14.443213892809633,2.409536717980405,10.0
489,2021-06,0.0,0.0026288589934499,15.561834702124994,,,,,10.0
490,2021-06,0.0,0.0022234380545832,16.80034064158307,0.1306010285023809,12.139607484055167,15.07775991711478,3.196745427188902,10.0
491,2021-06,0.0,0.0026762940946732,17.24000150960835,0.1127943564438193,6.632091176671803,15.708018600546907,2.4698661136322,10.0
492,2021-06,0.0,0.002831092204038,15.095492617289269,,,,,10.0
493,2021-06,0.0,0.0020247197042108,17.6257325637035,0.1684776382027604,4.684132007110661,13.503356688873168,2.105004384822563,10.0
494,2021-06,0.0,0.0019861117937215,17.975790291938246,0.1371193594528302,4.577437740555995,13.478145326959895,0.9697158318346952,80.0
495,2021-06,0.0,0.0028154307731824,15.568892818027106,,,,,10.0
496,2021-06,0.0,0.0024534239292645,16.24577954417529,,,,,10.0
497,2021-06,0.0,0.0021095519906972,17.033635792202453,0.1255249525308922,4.572032648849185,13.434102511816969,3.2118169695572223,10.0
498,2021-06,0.0,0.0025120600813465,16.049617915683356,0.1245816296156875,4.447241749518957,18.03519128870081,3.5665567884118192,80.0
499,2021-06,0.0,0.0022028133028584,16.092959827846975,,,,,80.0
500,2021-06,0.0,0.0020145240926581,17.123035337788508,0.1349548500478838,10.567161834323432,16.31904836698654,2.694351111636523,10.0
501,2021-06,0.0,0.002275051897152,16.702194030838804,0.1131106886838496,6.217819391212934,13.399516958859165,2.650792116921298,80.0
502,2021-06,0.0,0.0024536752828794,16.377531327141668,,,,,10.0
503,2021-06,0.0,0.0025139467546182,17.53171389308979,0.1096169662865678,10.675070266957418,17.87043990208411,2.461295796564635,10.0
504,2021-06,0.0,0.0023041497139258,16.460695602780316,,,,,10.0
505,2021-06,0.0,0.0025270356655621,15.886849737756071,,,,,10.0
506,2021-06,0.0,0.0027465119713383,13.514893930223275,,,,,10.0
507,2021-06,0.0,0.0025402125065273,13.943572148706185,,,,,10.0
508,2021-06,0.0,0.0025132334650063,16.486749605653173,,,,,10.0
509,2021-06,0.0,0.0021316803747254,15.81566044136333,,,,,10.0
510,2021-06,0.0,0.0022329611459213,16.486067093743245,,,,,80.0
511,2021-06,0.0,0.0026633634918766,13.38473930782744,,,,,10.0
512,2021-06,0.0,0.0019058741384583,17.427395557827435,0.1303188440105805,3.5505559034270795,15.23324214985182,1.440095071206302,10.0
513,2021-06,0.0,0.0023795158967933,14.00886561691123,,,,,10.0
514,2021-06,0.0,0.0022696887829738,17.232795270284043,,,,,10.0
515,2021-06,0.0,0.0019875503004098,16.347321383158388,,,,,10.0
516,2021-06,0.0,0.0020018698136985,17.371487974742127,0.1284947908417607,14.493143865899308,15.732383895087686,9.547504842647305,10.0
517,2021-06,0.0,0.0021099033210513,16.70360215504967,,,,,10.0
518,2021-06,0.0,0.0028494907919404,13.990606898353237,,,,,10.0
519,2021-06,0.0,0.0022093347960549,17.501658524407304,0.1312312372909265,4.877865364333849,15.515133777597192,2.011980841293586,10.0
520,2021-06,0.0,0.0033228926116066,11.514627174466703,,,,,80.0
521,2021-06,0.0,0.0018329464227716,18.629060125120617,0.1369530162893805,7.60140073252285,16.37118200555587,3.980667966869467,40.0
522,2021-06,0.0,0.0015972917861909,17.646264644198972,,,,,30.0
523,2021-06,0.0,0.0022820215067202,15.239195875836252,,,,,10.0
524,2021-06,0.0,0.0026903190238345,15.036562224494109,,,,,10.0
525,2021-06,0.0,0.0018853067525128,18.347639062669565,0.123162626448355,,,,10.0
526,2021-06,0.0,0.0030296650781072,14.120836855570497,,,,,80.0
527,2021-06,0.0,0.0031350147976316,18.70189190476031,,,,,10.0
528,2021-06,0.0,0.0034063603197908,18.49964487287736,,,,,10.0
529,2021-06,0.0,0.0021416637269778,14.699462615119105,,,,,80.0
530,2021-06,0.0,0.0029382079595166,18.39448546185908,0.1408853431184668,32.97203312052725,18.05267808495422,7.896083886497513,40.0
531,2021-06,0.0,0.0025724217051106,18.547937521460483,0.1326377777411008,35.33359334433943,17.736855731053566,3.986322958961307,40.0
532,2021-06,38444.17581727023,0.0032230660074787,19.149376412379915,,,,,80.0
533,2021-06,0.0,0.0016762599380428,19.591317672291044,,,,,10.0
534,2021-06,0.0,0.0035776358049319,19.141725372435577,,,,,40.0
535,2021-06,789093.5840918643,0.0015553958772885,18.61794522165732,0.1166853995717734,8.796640190588954,18.210458123816547,4.332840074273107,30.0
536,2021-06,0.0,0.0024764579404614,16.868986343615003,,,,,10.0
537,2021-06,0.0,0.0018962716947199,16.991752292491796,,,,,80.0
538,2021-06,0.0,0.0016063254082041,19.9072250813614,,,,,30.0
539,2021-06,0.0,0.0018896251672344,16.7853485743205,,,,,10.0
540,2021-06,0.0,0.0,,,,,,30.0
541,2021-06,0.0,0.0025293568949567,19.1694010185025,0.1451991508376407,10.306251855645524,19.09761540049795,3.758916009303047,40.0
542,2021-06,0.0,0.0021853826695519,17.514495574103492,,,,,10.0
543,2021-06,0.0,0.001375666143133,19.2138155520404,,,,,10.0
544,2021-06,0.0,0.0024081501637146,16.63090880358663,,,,,10.0
545,2021-06,0.0,0.0011389085778432,19.902919080747807,,,,,10.0
546,2021-06,0.0,0.0029226000362473,17.234170708832945,,,,,10.0
547,2021-06,0.0,0.0017049033538443,21.682706656279407,,,,,80.0
548,2021-06,0.0,0.0040974214428501,8.945755746629516,,,,,80.0
549,2021-06,0.0,0.0041108461473224,8.806389427185081,,,,,80.0
550,2021-06,0.0,0.003232256298645,8.482763396369108,,,,,80.0
551,2021-06,0.0,0.0044772743934231,10.336726612514951,,,,,30.0
552,2021-06,0.0,0.0030663989239769,8.517514779832638,,,,,80.0
553,2021-06,0.0,0.004268783554816,13.200844270211707,,,,,10.0
554,2021-06,0.0,0.0033153675252037,11.248982471889915,,,,,80.0
555,2021-06,0.0,0.0019421733671265,17.469918886820494,0.1066302674293633,24.771049564692383,17.0058123805223,7.665613631159646,10.0
556,2021-06,0.0,0.0032583024640432,11.678309728834387,,,,,20.0
557,2021-06,0.0,0.0031706751212742,13.06643479665123,,,,,10.0
558,2021-06,0.0,0.0033866978937226,13.613542295385306,,,,,10.0
559,2021-06,0.0,0.0032758757227497,12.628124724494114,,,,,10.0
560,2021-06,0.0,0.001727857416256,17.60232900690151,0.1241977160218333,9.767627036988031,16.168134444085076,6.247181897713919,10.0
561,2021-06,0.0,0.0020969256514149,17.145507536994103,0.1325284054932132,6.706395121382939,15.815114787934652,6.46689258989846,10.0
562,2021-06,0.0,0.0,,,,,,30.0
563,2021-06,0.0,0.0019253785166976,18.13201673295764,0.1411192176329186,27.257668524007837,18.680699417012807,4.473733148827916,10.0
564,2021-06,0.0,0.0030261359864312,10.71263128916425,,,,,80.0
565,2021-06,0.0,0.0034565858298378,11.55862467024062,,,,,80.0
566,2021-06,0.0,0.0030965377642549,13.967242563035768,,,,,10.0
567,2021-06,0.0,0.003472127740963,11.363054918359843,,,,,80.0
568,2021-06,0.0,0.0021899722271996,17.922746396947804,0.1237723677203211,7.517569510648742,17.070923487655666,4.00799494576719,10.0
569,2021-06,0.0,0.0020980357879238,17.720243914440445,0.1196115919864187,15.585569177858416,16.005977620771432,6.557523285668256,10.0
570,2021-06,0.0,0.0035177029424744,13.003292006033462,,,,,80.0
571,2021-06,0.0,0.0034079782420235,13.123679815019914,,,,,10.0
572,2021-06,0.0,0.0019888506814446,17.841048289102247,0.1364237439772718,9.682372232806216,15.949005574910498,2.414339264336036,10.0
573,2021-06,0.0,0.0031518030667143,13.100553109910749,,,,,80.0
574,2021-06,0.0,0.0031331312908567,,,,,,10.0
575,2021-06,0.0,0.0022588528448181,17.03376491546634,0.1303215386110508,6.957158362579658,16.487928574874896,2.347662720583632,10.0
576,2021-06,0.0,0.0029376491659718,13.26594346364341,,,,,10.0
577,2021-06,0.0,0.0027186629428304,14.135951330396892,,,,,10.0
578,2021-06,0.0,0.0016475876548724,18.36192836761477,0.1353428724324207,7.734354889802595,17.238642562101298,4.24648816325322,10.0
579,2021-06,0.0,0.0027138697359797,14.291101476881266,,,,,10.0
580,2021-06,0.0,0.0016943156474667,18.08848080811679,0.1345856717686752,35.015717194303,18.625763321825204,6.579744368665395,10.0
581,2021-06,0.0,0.0026761325452563,15.03919853634308,,,,,10.0
582,2021-06,0.0,0.0024360063640399,16.608461638556594,,,,,10.0
583,2021-06,0.0,0.0028437830263214,17.08906276702885,0.1254062731054181,9.472525735115951,16.560085101631266,2.2007258806282706,10.0
584,2021-06,0.0,0.0023922499024706,17.281274138556597,0.1170561836416893,9.00468108612139,17.211303849707726,7.74672763369914,10.0
585,2021-06,0.0,0.0018536250793772,11.06707406725204,,,,,20.0
586,2021-06,0.0,0.0018923178070622,17.68730644649932,,,,,10.0
587,2021-06,0.0,0.0,15.848910133926989,,,,,80.0
588,2021-06,0.0,0.0019054271036225,17.361168479919456,0.1194690643554035,3.781370120260127,14.201127671468496,3.007056445903355,10.0
589,2021-06,0.0,0.0019317406916457,17.412814394633003,0.1210286475850721,5.8922984954225,15.381092107864529,5.445105365595633,10.0
590,2021-06,0.0,0.0022167242818909,10.939746980818509,,,,,20.0
591,2021-06,0.0,0.0018979601317482,17.902961964077445,,,,,10.0
592,2021-06,0.0,0.0013058288576611,17.837480193244097,,,,,10.0
593,2021-06,0.0,0.0018295682722168,18.12735161251494,,,,,20.0
594,2021-06,0.0,0.0016024529689389,17.745687929789256,0.1364141810083119,2.6101944641620936,16.934673395546863,0.8671451357081738,10.0
595,2021-06,0.0,0.0016168974095421,17.620416081140938,0.1265656213376457,14.16355298450912,17.296718255930625,3.520238462796437,10.0
596,2021-06,0.0,0.001585434601092,17.909490182664676,0.1335959196939852,40.038296194222106,19.01775757712428,29.420244765321343,40.0
597,2021-06,0.0,0.0015208452695446,18.28698209704777,0.1489637495622701,5.969724564727782,18.38483099700161,5.658718006346119,40.0
598,2021-06,0.0,0.0015490241104203,17.307372093200698,,,,,80.0
599,2021-06,0.0,0.0032238955054519,14.264014752705918,,,,,10.0
600,2021-06,0.0,0.0029933459812241,18.029357182538075,,,,,10.0
601,2021-06,0.0,0.0031600098812418,18.097593583001043,,,,,10.0
602,2021-06,0.0,0.0014555163436966,17.327027271104917,,,,,10.0
603,2021-06,0.0,0.0013214729481774,18.049763179355217,0.1446702463673462,2.9208741083226792,17.093991416636282,0.9606512889878096,40.0
604,2021-06,113920.7812702736,0.0023648746067124,18.23776827918161,0.143750096367669,22.380511511943062,17.632342807453256,1.609194061086293,40.0
605,2021-06,0.0,0.0026031565918363,15.818929665176976,,,,,10.0
606,2021-06,0.0,0.0024007528775769,18.371195350458613,0.1500540574769301,11.802356548981228,18.37715554406969,3.536042366596976,40.0
607,2021-06,0.0,0.0017785791063147,17.019313056380685,,,,,80.0
608,2021-06,1637373.1527208511,0.0028494057311453,18.660410965813558,,,,,80.0
609,2021-06,0.0,0.0019878469163018,18.05339707692466,,,,,80.0
610,2021-06,0.0,0.0017619338883794,16.73985161251494,,,,,40.0
611,2021-06,0.0,0.0016597557229726,18.02838563437416,,,,,30.0
612,2021-06,0.0,0.0022618479782181,16.336993810865636,,,,,10.0
613,2021-06,0.0,0.0026448093110161,18.75485269758438,0.133037062848228,12.184441409058156,19.18788190756677,4.721339160253098,40.0
614,2021-06,0.0,0.0025935403758126,17.053660025420033,,,,,10.0
615,2021-06,0.0,0.0019035570078926,17.680910301208527,,,,,10.0
616,2021-06,0.0,0.0017174668365555,16.397214260807782,,,,,10.0
617,2021-06,0.0,0.0015518044542253,18.12210564083525,,,,,10.0
618,2021-06,0.0,0.0017803616577225,20.39583644866947,,,,,30.0
619,2021-06,0.0,0.0017433061951237,16.718267772815864,,,,,10.0
620,2021-06,0.0,0.0012012925996221,19.692147438614484,,,,,30.0
621,2021-06,0.0,0.00173739415942,18.64982272254097,,,,,10.0
622,2021-06,0.0,0.0016945495956974,20.29827666812475,0.122893269014689,,,,40.0
623,2021-06,0.0,0.0027420590076682,16.73164780934654,,,,,10.0
624,2021-06,0.0,0.0008528537803726,20.293102480570507,,,,,10.0
625,2021-06,0.0,0.0027827180677491,17.042001406351744,,,,,10.0
626,2021-06,0.0,0.0029340622845359,16.905784307207398,,,,,10.0
627,2021-06,0.0,0.0012414090090828,20.35995794932052,,,,,10.0
628,2021-06,0.0,0.001663190101965,22.866286616855238,,,,,10.0
629,2021-06,0.0,0.0012107170321824,24.078924095153823,,,,,40.0
630,2021-06,0.0,0.0019507117324906,,,,,,80.0
631,2021-06,0.0,0.0027359060698586,13.629681799146908,,,,,10.0
632,2021-06,0.0,0.0,,,,,,10.0
633,2021-06,11947807.52936318,0.002494192870027,12.224192832137904,,,,,80.0
634,2021-06,0.0,0.0039140257745877,17.606023448194428,,,,,80.0
635,2021-06,0.0,0.0024864365922682,19.12454717333298,,,,,80.0
636,2021-06,0.0,0.0041517284497596,16.390310117950637,,,,,80.0
637,2021-06,0.0,0.0033251786437235,20.91696056932398,,,,,80.0
638,2021-06,0.0,0.0039708878720606,5.441099527147109,,,,,80.0
639,2021-06,0.0,0.0033743369753053,7.105962355299728,,,,,80.0
640,2021-06,0.0,0.0,,,,,,80.0
641,2021-06,0.0,0.0,,,,,,80.0
642,2021-06,0.0,0.0032294415153816,9.392094546140015,,,,,80.0
643,2021-06,0.0,0.0,,,,,,80.0
644,2021-06,0.0,0.0,9.345610618591309,,,,,80.0
645,2021-06,0.0,0.0034526788518097,9.458103473943936,,,,,80.0
646,2021-06,0.0,0.0,,,,,,10.0
647,2021-06,0.0,0.0,,,,,,80.0
648,2021-06,0.0,0.0,,,,,,10.0
649,2021-06,0.0,0.0038346268355539,7.837868114978615,,,,,80.0
650,2021-06,0.0,0.0,,,,,,10.0
651,2021-06,0.0,0.004082146478185,11.620489083172217,,,,,80.0
652,2021-06,0.0,0.0035698719078141,,,,,,10.0
653,2021-06,0.0,0.0,,,,,,10.0
654,2021-06,0.0,0.0040364458628076,11.441163781896464,,,,,10.0
655,2021-06,0.0,0.0,,,,,,10.0
656,2021-06,0.0,0.0017028494157718,13.826100602277876,,,,,10.0
657,2021-06,0.0,0.0042180493558168,16.614623691417574,,,,,10.0
658,2021-06,0.0,0.003217864757164,16.270158421018607,,,,,10.0
659,2021-06,0.0,0.002754939509316,16.13866962664057,,,,,10.0
660,2021-06,0.0,0.0022733405216434,20.22256177690296,,,,,10.0
661,2021-06,0.0,0.004819072460516,21.527524656269485,,,,,40.0
662,2021-06,0.0,0.0029454884185232,2.984293344285774,,,,,80.0
663,2021-06,0.0,0.0027375577459362,4.098667651046971,,,,,80.0
664,2021-06,0.0,0.0031997907542059,5.452199552088631,,,,,80.0
665,2021-06,0.0,0.0026849813514786,8.254513161270728,,,,,10.0
666,2021-06,0.0,0.0037069543123746,6.461611029030646,,,,,80.0
667,2021-06,0.0,0.0037431059958943,5.06059017181399,,,,,80.0
668,2021-06,0.0,0.0027195262167689,7.807342931959385,,,,,10.0
669,2021-06,0.0,0.0030366063197378,7.471695145501053,,,,,80.0
670,2021-06,0.0,0.0030868164950447,8.104439596145896,,,,,80.0
671,2021-06,0.0,0.0,,,,,,80.0
672,2021-06,0.0,0.0033619932585793,,,,,,80.0
673,2021-06,0.0,0.0,,,,,,80.0
674,2021-06,0.0,0.0032916415366677,8.495360217950301,,,,,80.0
675,2021-06,0.0,0.0030470451347247,11.809917332531835,,,,,10.0
676,2021-06,0.0,0.0040438084779158,9.411771788963929,,,,,80.0
677,2021-06,0.0,0.0037446029239731,9.850488005744126,,,,,10.0
678,2021-06,0.0,0.0038883221401609,10.148266326056604,,,,,80.0
679,2021-06,0.0,0.0038172394938949,10.383987716392252,,,,,10.0
680,2021-06,0.0,0.0040891069335667,10.392682400456208,,,,,10.0
681,2021-06,0.0,0.0040572057576708,10.17936087806446,,,,,10.0
682,2021-06,0.0,0.0026699215993549,13.170633773198224,,,,,10.0
683,2021-06,0.0,0.0038096662366228,11.15842971467137,,,,,10.0
684,2021-06,0.0,0.0041342491970794,11.479993214077444,,,,,10.0
685,2021-06,0.0,0.0032087166751565,14.589993781272836,,,,,10.0
686,2021-06,0.0,0.0040367417577218,11.91238193735047,,,,,10.0
687,2021-06,0.0,0.0035124361270504,12.544042575301775,,,,,10.0
688,2021-06,0.0,0.0,,,,,,10.0
689,2021-06,0.0,0.0023125063383417,14.632126305595298,,,,,10.0
690,2021-06,0.0,0.0021191718433139,15.74892013691092,,,,,10.0
691,2021-06,0.0,0.0030771987025213,15.479210118279966,,,,,10.0
692,2021-06,0.0,0.0035402367578285,13.920971123560204,,,,,10.0
693,2021-06,0.0,0.0031865291052895,15.956377927807818,,,,,10.0
694,2021-06,0.0,0.0030821663292047,14.511822690482113,,,,,10.0
695,2021-06,0.0,0.0025276480618951,13.364034787738158,,,,,10.0
696,2021-06,0.0,0.0017088367048737,14.289519818623884,,,,,10.0
697,2021-06,0.0,0.0021647659196294,17.968788558558437,,,,,10.0
698,2021-06,0.0,0.0029931944860853,16.871605830722416,,,,,10.0
699,2021-06,0.0,0.0031235725507404,16.899092335171183,,,,,10.0
700,2021-06,0.0,0.0,12.928998205396908,,,,,30.0
701,2021-06,0.0,0.0018477856868344,12.851272985670327,,,,,80.0
702,2021-06,0.0,0.0026854933719341,17.24199665917292,,,,,10.0
703,2021-06,0.0,0.002716094479346,17.152471052356066,,,,,10.0
704,2021-06,0.0,0.0033490269200342,17.096375345942977,,,,,10.0
705,2021-06,0.0,0.0,,,,,,10.0
706,2021-06,0.0,0.0028103415528039,17.49406372836229,,,,,10.0
707,2021-06,554269.9809609998,0.0030718805193197,17.68542678974295,,,,,10.0
708,2021-06,0.0,0.0043100897891967,19.794712733747968,,,,,10.0
709,2021-06,0.0,0.0050808549121036,18.111863602532303,,,,,10.0
710,2021-06,0.0,0.0036306425684529,16.60016384124758,,,,,10.0
711,2021-06,0.0,0.0033850480642482,20.209659211846866,,,,,10.0
712,2021-06,0.0,0.0042010658813302,20.28424576816398,,,,,10.0
713,2021-06,0.0,0.0030535851905431,22.519684545036903,,,,,40.0
714,2021-06,0.0,0.0013740576559143,18.636232227749304,,,,,10.0
715,2021-06,0.0,0.0022892949858146,20.08809312184654,,,,,10.0
716,2021-06,0.0,0.0036675826534893,20.1454423650106,,,,,10.0
717,2021-06,0.0,0.0027172366533515,20.224632350982205,,,,,10.0
718,2021-06,0.0,0.00258222255175,20.396551059700613,,,,,10.0
719,2021-06,0.0,0.003147792791708,2.8002967622545043,,,,,80.0
720,2021-06,0.0,0.0018839798623162,5.824171273973263,,,,,30.0
721,2021-06,0.0,0.0032158203178482,4.377679846021863,,,,,80.0
722,2021-06,0.0,0.0031974807137089,5.6334578408135485,,,,,80.0
723,2021-06,0.0,0.0016690723353463,7.435473809418871,,,,,10.0
724,2021-06,0.0,0.0030040822678643,8.268626297844804,,,,,80.0
725,2021-06,0.0,0.0028038553649025,,,,,,80.0
726,2021-06,0.0,0.0029495266332067,9.123836891739492,,,,,80.0
727,2021-06,0.0,0.0035234339290695,8.648037783304872,,,,,10.0
728,2021-06,0.0,0.0025878768701902,9.955754080272884,,,,,10.0
729,2021-06,0.0,0.0026072717958527,12.47408148447674,,,,,10.0
730,2021-06,0.0,0.0033043406659203,13.96193223317466,,,,,10.0
731,2021-06,0.0,0.0057221714162665,13.025973574320515,,,,,10.0
732,2021-06,0.0,0.0035431671643095,12.750646245038087,,,,,10.0
733,2021-06,0.0,0.0039158425529094,12.279935764049291,,,,,10.0
734,2021-06,0.0,0.0028757013135987,12.637884924146904,,,,,10.0
735,2021-06,0.0,0.001940149292731,15.40421160238762,,,,,10.0
736,2021-06,0.0,0.0034991671397127,16.181713365625473,,,,,10.0
737,2021-06,0.0,0.0024535638346113,16.79443241401958,,,,,10.0
738,2021-06,0.0,0.0023308880382614,13.086215273539253,,,,,10.0
739,2021-06,0.0,0.0036620773130493,16.27435465070939,,,,,10.0
740,2021-06,0.0,0.0023929071678556,13.907353104485429,,,,,10.0
741,2021-06,0.0,0.0017744291329222,13.528172874450703,,,,,10.0
742,2021-06,0.0,0.0029265788449682,17.172352968851747,,,,,10.0
743,2021-06,0.0,0.0016362152749138,13.229757754008006,,,,,80.0
744,2021-06,0.0,0.0023729088161227,12.761272510952448,,,,,30.0
745,2021-06,0.0,0.0023671529942589,17.177987734476744,,,,,10.0
746,2021-06,0.0,0.0047210089617806,16.700622961256258,,,,,10.0
747,2021-06,0.0,0.004721152012928,19.56842536623518,,,,,10.0
748,2021-06,0.0,0.0026410843932467,15.9528409788344,,,,,10.0
749,2021-06,0.0,0.0030955008917885,16.030171436733667,,,,,10.0
750,2021-06,0.0,0.0,18.826044103834363,,,,,10.0
751,2021-06,0.0,0.0025338547059732,19.823333238672348,,,,,10.0
752,2021-06,0.0,0.0028100972957582,19.328982915781992,,,,,10.0
753,2021-06,0.0,0.0026106178515988,18.67010063595245,,,,,10.0
754,2021-06,0.0,0.0038515510413882,20.058560922410777,,,,,10.0
755,2021-06,0.0,0.0,,,,,,100.0
756,2021-06,0.0,0.003163032954319,,,,,,30.0
757,2021-06,0.0,0.0028515353554325,,,,,,80.0
758,2021-06,0.0,0.0,8.8225013520983,,,,,10.0
759,2021-06,0.0,0.0,,,,,,80.0
760,2021-06,0.0,0.0,,,,,,80.0
761,2021-06,0.0,0.0031312189751702,,,,,,10.0
762,2021-06,0.0,0.0036143369728165,16.49273789723719,,,,,10.0
763,2021-06,0.0,0.0,,,,,,10.0
764,2021-06,0.0,0.0,,,,,,10.0
765,2021-06,0.0,0.0,15.623475201924691,,,,,10.0
766,2021-06,0.0,0.0,,,,,,80.0
767,2021-06,0.0,0.002705214644853,16.335046563325136,,,,,10.0
768,2021-06,0.0,0.0,,,,,,10.0
769,2021-06,0.0,0.0022117055708008,,,,,,10.0
770,2021-06,0.0,0.0023765571170883,,,,,,10.0
771,2021-06,0.0,0.0,,,,,,10.0
772,2021-06,0.0,0.0,,,,,,10.0
773,2021-06,0.0,0.0068149579587646,26.61341109805639,,,,,30.0
774,2021-06,0.0,0.0010690202691989,21.1789768430922,,,,,10.0
775,2021-06,0.0,0.0070502795034485,24.307932938469804,,,,,10.0
776,2021-06,0.0,0.0053039764474809,24.819513492819723,,,,,10.0
777,2021-06,0.0,0.0060658015066223,24.781891949971552,,,,,80.0
778,2021-06,0.0,0.0057876955473261,26.15566948360869,,,,,10.0
779,2021-06,0.0,0.0058856330567436,26.273735076056607,,,,,10.0
780,2021-06,0.0,0.0064740283968457,26.46203043195938,,,,,30.0
781,2021-06,0.0,0.0021359387540655,18.416176947336364,,,,,10.0
782,2021-06,0.0,0.0027107752615052,19.141620275709386,,,,,10.0
783,2021-06,0.0,0.0011908642703133,20.82073811425107,,,,,10.0
784,2021-06,0.0,0.0024472780281143,20.45993624793164,,,,,10.0
785,2021-06,0.0,0.0023285679274636,,,,,,10.0
786,2021-06,0.0,0.0029639839881497,19.047191244183196,,,,,10.0
787,2021-06,0.0,0.0019775661084887,20.50671955956356,,,,,10.0
788,2021-06,0.0,0.0,,,,,,10.0
789,2021-06,0.0,0.0074792250746327,24.02048041025799,,,,,80.0
790,2021-06,0.0,0.006132743908917,26.258194711473276,,,,,10.0
791,2021-06,0.0,0.0068910706543761,26.220636841102912,,,,,10.0
792,2021-06,0.0,0.0080069441103773,26.464888233608697,,,,,10.0
793,2021-06,0.0,0.0,,,,,,10.0
794,2021-06,159977833.26241478,0.0007686135412683,21.525901977487884,0.0896342589362138,,,,30.0
795,2021-06,2543384.545988472,0.0008312358787418,23.13967946207424,,,,,30.0
796,2021-06,0.0,0.0023548063887991,18.945760832892542,0.139164038713456,36.581853500527785,18.57576274073124,17.98632763878037,30.0
797,2021-06,1816539.60171479,0.0008353717945416,20.216754157390756,,,,,30.0
798,2021-06,0.0,0.0013857838763631,21.40333510740306,,,,,10.0
799,2021-06,0.0,0.0015579146398939,21.632893966392263,,,,,10.0
800,2021-06,13415684.781628195,0.0005466515836115,17.889779334833612,,,,,30.0
801,2021-06,0.0,0.0018904650960204,22.808607231624563,,,,,80.0
802,2021-06,0.0,0.0006914446426622,11.10992994279835,,,,,10.0
803,2021-06,0.0,0.0052518493251341,24.106372438724083,,,,,10.0
804,2021-06,0.0,0.0,,,,,,10.0
805,2021-06,0.0,0.0049932016109317,25.17488157248794,,,,,30.0
806,2021-06,2939827.5659101005,0.0041929412351011,25.56560241056602,,,,,10.0
807,2021-06,0.0,0.0035404352565354,25.232544292068653,,,,,30.0
808,2021-06,0.0,0.0042720999662823,25.41941297319202,,,,,10.0
809,2021-06,0.0,0.0091180977787909,25.635070463623684,,,,,10.0
810,2021-06,0.0,0.0057076027027383,26.56832407062183,,,,,40.0
811,2021-06,0.0,0.0054637797724912,26.272231634836363,,,,,10.0
812,2021-06,0.0,0.005227277155105,26.851937025564716,,,,,80.0
813,2021-06,0.0,0.0106222367386014,26.246976136753723,,,,,90.0
814,2021-06,0.0,0.0,26.62445990244549,,,,,80.0
815,2021-06,0.0,0.0013145327323513,21.728164058261456,,,,,10.0
816,2021-06,0.0,0.001391627615078,,,,,,10.0
817,2021-06,0.0,0.0014173168248404,22.58022327894048,,,,,40.0
818,2021-06,0.0,0.004462682431324,19.871418995327417,,,,,10.0
819,2021-06,0.0,0.0009923286491471,22.94671738942469,,,,,80.0
820,2021-06,0.0,0.0005036653240608,14.20123526255292,,,,,10.0
821,2021-06,0.0,0.0009961805993157,23.104079585605238,,,,,40.0
822,2021-06,0.0,0.0010524697357254,23.743676482306626,,,,,80.0
823,2021-06,0.0,0.0006119336688357,25.223791906568778,,,,,40.0
824,2021-06,0.0,0.0014282174163895,23.803423118591358,,,,,40.0
825,2021-06,0.0,0.002896519167109,22.62563652462432,,,,,40.0
826,2021-06,0.0,0.0033848885202246,22.70259050863763,,,,,40.0
827,2021-06,0.0,0.0037291963650621,19.743311046418707,,,,,10.0
828,2021-06,0.0,0.0041973076516228,20.496583925883,,,,,10.0
829,2021-06,0.0,0.0036701914920248,22.365543344285754,,,,,40.0
830,2021-06,0.0,0.0044408686214524,25.858947478400356,,,,,10.0
831,2021-06,0.0,0.0061641443495378,25.84026978158545,,,,,10.0
832,2021-06,0.0,0.0036954179161625,26.237921093128364,,,,,80.0
833,2021-06,0.0,0.0057682681584196,25.19233868210407,,,,,10.0
834,2021-06,0.0,0.0,,,,,,80.0
835,2021-06,0.0,0.0,,,,,,80.0
836,2021-06,0.0,0.0101572255758566,25.92512306072096,,,,,10.0
837,2021-06,0.0,0.0092156052344876,25.91318331824412,,,,,10.0
838,2021-06,0.0,0.0025627955549794,24.83653401268856,,,,,30.0
839,2021-06,0.0,0.0033476993197041,22.61970424652101,,,,,40.0
840,2021-06,0.0,0.0034339352369809,22.44867627885609,,,,,40.0
841,2021-06,0.0,0.0036543912941056,,,,,,10.0
842,2021-06,0.0,0.0,,,,,,80.0
843,2021-06,0.0,0.0,,,,,,90.0
844,2021-06,0.0,0.0103458992892342,26.40055310991079,,,,,90.0
845,2021-06,0.0,0.0,26.396889192086697,,,,,
846,2021-06,0.0,0.0,26.01076007220809,,,,,
847,2021-06,0.0,0.0029582602037824,26.786892435627625,,,,,30.0
848,2021-06,0.0,0.0038420132073292,26.497079620084065,,,,,10.0
849,2021-06,0.0,0.0040318205793742,26.478042305389497,,,,,10.0
850,2021-06,0.0,0.0058266776058909,26.740116911994107,,,,,10.0
851,2021-06,0.0,0.0017760779286688,21.04436183929446,,,,,10.0
852,2021-06,0.0,0.0022177225154861,21.91017520256294,,,,,40.0
853,2021-06,0.0,0.0017997368573541,29.14315919831442,,,,,20.0
854,2021-06,0.0,0.0038083386605326,25.457642615057548,,,,,10.0
855,2021-06,0.0,0.0,22.03432217432857,,,,,
856,2021-06,0.0,0.0,22.71441396783902,,,,,
857,2021-06,0.0,0.0,23.492380168786983,,,,,
858,2021-06,0.0,0.0,22.891114619613223,,,,,
859,2021-06,0.0,0.0,26.09340376818624,,,,,
861,2021-06,0.0,0.0048714520786044,26.40940873724785,,,,,30.0
862,2021-06,0.0,0.0039783675995036,26.670916547893025,,,,,30.0
863,2021-06,0.0,0.0033406782118601,26.56129631466338,,,,,50.0
864,2021-06,0.0,0.0039130734204542,26.344854867723274,,,,,10.0
865,2021-06,0.0,0.0058201111608582,26.55643418629965,,,,,10.0
866,2021-06,0.0,0.0043441464879947,26.78322765108141,,,,,30.0
867,2021-06,0.0,0.0027957740507177,27.593643384047382,,,,,10.0
868,2021-06,3654097.353985245,0.0015768909052313,26.84249320735181,,,,,20.0
869,2021-06,0.0,0.0072457102193273,27.63791367848716,,,,,30.0
870,2021-06,0.0,0.0061369731777745,27.798845481872576,,,,,30.0
871,2021-06,0.0,0.0066075232877172,27.956198183695506,,,,,30.0
872,2021-06,0.0,0.0049668361272975,27.775833975963128,,,,,30.0
873,2021-06,0.0,0.0062842227274018,28.45242485470243,,,,,80.0
874,2021-06,0.0,0.0,28.785635439554863,,,,,
875,2021-06,0.0,0.0,24.981388975072797,,,,,
876,2021-06,0.0,0.0,24.031313472323973,,,,,
877,2021-06,0.0,0.0,27.48211506737607,,,,,
878,2021-06,0.0,0.0,,,,,,
879,2021-06,0.0,0.0,23.06126477983265,,,,,
880,2021-06,0.0,0.0,26.4035145744445,,,,,
881,2021-06,0.0,0.0,22.196292584737147,,,,,
882,2021-06,0.0,0.0034718131608934,26.352882310115948,,,,,30.0
883,2021-06,0.0,0.0017863401063601,24.94970467602768,,,,,10.0
884,2021-06,0.0,0.005791613435133,26.689758096661503,,,,,10.0
885,2021-06,0.0,0.004141629462822,27.01854380790636,,,,,10.0
886,2021-06,0.0,0.0049764915617963,26.21897097693552,,,,,30.0
887,2021-06,6946032.77548462,0.0001780828060671,24.393543736310868,,,,,30.0
888,2021-06,0.0,0.0074627311825049,20.18484394167679,,,,,80.0
889,2021-06,0.0,0.0003945389348649,21.68812640981474,,,,,30.0
890,2021-06,0.0,0.000367236112936,22.006814503139942,,,,,30.0
891,2021-06,0.0,0.0007286360449762,19.51436197492813,,,,,60.0
892,2021-06,0.0,0.0006076947541373,19.21176922774232,,,,,30.0
893,2021-06,3588612.705823886,0.0008140100620153,18.30249148713593,,,,,10.0
894,2021-06,0.0,0.0003414533787804,19.800563960605217,,,,,30.0
895,2021-06,0.0,0.0004436240845757,19.39909600230404,,,,,30.0
896,2021-06,0.0,8.535464155397464e-05,24.725135568867767,,,,,30.0
897,2021-06,0.0,0.0002295779440639,19.34267279307049,,,,,10.0
898,2021-06,23110414.447985265,0.0002430926121558,21.89306283678329,,,,,30.0
899,2021-06,3708961.078982327,0.0001364484184819,19.14684143259069,,,,,10.0
900,2021-06,0.0,0.000128513492834,23.01962561666232,,,,,30.0
901,2021-06,0.0,0.0003100177235574,17.226439185369617,,,,,10.0
902,2021-06,0.0,5.864496150633709e-05,26.73474623931584,,,,,60.0
903,2021-06,0.0,6.710810004051382e-05,22.651038678487176,,,,,10.0
904,2021-06,0.0,0.000106304883537,24.33622780937942,,,,,60.0
905,2021-06,0.0,0.0003166990021419,18.079137023520374,,,,,20.0
906,2021-06,62013173.644026734,0.0001882315110227,26.39186311857083,,,,,30.0
907,2021-06,0.0,0.0001022883058302,31.33256144347017,,,,,60.0
908,2021-06,0.0,0.0059828221553402,18.19597818586564,,,,,10.0
909,2021-06,0.0,0.0113751841427954,23.19601505288859,,,,,10.0
910,2021-06,0.0,0.0,16.918392736646886,,,,,
911,2021-06,0.0,0.0010290339344578,,,,,,80.0
912,2021-06,0.0,0.0003120247316657,21.209723426356483,,,,,30.0
913,2021-06,0.0,0.0005596546454631,20.064848192187345,,,,,10.0
914,2021-06,0.0,3.4805362804490866e-05,23.6752468792009,,,,,10.0
915,2021-06,0.0,4.531701443966085e-05,29.398869895935064,,,,,60.0
916,2021-06,0.0,0.0001127642302721,33.386996252271885,,,,,60.0
917,2021-06,0.0,0.0009348243907745,31.647998639424667,,,,,20.0
918,2021-06,0.0,3.66752384479696e-06,21.482185168573068,,,,,60.0
919,2021-06,42137865.30551795,0.0033085985260665,26.627786238362493,,,,,10.0
920,2021-06,0.0,0.0,,,,,,10.0
921,2021-06,0.0,0.0037283848726588,27.815811898973266,,,,,80.0
922,2021-06,632727.5394543565,0.0080961753680147,26.632535531785788,,,,,10.0
923,2021-06,0.0,0.0061637736612397,17.807101504008003,,,,,20.0
924,2021-06,0.0,0.0094324402266579,15.975203175014952,,,,,10.0
925,2021-06,0.0,0.0,24.31224541134307,,,,,
926,2021-06,0.0,0.0,24.967267829652837,,,,,
927,2021-06,0.0,0.0,24.14653699662952,,,,,
928,2021-06,0.0,0.0013281181762012,13.62670170523906,,,,,10.0
929,2021-06,0.0,0.0011442863083075,14.013653628031436,,,,,10.0
930,2021-06,0.0,0.000949176796735,15.106564467948507,,,,,10.0
931,2021-06,0.0,0.001198669995252,13.632142456628966,,,,,10.0
932,2021-06,483381.6344858858,0.0017272623209462,12.337234786704755,,,,,10.0
933,2021-06,0.0,0.001862129344007,12.877351799595884,,,,,10.0
934,2021-06,0.0,0.0030185257656689,10.926224434412244,,,,,10.0
935,2021-06,0.0,0.0013027374201851,7.653321065939269,,,,,10.0
936,2021-06,0.0,0.001879804324119,15.704011522158249,,,,,10.0
937,2021-06,23769989.18223805,0.0008110790894049,17.339559008153934,,,,,10.0
938,2021-06,0.0,0.001179516404659,16.159784873905433,,,,,10.0
939,2021-06,0.0,0.0023083855875079,14.75117005735774,,,,,10.0
940,2021-06,0.0,0.000643621694635,19.093181633531028,,,,,10.0
941,2021-06,0.0,0.0001824430876808,23.6666043010759,,,,,30.0
942,2021-06,0.0,0.0014676442065192,14.081974083700317,,,,,10.0
943,2021-06,0.0,0.0012331111484604,17.670481889898152,,,,,10.0
944,2021-06,0.0,9.371339290305069e-05,23.335784463737024,,,,,30.0
945,2021-06,0.0,0.0009055883125122,14.66945682808208,,,,,10.0
946,2021-06,0.0,0.0008686688794531,15.323782920837424,,,,,10.0
947,2021-06,0.0,0.0032225630932884,9.599487655183207,,,,,10.0
948,2021-06,0.0,0.0008433636033373,15.345856115553133,,,,,10.0
949,2021-06,77357.11372799087,0.0013458945967231,15.789363650403018,,,,,10.0
950,2021-06,0.0,0.0023368626588421,15.936770354376918,,,,,10.0
951,2021-06,0.0,0.0009186275058823,18.511817317538824,,,,,10.0
952,2021-06,0.0,0.001482145439774,13.317076538516766,,,,,10.0
953,2021-06,5531758.794640941,0.0002642055971823,25.097127760165137,,,,,40.0
954,2021-06,0.0,0.0011313947293994,16.05667018890383,,,,,10.0
955,2021-06,0.0,0.0041398151721884,11.057485768888112,,,,,30.0
956,2021-06,0.0,0.0026248745632626,8.95844732920331,,,,,80.0
957,2021-06,0.0,0.0033894490620001,8.43323718623113,,,,,30.0
958,2021-06,0.0,0.0008149025096334,5.374175421738731,,,,,80.0
959,2021-06,0.0,0.0019687288329269,11.984429656134736,,,,,30.0
960,2021-06,0.0,0.0035244935970555,7.091986441435655,,,,,10.0
961,2021-06,0.0,0.0020325159388071,7.154966016295118,,,,,30.0
962,2021-06,0.0,0.0021909701792521,11.058987509712365,,,,,10.0
963,2021-06,0.0,0.0016487202466035,9.339254462630686,,,,,10.0
964,2021-06,0.0,0.0025132983202849,10.54994110060329,,,,,10.0
965,2021-06,0.0,0.0023049398556007,8.2581102229931,,,,,10.0
966,2021-06,0.0,0.003079031383379,9.11527589932838,,,,,10.0
967,2021-06,0.0,0.0027366958314019,7.368384692979913,,,,,10.0
968,2021-06,0.0,0.0027784723011775,8.090387365553136,,,,,10.0
969,2021-06,0.0,0.0026438367618955,9.52648220062258,,,,,30.0
970,2021-06,0.0,0.003540544416659,7.118866670867565,,,,,30.0
971,2021-06,0.0,0.0023442335182267,8.781660908704637,,,,,30.0
972,2021-06,0.0,0.0026482326044477,8.948912846600592,,,,,30.0
973,2021-06,0.0,0.0006089689586398,4.046895069546167,,,,,80.0
974,2021-06,0.0,0.0026619357743697,12.205377373872013,,,,,10.0
975,2021-06,0.0,0.0036489449196892,13.693235401577445,,,,,10.0
976,2021-06,0.0,0.0027455569751447,7.341018062167723,,,,,70.0
977,2021-06,0.0,0.0023766780457426,10.65033446841773,,,,,10.0
978,2021-06,0.0,0.0026759214454727,10.736024030049665,,,,,80.0
979,2021-06,0.0,0.002756474328919,7.13666116926408,,,,,70.0
980,2021-06,0.0,0.0027566588024289,10.558308101230216,,,,,10.0
981,2021-06,0.0,0.0021810762339669,10.067099062601756,,,,,80.0
982,2021-06,0.0,0.002525823020582,7.816608779140273,,,,,10.0
983,2021-06,0.0,0.0024322082485175,9.08724931081138,,,,,10.0
984,2021-06,0.0,0.0042175329977112,8.484144147237165,,,,,30.0
985,2021-06,0.0,0.0054025433713036,10.659808752271886,,,,,10.0
986,2021-06,0.0,0.0,,,,,,80.0
987,2021-06,0.0,0.0023782030745186,10.164737077406906,,,,,10.0
988,2021-06,0.0,0.0042132314050036,9.243428001403831,,,,,30.0
989,2021-06,0.0,0.0037575195214261,10.189547491662315,,,,,10.0
990,2021-06,0.0,0.0038769017373895,10.162634680006258,,,,,30.0
991,2021-06,0.0,0.0024408943706589,8.78330864376494,,,,,30.0
992,2021-06,0.0,0.0014854229742127,,,,,,90.0
993,2021-06,0.0,0.0017198215988225,6.2911707878205405,,,,,80.0
994,2021-06,496372.8192620381,0.0020016415785418,14.529047266612746,,,,,10.0
995,2021-06,0.0,0.001231085951659,12.29564474323908,,,,,80.0
996,2021-06,0.0,0.0019898716826394,16.03207492697667,0.1589078900859969,5.123329614060321,4.332906877153141,2.007460301799361,10.0
997,2021-06,0.0,0.001772858463149,17.635879125206134,,,,,10.0
998,2021-06,0.0,0.0,,,,,,10.0
999,2021-06,0.0,0.0020121757302982,12.746836350086928,0.107479235374521,5.6952582428355765,9.57722909041684,2.664687543304142,80.0
1000,2021-06,763491.2079548847,0.0017674272232071,11.820791597865844,,,,,10.0
1001,2021-06,0.0,0.0019039514930582,16.15800844943887,,,,,10.0
1002,2021-06,0.0,0.0,,,,,,30.0
1003,2021-06,0.0,0.0010771286739744,12.39243950313994,,,,,80.0
1004,2021-06,0.0,0.0011685106658774,13.180901296639188,,,,,80.0
1005,2021-06,0.0,0.0013229460343982,10.25706352657744,,,,,80.0
1006,2021-06,0.0,0.0017287205373621,9.795224333869111,,,,,30.0
1007,2021-06,0.0,0.0015156925544407,9.753381653437565,,,,,80.0
1008,2021-06,0.0,0.0013083072755572,9.790926434081303,,,,,80.0
1009,2021-06,0.0,0.0014411262923317,9.445041670994476,,,,,80.0
1010,2021-06,0.0,0.0015593316693655,9.474789040176972,,,,,80.0
1011,2021-06,0.0,0.001742769414658,9.970342742072232,,,,,80.0
1012,2021-06,0.0,0.0022905178123551,13.738743214077454,,,,,10.0
1013,2021-06,478452.9766902401,0.0026669377009574,10.307573311930978,,,,,10.0
1014,2021-06,0.0,0.001941132266377,14.480745924227644,,,,,10.0
1015,2021-06,0.0,0.0021759365890708,14.852460722275744,,,,,10.0
1016,2021-06,0.0,0.0014730260007144,6.379473363171851,,,,,80.0
1017,2021-06,0.0,0.0021261390586248,5.85401346418595,,,,,80.0
1018,2021-06,0.0,0.0017553459728564,14.19851896639226,,,,,10.0
1019,2021-06,0.0,0.0016032241040306,12.073756351168218,,,,,10.0
1020,2021-06,0.0,0.0018820703042008,6.709747445848274,,,,,80.0
1021,2021-06,0.0,0.0021267325269352,5.817327605353498,,,,,80.0
1022,2021-06,0.0,0.0013058125728207,13.246738487997208,,,,,80.0
1023,2021-06,0.0,0.0018137771195639,6.992839622497582,,,,,80.0
1024,2021-06,0.0,0.00168496098503,17.09120155516127,,,,,30.0
1025,2021-06,0.0,0.0024945839317658,10.34245051340342,,,,,10.0
1026,2021-06,0.0,0.0025760116781741,16.215863152064077,,,,,10.0
1027,2021-06,0.0,0.0015242742966839,15.98487060887155,,,,,10.0
1028,2021-06,0.0,0.0036556753097487,15.740060963100875,,,,,10.0
1029,2021-06,0.0,0.0030500654706666,15.877548368296416,,,,,10.0
1030,2021-06,0.0,0.0029235709552711,9.055390423476114,0.1719132330930304,7.547035634873664,7.832443076986702,6.231382870074967,80.0
1031,2021-06,0.0,0.0037318127606151,10.537112519821706,0.1677677612065431,6.754594401737049,8.097214621713276,6.2784379924740925,80.0
1032,2021-06,0.0,0.0024887793305825,13.36501437293161,0.1586509564103564,5.296152754054634,5.950896838272422,5.141371085356091,10.0
1033,2021-06,0.0,0.0030141151106632,15.443913178850538,,,,,10.0
1034,2021-06,0.0,0.0032189833084464,11.902891006246673,0.1536843915224462,5.157864581754986,7.810566300969936,2.296985493401482,80.0
1035,2021-06,0.0,0.0029150744949668,13.505058614172134,0.111143200122451,6.588113852237029,9.800315801996856,3.3305066466007145,10.0
1036,2021-06,0.0,0.001581814328501,15.054982227749306,0.1370574660213799,10.150214414662113,15.77687531791602,3.799299277623721,80.0
1037,2021-06,0.0,0.0019960808012721,17.635813119676413,,,,,80.0
1038,2021-06,0.0,0.0027532237026927,12.416258811950712,0.1665160309343762,4.767335885348829,5.830326789281474,2.6661209312789413,80.0
1039,2021-06,0.0,0.0027185027553476,16.349575462341328,,,,,10.0
1040,2021-06,0.0,0.0020419799901519,17.214002244266492,0.1083092145451546,,,,10.0
1041,2021-06,0.0,0.0019674842311777,16.900460879007994,,,,,10.0
1042,2021-06,0.0,0.0018279630032351,16.769713326442414,,,,,10.0
1043,2021-06,0.0,0.0023600555711823,16.776838723440047,,,,,10.0
1044,2021-06,0.0,0.0021431791041133,16.754157835805543,,,,,10.0
1045,2021-06,0.0,0.0017161371722944,17.026471110574583,,,,,10.0
1046,2021-06,0.0,0.0005307093018132,9.027023379007971,,,,,80.0
1047,2021-06,0.0,0.0008869401866036,7.896519364251077,,,,,80.0
1048,2021-06,0.0,0.000894733493908,11.279386117723297,,,,,80.0
1049,2021-06,0.0,0.0009018376225071,9.982482182538112,,,,,30.0
1050,2021-06,0.0,0.0009391203278141,10.308244895935076,,,,,80.0
1051,2021-06,0.0,0.0010986894124584,11.33931246863473,,,,,80.0
1052,2021-06,0.0,0.0013266250246601,12.73723569092929,,,,,80.0
1053,2021-06,0.0,0.0010609131061869,13.514522926895731,,,,,10.0
1054,2021-06,0.0,0.0012917134666281,10.949769825405582,,,,,80.0
1055,2021-06,0.0,0.001495823984726,13.60088893890383,,,,,10.0
1056,2021-06,0.0,0.0015810346193284,13.800281028747571,,,,,10.0
1057,2021-06,0.0,0.0016865679542724,10.730839432610424,,,,,10.0
1058,2021-06,0.0,0.0020817337556086,14.022633730570496,,,,,10.0
1059,2021-06,0.0,0.001525231426342,10.689336747063557,,,,,10.0
1060,2021-06,0.0,0.0024898767226773,13.794598791334394,,,,,10.0
1061,2021-06,0.0,0.0019034228974419,10.491282547844804,,,,,10.0
1062,2021-06,0.0,0.00203720179735,15.094539112514951,,,,,80.0
1063,2021-06,0.0,0.0021786398941117,11.108582623799665,,,,,10.0
1064,2021-06,0.0,0.0015478588396149,10.954095861646865,,,,,80.0
1065,2021-06,0.0,0.0015538975351887,11.12295798548947,,,,,10.0
1066,2021-06,0.0,0.0020411394291954,7.681599659389931,,,,,80.0
1067,2021-06,0.0,0.001376932586614,11.282578934563546,,,,,80.0
1068,2021-06,0.0,0.0020893763506251,14.176342497931596,,,,,80.0
1069,2021-06,0.0,0.0014036863797741,10.602935741565886,,,,,80.0
1070,2021-06,0.0,0.002207838719471,7.410107824537505,,,,,30.0
1071,2021-06,0.0,0.0014434426778393,13.472802910981375,,,,,10.0
1072,2021-06,0.0,0.0016953039669829,7.008007536994114,,,,,30.0
1073,2021-06,0.0,0.0011554702871876,8.661445398683915,,,,,80.0
1074,2021-06,0.0,0.0012936003261643,14.797485076056605,,,,,80.0
1075,2021-06,0.0,0.0023998234176474,15.76304105358362,,,,,10.0
1076,2021-06,0.0,0.0011524565273361,14.672684457567016,,,,,80.0
1077,2021-06,0.0,0.0012836637351748,13.047860781351744,,,,,80.0
1078,2021-06,0.0,0.0012070916348534,15.353370899624323,,,,,30.0
1079,2021-06,0.0,0.0024807478988009,14.163277176751055,,,,,10.0
1080,2021-06,0.0,0.0014295891510616,15.5652888050786,,,,,10.0
1081,2021-06,0.0,0.0017722163104849,9.332220861646874,,,,,10.0
1082,2021-06,0.0,0.001441790884121,16.773216141594816,,,,,10.0
1083,2021-06,0.0,0.0012009896093445,16.95074986917002,,,,,10.0
1084,2021-06,0.0,0.0012760194394824,16.951422069690864,,,,,10.0
1085,2021-06,0.0,0.0031815420591669,15.922695308261474,,,,,10.0
1086,2021-06,0.0,0.0022299073391991,15.671665848626049,,,,,80.0
1087,2021-06,0.0,0.0025807089859085,17.144899898105223,,,,,10.0
1088,2021-06,0.0,0.002108384644373,15.2388696246677,,,,,10.0
1089,2021-06,0.0,0.0030072815471726,10.885552024841331,0.118709729412432,7.818281140116334,9.117788444065528,5.084883271151035,10.0
1090,2021-06,0.0,0.0024186677986222,10.713880475362185,0.1849342811095955,4.030934942419632,8.07127681357614,4.619005415301266,80.0
1091,2021-06,0.0,0.0026390326896148,14.66838622623022,0.1268921231594753,8.863153851715076,12.775550343604936,4.582959726956365,10.0
1092,2021-06,0.0,0.0038898687565165,16.28201944563126,,,,,10.0
1093,2021-06,0.0,0.0024626919247184,14.322867223951576,,,,,10.0
1094,2021-06,0.0,0.0022241134967967,14.666837470443175,,,,,10.0
1095,2021-06,0.0,0.0020139224582749,17.6333717134264,,,,,10.0
1096,2021-06,0.0,0.0021296279429686,18.185346946716333,,,,,10.0
1097,2021-06,0.0,0.0019563637429314,15.56868665483266,0.1222894261976595,7.2002877612813485,11.044468227062415,1.7847211171696329,10.0
1098,2021-06,33404.34571444654,0.0019038972510732,15.535328379972498,0.1441767734390352,8.710047136239066,10.72911122661411,1.7441340351755716,10.0
1099,2021-06,0.0,0.0028175271802979,12.805487463209374,0.1674844925032251,9.337263124316747,10.17523413676101,5.501185358343356,10.0
1100,2021-06,0.0,0.0020580522471504,15.71379728670477,,,,,10.0
1101,2021-06,0.0,0.0016533047780658,16.82492919498023,,,,,10.0
1102,2021-06,0.0,0.0020128591539868,16.90024974257861,,,,,10.0
1103,2021-06,0.0,0.0,,,,,,30.0
1104,2021-06,0.0,0.0015540552391447,17.08659911685521,,,,,10.0
1105,2021-06,0.0,0.0015122916304903,15.121844885084386,,,,,10.0
1106,2021-06,0.0,0.0016452735252351,17.19323503036948,,,,,10.0
1107,2021-06,0.0,0.0019554130488472,,0.1032145265607791,,,,10.0
1108,2021-06,0.0,0.0,,,,,,80.0
1109,2021-06,0.0,0.0,,,,,,30.0
1110,2021-06,0.0,0.0,,,,,,30.0
1111,2021-06,0.0,0.000680886929615,,,,,,30.0
1112,2021-06,0.0,0.0,,,,,,30.0
1113,2021-06,0.0,0.0,,,,,,30.0
1114,2021-06,0.0,0.0,,,,,,30.0
1115,2021-06,0.0,0.0,13.580520015292734,,,,,80.0
1116,2021-06,0.0,0.0,,,,,,30.0
1117,2021-06,0.0,0.0,,,,,,10.0
1118,2021-06,0.0,0.0021084107214051,15.106624073452425,0.1169700929152148,,,,10.0
1119,2021-06,0.0,0.0,,0.1385151515151515,,,,10.0
1120,2021-06,0.0,0.0,,0.1130464764676113,6.874461496960034,10.592430345939867,1.6626266979245528,80.0
1121,2021-06,0.0,0.0016039359892672,4.050183656997497,,,,,80.0
1122,2021-06,0.0,0.0,,,,,,30.0
1123,2021-06,0.0,0.0015734247618752,4.556987418168772,,,,,80.0
1124,2021-06,0.0,0.0008852539125754,4.283850145087691,,,,,80.0
1125,2021-06,0.0,0.0011243014605859,4.23381978327934,,,,,80.0
1126,2021-06,0.0,0.0012260820439111,3.5945418251885526,,,,,80.0
1127,2021-06,0.0,0.0012460004609459,4.539490927394058,,,,,80.0
1128,2021-06,0.0,0.0021313907224479,6.717703693961199,,,,,80.0
1129,2021-06,0.0,0.002448784535511,6.560742278571623,0.0752447927859691,,,,80.0
1130,2021-06,0.0,0.0005710324648854,3.839788949754527,,,,,80.0
1131,2021-06,0.0,0.0006495374941664,3.420426156785773,,,,,80.0
1132,2021-06,0.0,0.0010533355996277,1.7312729134782032,,,,,80.0
1133,2021-06,0.0,0.001678561222858,5.742977673995918,,,,,100.0
1134,2021-06,0.0,0.0009201877699209,4.100569265389173,,,,,100.0
1135,2021-06,0.0,0.0014890927576857,4.143687978875727,,,,,80.0
1136,2021-06,0.0,0.0010781849287483,4.120879390292719,,,,,80.0
1137,2021-06,0.0,0.0011979380083863,3.770915555019024,,,,,80.0
1138,2021-06,0.0,0.0017553475751318,5.413293091102904,,,,,80.0
1139,2021-06,0.0,0.001039975896336,4.244758703443765,,,,,80.0
1140,2021-06,0.0,0.0018546463909956,6.587804662916414,,,,,30.0
1141,2021-06,0.0,0.0020835089583197,4.768355599270103,,,,,80.0
1142,2021-06,0.0,0.0006734226242644,4.637398149937784,,,,,80.0
1143,2021-06,0.0,0.0009509867743986,3.7639948597660986,,,,,80.0
1144,2021-06,0.0,0.0010085299366551,4.00710775495153,,,,,80.0
1145,2021-06,0.0,0.0007629848772126,4.520388825229886,,,,,80.0
1146,2021-06,0.0,0.0014939157047706,7.668218815515939,,,,,30.0
1147,2021-06,0.0,0.0010515333153851,4.058609298423505,,,,,80.0
1148,2021-06,0.0,0.0012563424561259,8.025613951304624,,,,,80.0
1149,2021-06,0.0,0.0012625672782409,5.238624484636653,,,,,80.0
1150,2021-06,0.0,0.0,,,,,,30.0
1151,2021-06,0.0,0.0016904728863475,8.381492613115899,,,,,80.0
1152,2021-06,0.0,0.0020059007620191,5.186421708001055,,,,,80.0
1153,2021-06,0.0,0.0013218231254654,7.108926794264079,,,,,80.0
1154,2021-06,0.0,0.0019069631649889,9.059256632769564,,,,,80.0
1155,2021-06,0.0,0.0012459435470584,5.950310847290579,,,,,30.0
1156,2021-06,0.0,0.0018175061133673,5.141463328164737,,,,,80.0
1157,2021-06,0.0,0.0020741902047234,6.75218613942468,,,,,30.0
1158,2021-06,0.0,0.0014049609612405,5.866998015509736,,,,,30.0
1159,2021-06,0.0,0.0022220727150387,9.616235377464792,,,,,80.0
1160,2021-06,0.0,0.0020140751951771,7.108790283641622,,,,,80.0
1161,2021-06,0.0,0.0014021717388269,5.857001724796036,,,,,80.0
1162,2021-06,0.0,0.0,,,,,,30.0
1163,2021-06,0.0,0.0029790823768556,9.26350239647762,,,,,80.0
1164,2021-06,0.0,0.0026382190241254,7.87248073577883,,,,,80.0
1165,2021-06,0.0,0.0006680197769242,3.4682872136434164,,,,,80.0
1166,2021-06,0.0,0.0006503022962647,3.736694060431603,,,,,80.0
1167,2021-06,0.0,0.0,3.5693261676364614,,,,,80.0
1168,2021-06,0.0,0.0009988280389544,4.313933372497587,,,,,80.0
1169,2021-06,0.0,0.0014427534991341,6.324347778602903,,,,,80.0
1170,2021-06,0.0,0.0013978302234249,5.834184837341326,,,,,80.0
1171,2021-06,0.0,0.000976285065595,4.914496252271874,,,,,80.0
1172,2021-06,0.0,0.0014361057185965,6.458724360995845,,,,,80.0
1173,2021-06,0.0,0.0013299349450903,3.1451731999715378,,,,,100.0
1174,2021-06,0.0,0.0015698827558594,3.070669393186241,,,,,100.0
1175,2021-06,0.0,0.0017895134542224,6.275094668070494,,,,,80.0
1176,2021-06,0.0,0.0019975870603161,,,,,,80.0
1177,2021-06,0.0,0.0019942330572841,6.474747445848266,,,,,80.0
1178,2021-06,0.0,0.0011816888803082,4.9999796507093945,,,,,30.0
1179,2021-06,0.0,0.0011830188089447,5.771587181091334,,,,,80.0
1180,2021-06,0.0,0.0008635925505397,5.574307314554886,,,,,30.0
1181,2021-06,0.0,0.0008654427780546,5.157731748510305,,,,,30.0
1182,2021-06,0.0,0.0009880644335188,6.394714758131272,,,,,80.0
1183,2021-06,0.0,0.0012649627778766,5.596275223626056,,,,,30.0
1184,2021-06,0.0,0.0009135002646682,5.441040306091338,,,,,30.0
1185,2021-06,0.0,0.0012563064449864,8.173788515726727,,,,,80.0
1186,2021-06,0.0,0.0013094700628357,5.869353565639949,,,,,30.0
1187,2021-06,0.0,0.0013205565267639,5.654604487948973,,,,,80.0
1188,2021-06,0.0,0.0017696551734047,5.83165391286218,,,,,30.0
1189,2021-06,0.0,0.0015317413711386,7.583197424146893,,,,,80.0
1190,2021-06,0.0,0.0012975454085903,6.471695300510971,,,,,30.0
1191,2021-06,0.0,0.0016464836650925,5.56486834066888,,,,,30.0
1192,2021-06,0.0,0.0,,,,,,30.0
1193,2021-06,0.0,0.0025050736719208,9.952323943244108,,,,,80.0
1194,2021-06,0.0,0.002120758816981,8.231287701924657,,,,,80.0
1195,2021-06,0.0,0.0013996891432839,6.803804701345968,,,,,30.0
1196,2021-06,0.0,0.0017449937516289,7.054996469285773,,,,,80.0
1197,2021-06,0.0,0.0014362714940148,7.108057269343665,,,,,30.0
1198,2021-06,0.0,0.0021937571221428,8.715183462920058,,,,,80.0
1199,2021-06,0.0,0.0,,,,,,80.0
1200,2021-06,0.0,0.0006996400409775,,,,,,30.0
1201,2021-06,0.0,0.0010688386612969,4.933805063035777,,,,,100.0
1202,2021-06,0.0,0.0020304169793478,6.319663081698968,,,,,80.0
1203,2021-06,0.0,0.0,,,,,,30.0
1204,2021-06,0.0,0.0032231591397362,,,,,,30.0
1205,2021-06,0.0,0.0,,,,,,30.0
1206,2021-06,0.0,0.0006807738936637,2.470724744645396,,,,,100.0
1207,2021-06,0.0,0.0006236653530436,3.454783024704266,,,,,80.0
1208,2021-06,0.0,0.0006049853815473,3.399717063903836,,,,,100.0
1209,2021-06,0.0,0.0010930619889336,3.612963049146879,,,,,100.0
1210,2021-06,0.0,0.0009895843519605,3.92816696469749,,,,,100.0
1211,2021-06,0.0,0.0007280435168581,5.037000140437404,,,,,100.0
1212,2021-06,0.0,0.0004908635967808,5.26522758907746,,,,,100.0
1213,2021-06,0.0,0.0009525798016625,2.802146999419709,,,,,100.0
1214,2021-06,0.0,0.0011452518158989,4.4198056326972335,,,,,80.0
1215,2021-06,0.0,0.0007917228309435,2.975552657798507,,,,,100.0
1216,2021-06,0.0,0.0006043079995947,3.301435271369109,,,,,80.0
1217,2021-06,0.0,0.0012958826873538,4.740712434274201,,,,,100.0
1218,2021-06,0.0,0.0011070992553072,5.385269906785766,,,,,100.0
1219,2021-06,0.0,0.0016111057738283,1.2446862750583432,,,,,80.0
1220,2021-06,0.0,0.0026145921894429,1.9268995049805844,,,,,100.0
1221,2021-06,0.0,0.0014519322757667,3.242542214827125,,,,,80.0
1222,2021-06,0.0,0.0021380948988719,2.205447935679623,,,,,80.0
1223,2021-06,0.0,0.0027071207517224,1.5408325570261572,,,,,100.0
1224,2021-06,0.0,0.0013753642393983,3.3217031026769823,,,,,100.0
1225,2021-06,0.0,0.0022047243767815,2.157127003139931,,,,,80.0
1226,2021-06,0.0,0.0,2.1064992904663318,,,,,80.0
1232,2021-06,0.0,0.0043790301063495,1.98673836743392,,,,,100.0
1233,2021-06,0.0,0.0,,,,,,100.0
1234,2021-06,0.0,0.0,,,,,,100.0
1235,2021-06,0.0,0.0,,,,,,100.0
1236,2021-06,0.0,0.0,,,,,,100.0
1241,2021-06,0.0,0.0019494196776387,4.053233618963353,,,,,70.0
1242,2021-06,0.0,0.0012538301913066,5.404744733174664,,,,,100.0
1243,2021-06,0.0,0.0017636748407123,6.3703074773152935,,,,,30.0
1244,2021-06,0.0,0.0019729096730104,6.990503622993613,,,,,100.0
1245,2021-06,0.0,0.0026579618209439,6.074808481004522,,,,,100.0
1246,2021-06,0.0,0.0,,,,,,100.0
1247,2021-06,0.0,0.0019793691489932,1.7163456175062637,,,,,100.0
1248,2021-06,0.0,0.0,,,,,,100.0
1249,2021-06,0.0,0.0,,,,,,100.0
1250,2021-06,0.0,0.0,,,,,,100.0
1251,2021-06,0.0,0.0032902920640205,1.6886909757342,,,,,70.0
1252,2021-06,0.0,0.0,,,,,,100.0
1253,2021-06,0.0,0.0036935785540777,3.183286942376037,,,,,100.0
1256,2021-06,0.0,0.0,,,,,,100.0
1650,2021-06,0.0,0.0,23.7851960935091,,,,,
1654,2021-06,0.0,0.0,27.02912264929879,,,,,
453,2021-07,143669848.53318378,0.0012302830635185,23.34142186017448,,,,,40.0
454,2021-07,4587396.0570947975,0.0012770072879667,15.706189913631349,0.5066922352278845,4.319109321676498,13.462255641286314,4.250444689838973,80.0
455,2021-07,476558.5277853878,0.0018985835273391,17.848820568430877,,,,,80.0
456,2021-07,55679155.1848234,0.0016653057448533,17.472114487021557,0.6124794488836878,4.4635443431598265,14.88144490250177,3.5718238960374373,80.0
457,2021-07,30350605.234899454,0.0017159307020443,20.523741314504637,0.4471993050986571,4.551261111573463,19.27247389903255,3.277397004792212,10.0
458,2021-07,0.0,0.0028660709818675,18.89885609696068,,,,,80.0
459,2021-07,0.0,0.0,,,,,,10.0
460,2021-07,4750595.938290373,0.001319510686701,21.13033458203827,,,,,80.0
461,2021-07,261248.743267002,0.0011726863770006,22.01348978022096,0.4069538849538024,7.161570549011231,,22.93460273742676,80.0
462,2021-07,953503.7372260636,0.001323262685557,22.369315989127088,0.4300805922272001,,,,10.0
463,2021-07,0.0,0.0013719419648331,23.45315360635769,,,,,80.0
464,2021-07,0.0,0.0017453204218447,21.47996037139524,,,,,10.0
465,2021-07,0.0,0.0018032297100486,22.734296483078328,,,,,10.0
466,2021-07,0.0,0.0014263646476995,23.589368795455204,,,,,10.0
467,2021-07,0.0,0.0018155058704868,15.499252740877356,,,,,80.0
468,2021-07,0.0,0.0033151264471863,16.31069259370102,,,,,80.0
469,2021-07,2402200.9780136496,0.0011089457342962,19.03141362845573,,,,,10.0
470,2021-07,28901247.17678693,0.00227342343233,19.145978645758344,0.3323334602261475,15.822913584638384,19.12258214455963,4.763424544067483,10.0
471,2021-07,0.0,0.0013790625316952,19.179576900213306,,,,,10.0
472,2021-07,2940847.566593145,0.0021395690645905,18.983127307831545,0.3625779721051689,13.158882814409544,19.18226152328,3.335059777439051,10.0
473,2021-07,0.0,0.0020647284123356,18.02351246281396,,,,,80.0
474,2021-07,0.0,0.0010529177935938,18.595554343603013,,,,,10.0
475,2021-07,3123127.998642529,0.0022627305187126,19.39728389974915,0.3262025057619124,17.08714055197159,20.935730514152013,8.221075961640064,10.0
476,2021-07,149205312.52719754,0.0010433743764379,19.552715742273435,,,,,10.0
477,2021-07,0.0,0.0019316343804397,20.180034829030543,0.3087038745704907,16.38852034160146,20.571523709119223,7.9190439200478755,10.0
478,2021-07,110091783.79086582,0.0020854983705481,19.59965621020664,0.3209557179820592,36.01648139319035,18.94600265786492,8.46559303263852,10.0
479,2021-07,0.0,0.0018559419775876,19.908376976751537,0.3375692307485834,14.85508777917831,19.467017367835314,3.676975188312288,10.0
480,2021-07,8284529.307474422,0.0018420750611845,20.172408456016207,0.3683534644859911,26.282125180896266,21.289967038339768,5.902824136969527,10.0
481,2021-07,323681.59212370066,0.0014929285896108,19.851529430175216,,,,,10.0
482,2021-07,0.0,0.0016421234094157,20.40968046017447,0.3572476878097975,8.000034017978088,20.83255998264932,4.945031457200236,10.0
483,2021-07,0.0,0.002201731550997,20.25132485666585,0.3409954610882145,2.181803951512982,19.149166997820316,4.1707065080070365,10.0
484,2021-07,0.0,0.0012718935045654,19.15474839452227,,,,,10.0
485,2021-07,0.0,0.0016677633407766,20.449476382113467,0.3797166935268519,15.825394574231929,21.688718253087703,3.5145422012908485,10.0
486,2021-07,0.0,0.0012960398014772,20.681176794273185,0.5519069548506429,6.886130014906946,20.37008886057031,9.181729587437008,10.0
487,2021-07,0.0,0.0018449148643071,19.16967934229043,,,,,10.0
488,2021-07,172149133.46540248,0.0020430788877661,20.074984761872,0.4218867675432161,6.306664275089965,20.23370436174688,4.663726195876009,10.0
489,2021-07,0.0,0.0012362807322749,20.47243483222352,,,,,10.0
490,2021-07,3983963.341733861,0.0016356089972995,19.08488294340367,0.3458759769825967,25.425657337190525,20.79560571934948,5.894093345688948,10.0
491,2021-07,6705199.208237261,0.0016927715750622,20.57952431405208,0.3851642353660758,6.0941179916377815,20.607937753991667,5.106508103069662,10.0
492,2021-07,0.0,0.0019408122184927,19.671871302888405,,,,,10.0
493,2021-07,0.0,0.0017625022143451,20.26461461826829,0.4274197026617722,4.0713233388659,19.505364948502425,4.846483154220314,10.0
494,2021-07,0.0,0.0020871286809342,20.47508621679507,0.3303446696726742,4.043649805961909,19.79607259024282,1.8869314657572411,80.0
495,2021-07,0.0,0.0017177492860014,19.908116625714072,,,,,10.0
496,2021-07,0.0,0.0010580459054697,20.735008065232105,,,,,10.0
497,2021-07,0.0,0.0013679783206807,19.38541034438707,0.3389690661989322,4.179091045295462,19.167187844238487,6.32074900626258,10.0
498,2021-07,0.0,0.0012666360023672,20.874098057900728,0.3608240056582095,4.967140854025881,21.39546064897017,10.63091225673755,80.0
499,2021-07,1792826.8808378612,0.0017386369887049,20.459440301054283,,,,,80.0
500,2021-07,0.0,0.0018890706267345,19.95059235126277,0.3324308478208652,11.146181894947144,20.81568160215818,2.7804585521201672,10.0
501,2021-07,32553618.22594699,0.0010902052604213,21.150578604928462,0.4965949050512588,5.988627181049461,19.59891534199481,3.508134313934251,80.0
502,2021-07,0.0,0.0011271119597608,21.13416820238997,,,,,10.0
503,2021-07,0.0,0.0014364600661451,21.21815432750198,0.4950864772691839,10.66034578308868,21.85368527955556,2.443888526306933,10.0
504,2021-07,0.0,0.0016718478554967,20.490713271274384,,,,,10.0
505,2021-07,1026048.5201778866,0.0020589953975268,19.9867602057782,,,,,10.0
506,2021-07,0.0,0.0029097714009935,18.499207264889986,,,,,10.0
507,2021-07,0.0,0.003400567221945,18.79771657333188,,,,,10.0
508,2021-07,0.0,0.0010502439058212,21.112330304764527,,,,,10.0
509,2021-07,7431018.453495342,0.0013983235243017,20.91300261029208,,,,,10.0
510,2021-07,0.0,0.0010619612890536,21.53810805454051,,,,,80.0
511,2021-07,0.0,0.0023437126088197,18.32059083343836,,,,,10.0
512,2021-07,0.0,0.0021027803900892,20.01682319230933,0.3396517077163732,3.0545965627599285,19.626850561762367,7.794082220816783,10.0
513,2021-07,5971549.91621384,0.0032910972542755,19.16753197073567,,,,,10.0
514,2021-07,0.0,0.0010650942581946,21.52026052167341,,,,,10.0
515,2021-07,2508321.331887465,0.0023113165530617,20.443472511537635,,,,,10.0
516,2021-07,0.0,0.0011665497455055,21.5113959387151,0.516129131630123,10.930291195310224,21.65434354530514,6.926597634711295,10.0
517,2021-07,0.0,0.0018201984944994,20.698241553084436,,,,,10.0
518,2021-07,0.0,0.0022273786224976,18.547696105675787,,,,,10.0
519,2021-07,0.0,0.0012647502604181,20.343643746324783,0.3294912210892505,4.82537133613982,20.65451778876252,7.299833878791678,10.0
520,2021-07,0.0,0.0025885919917561,17.7719773642816,,,,,80.0
521,2021-07,0.0,0.0002528505163293,22.1052567705366,0.5543397394770961,17.06869670909037,21.94576402767781,7.533281080213992,40.0
522,2021-07,0.0,0.001000313839951,19.931292068317408,,,,,30.0
523,2021-07,11258981.345061677,0.0022191440385346,19.580264819881187,,,,,10.0
524,2021-07,0.0,0.0015981581064349,19.51090265089468,,,,,10.0
525,2021-07,64257646.20549806,0.0007133602644557,21.710582515757597,0.5189006624013106,,,,10.0
526,2021-07,0.0,0.0015586769067302,19.10721113963797,,,,,80.0
527,2021-07,0.0,0.0014698545617913,22.193528326437917,,,,,10.0
528,2021-07,9289777.4207723,0.0015081770624848,22.23679487987233,,,,,10.0
529,2021-07,0.0,0.0021072911844563,18.252441471879216,,,,,80.0
530,2021-07,0.0,0.0006472670021707,21.732827849940755,0.4479346291727927,39.59901874059117,21.74478997919469,10.900633644492084,40.0
531,2021-07,0.0,0.0005559243741686,21.97793395339804,0.4208108557209101,30.42065300848211,21.651016575751985,11.520105604152263,40.0
532,2021-07,0.0,0.0012205414953882,22.851287097999304,,,,,80.0
533,2021-07,0.0,0.0013689834690479,23.065907135405823,,,,,10.0
534,2021-07,0.0,0.0019551380510813,22.03813943154864,,,,,40.0
535,2021-07,10573854.026830982,0.0011979022943529,22.081971456925874,0.5035411409066473,8.573953866405363,23.169845977911383,10.061752784591109,30.0
536,2021-07,0.0,0.0023554513567511,20.3992935851872,,,,,10.0
537,2021-07,0.0,0.001861738529292,21.224803003017207,,,,,80.0
538,2021-07,0.0,0.0014633017140681,23.2584900339872,,,,,30.0
539,2021-07,0.0,0.00213674013645,19.473156147618475,,,,,10.0
540,2021-07,0.0,0.0,,,,,,30.0
541,2021-07,0.0,0.0005664165180031,23.28593392702426,0.4272990194848576,23.1940103379016,23.755360188795667,11.373683436853389,40.0
542,2021-07,0.0,0.0026850611451322,20.27667085380968,,,,,10.0
543,2021-07,0.0,0.001675556648081,21.77873707979813,,,,,10.0
544,2021-07,0.0,0.0029706106373844,17.57550945213621,,,,,10.0
545,2021-07,0.0,0.0020305085165356,22.75742939163801,,,,,10.0
546,2021-07,0.0,0.0031188065293486,17.931212197580667,,,,,10.0
547,2021-07,0.0,0.0004454352049349,24.08764869389144,,,,,80.0
548,2021-07,0.0,0.0022756711128408,16.89222221784695,,,,,80.0
549,2021-07,0.0,0.0024754733327085,16.858534749348962,,,,,80.0
550,2021-07,0.0,0.0029105276349241,16.402543065881247,,,,,80.0
551,2021-07,0.0,0.0025147546562607,17.198739459950446,,,,,30.0
552,2021-07,100015.76525093093,0.0026285678628141,16.177629171391985,,,,,80.0
553,2021-07,137691.40235220338,0.0015354211611603,18.87929939078604,,,,,10.0
554,2021-07,0.0,0.0015736550572569,18.02887271347868,,,,,80.0
555,2021-07,0.0,0.0019309223178083,18.992199116368468,0.3661335220259342,19.965386227651845,21.22330033692603,6.067025041089517,10.0
556,2021-07,0.0,0.0012631968143637,18.246032386697784,,,,,20.0
557,2021-07,0.0,0.0009869910192118,18.70377617292508,,,,,10.0
558,2021-07,0.0,0.0012137249592001,18.81107127418655,,,,,10.0
559,2021-07,0.0,0.000921591419285,18.860129538915487,,,,,10.0
560,2021-07,0.0,0.0018345868073955,19.75015250038505,0.3352448914371807,11.37152765675689,20.844656290527087,9.165747328396431,10.0
561,2021-07,0.0,0.00176903163225,20.030294679484506,0.4421182296332356,6.368948169332001,21.993571912706432,8.426906580238505,10.0
562,2021-07,0.0,0.0,,,,,,30.0
563,2021-07,0.0,0.0019576554976955,20.232759668493813,0.3575003171430209,63.57250996840933,21.57081464897474,19.902107391446865,10.0
564,2021-07,0.0,0.0023950592163259,17.32827706285704,,,,,80.0
565,2021-07,0.0,0.0012222111705,18.641661744476693,,,,,80.0
566,2021-07,0.0,0.0007975591205611,19.348738409883275,,,,,10.0
567,2021-07,0.0,0.0012075931313688,18.71018694258936,,,,,80.0
568,2021-07,497876.2118883549,0.0015817016843016,20.266054018082173,0.3594358398290163,10.14673717437862,21.677597484418037,6.716987883385652,10.0
569,2021-07,0.0,0.0015109032872373,19.829895956238943,0.3417216122476075,27.166456128917247,20.856987533355056,13.107871782369244,10.0
570,2021-07,0.0,0.0018079646411592,18.704034423828148,,,,,80.0
571,2021-07,0.0,0.0022420038017685,18.26374687042472,,,,,10.0
572,2021-07,0.0,0.0018985473672527,20.01806339668241,0.3343586344524519,10.768367644994598,20.65896732421254,5.755053550263787,10.0
573,2021-07,0.0,0.0021276988568956,18.129759232715912,,,,,80.0
574,2021-07,0.0,0.0020329411311005,,,,,,10.0
575,2021-07,0.0,0.001609166387027,19.43423803185907,0.3653614386787358,9.854201504207362,20.529345129518983,4.541285073234793,10.0
576,2021-07,0.0,0.0020499706748182,18.2190110073295,,,,,10.0
577,2021-07,0.0,0.0032712189339652,19.12071946667087,,,,,10.0
578,2021-07,0.0,0.001363922144776,20.578949105867792,0.367784362884444,7.745322771120108,21.7695226704426,9.788068833434188,10.0
579,2021-07,0.0,0.0029003501418287,19.19091449040242,,,,,10.0
580,2021-07,0.0,0.0018337555709535,20.527643259793663,0.3233210016218982,40.0827222385547,22.5025082104396,9.39864972721178,10.0
581,2021-07,0.0,0.0021827375375285,19.66314808835267,,,,,10.0
582,2021-07,0.0,0.0013723318545787,20.601992568149377,,,,,10.0
583,2021-07,0.0,0.0017510260624741,20.279359419627884,0.3520191575011047,11.112921362909654,22.052185689622757,4.399707815701393,10.0
584,2021-07,0.0,0.0013523616376573,21.173348834950477,0.481888579514471,11.843810703233558,21.740453322189342,4.603735713536024,10.0
585,2021-07,0.0,0.0018162981155569,16.843310837518636,,,,,20.0
586,2021-07,0.0,0.0010061306737914,19.93906702841484,,,,,10.0
587,2021-07,0.0,0.0,21.46401618766104,,,,,80.0
588,2021-07,0.0,0.002062337148493,19.996005609984067,0.3334597872224492,3.0187633520781603,19.98995498608438,7.962875078879087,10.0
589,2021-07,0.0,0.0019213811042959,20.07245640908521,0.3173144995682477,4.847782172419302,20.397893926462498,8.216783712365347,10.0
590,2021-07,0.0,0.0014846176388914,16.039641152658785,,,,,20.0
591,2021-07,0.0,0.0010110065820867,20.226147089038744,,,,,10.0
592,2021-07,0.0,0.0022106733120819,19.96243653656336,,,,,10.0
593,2021-07,0.0,0.0013174847248251,21.963908205750204,,,,,20.0
594,2021-07,0.0,0.0009295821669752,20.37483704269576,0.4077878656274494,4.034434967158923,21.48286458103608,6.540768541108884,10.0
595,2021-07,0.0,0.0008370027425939,20.200919099447383,0.3549528870510967,16.847295748439375,21.064417076919337,8.796413593277412,10.0
596,2021-07,0.0,0.0006366496764674,20.68330757387225,0.3141237355253147,46.12324055879918,22.405933589460187,44.55458412034204,40.0
597,2021-07,0.0,0.0005982488873655,21.166289758169537,0.3937236227398835,10.926874769868036,21.75077484061013,4.892440833619274,40.0
598,2021-07,0.0,0.0023235500338728,19.364974286479367,,,,,80.0
599,2021-07,0.0,0.0019200859450355,19.097663272324453,,,,,10.0
600,2021-07,1511799.375447067,0.0011878192904646,21.94015253538729,,,,,10.0
601,2021-07,0.0,0.0011358049246723,22.0005366499706,,,,,10.0
602,2021-07,12249506.348960469,0.0022940634919261,20.89656390332354,,,,,10.0
603,2021-07,0.0,0.0005078848931248,21.36393183226228,0.4224974902435544,4.181009448671552,22.04059593731536,7.790739621902005,40.0
604,2021-07,0.0,0.0004799694302732,21.434244594779077,0.4109617232103661,17.643113921317532,21.708944516568287,8.21666295459724,40.0
605,2021-07,0.0,0.0018925423903321,20.04400418189266,,,,,10.0
606,2021-07,0.0,0.0003908018130118,21.6213667164282,0.4612944548154301,19.25929122307237,21.802827508297767,12.328933128019946,40.0
607,2021-07,0.0,0.0016908117118532,19.42775824215253,,,,,80.0
608,2021-07,0.0,0.0012350137514924,22.388951258505585,,,,,80.0
609,2021-07,0.0,0.0013366520884687,20.553773482127884,,,,,80.0
610,2021-07,0.0,0.0017233620567177,19.31050598800826,,,,,40.0
611,2021-07,0.0,0.0010534765170704,20.985706121271324,,,,,30.0
612,2021-07,0.0,0.0011798825594837,19.106946522702472,,,,,10.0
613,2021-07,0.0,0.0021174207809622,21.67883456103692,0.3553498273436257,21.66977478233858,23.32320255172704,12.371656243773348,40.0
614,2021-07,0.0,0.0020573504748995,20.562810885521685,,,,,10.0
615,2021-07,0.0,0.0017339592658534,21.411104723202318,,,,,10.0
616,2021-07,0.0,0.0020011693719084,19.307909259317608,,,,,10.0
617,2021-07,0.0,0.0014807803770103,21.633796084824453,,,,,10.0
618,2021-07,0.0,0.0012726814034635,23.32852842269409,,,,,30.0
619,2021-07,0.0,0.0017165273907835,19.375896297988103,,,,,10.0
620,2021-07,0.0,0.0008415957771793,23.19898097540744,,,,,30.0
621,2021-07,0.0,0.001879772095189,21.636174487042183,,,,,10.0
622,2021-07,0.0,0.0007487118724043,23.362487596081166,0.3449479327395194,,,,40.0
623,2021-07,0.0,0.0018784222983375,18.700443193989443,,,,,10.0
624,2021-07,0.0,0.0013415117296631,22.755628950877885,,,,,10.0
625,2021-07,0.0,0.0025383711341078,17.80565599010839,,,,,10.0
626,2021-07,0.0,0.0038960136379929,17.670726292107727,,,,,10.0
627,2021-07,0.0,0.0019366398933584,22.4715298560358,,,,,10.0
628,2021-07,0.0,0.0015992701533491,24.148866518082173,,,,,10.0
629,2021-07,0.0,0.0032443900831043,24.37546241021928,,,,,40.0
630,2021-07,0.0,0.0024433985832388,,,,,,80.0
631,2021-07,0.0,0.0030773163321669,18.993144176852358,,,,,10.0
632,2021-07,0.0,0.0,,,,,,10.0
633,2021-07,0.0,0.0017668522493273,16.83860108661746,,,,,80.0
634,2021-07,0.0,0.0030138044958018,20.1011656055943,,,,,80.0
635,2021-07,0.0,0.0063987741794619,20.67548544026045,,,,,80.0
636,2021-07,0.0,0.0042101796472792,18.86045410900085,,,,,80.0
637,2021-07,0.0,0.0059661301358517,21.829940025971403,,,,,80.0
638,2021-07,0.0,0.0026885056206446,10.732666885211929,,,,,80.0
639,2021-07,0.0,0.0028487301666383,12.419292974457957,,,,,80.0
640,2021-07,0.0,0.0,,,,,,80.0
641,2021-07,0.0,0.0,,,,,,80.0
642,2021-07,0.0,0.0032986874451919,14.694258135774575,,,,,80.0
643,2021-07,0.0,0.0,,,,,,80.0
644,2021-07,0.0,0.0,14.672125506657435,,,,,80.0
645,2021-07,0.0,0.0039329675106971,14.488760220222778,,,,,80.0
646,2021-07,0.0,0.0,,,,,,10.0
647,2021-07,0.0,0.0,,,,,,80.0
648,2021-07,0.0,0.0,,,,,,10.0
649,2021-07,0.0,0.0021853007038319,13.394256692706534,,,,,80.0
650,2021-07,0.0,0.0,,,,,,10.0
651,2021-07,0.0,0.0029818385142926,14.508012758723266,,,,,80.0
652,2021-07,0.0,0.0028215900543386,,,,,,10.0
653,2021-07,0.0,0.0,,,,,,10.0
654,2021-07,0.0,0.0036760930480242,14.381137701390934,,,,,10.0
655,2021-07,0.0,0.0,,,,,,10.0
656,2021-07,0.0,0.001822992639618,18.173955194447124,,,,,10.0
657,2021-07,0.0,0.0039930253933863,17.316649500984752,,,,,10.0
658,2021-07,0.0,0.0048306328809045,16.93307468617852,,,,,10.0
659,2021-07,0.0,0.0035371028366739,17.265640196143032,,,,,10.0
660,2021-07,0.0,0.0058602356677516,19.17242535006617,,,,,10.0
661,2021-07,0.0,0.0046958143495574,21.6229229949516,,,,,40.0
662,2021-07,0.0,0.0016820220963546,10.379074720157108,,,,,80.0
663,2021-07,0.0,0.0018781049951024,11.363159566170587,,,,,80.0
664,2021-07,0.0,0.0025202058975885,11.820488699818476,,,,,80.0
665,2021-07,0.0,0.0026280258330757,13.638325374699008,,,,,10.0
666,2021-07,0.0,0.0027376389817782,11.885252625053896,,,,,80.0
667,2021-07,0.0,0.0018935076307879,11.40191483036166,,,,,80.0
668,2021-07,0.0,0.0025172551952853,13.008079882737524,,,,,10.0
669,2021-07,0.0,0.0037049425516882,12.57727556126094,,,,,80.0
670,2021-07,0.0,0.0024275735500509,13.17779624458467,,,,,80.0
671,2021-07,0.0,0.0,,,,,,80.0
672,2021-07,0.0,0.003476592946356,,,,,,80.0
673,2021-07,0.0,0.0,,,,,,80.0
674,2021-07,0.0,0.003275540827364,13.604817814349756,,,,,80.0
675,2021-07,0.0,0.0037627091356039,15.63999586252238,,,,,10.0
676,2021-07,0.0,0.0023688331726248,14.035231981048732,,,,,80.0
677,2021-07,0.0,0.0024605721715147,14.053740930044569,,,,,10.0
678,2021-07,0.0,0.0022953489240396,13.74185187823614,,,,,80.0
679,2021-07,0.0,0.0029818382880604,13.858092602996058,,,,,10.0
680,2021-07,0.0,0.0030694248126637,13.879137724189365,,,,,10.0
681,2021-07,0.0,0.0030763740297893,13.630127498132731,,,,,10.0
682,2021-07,0.0,0.0041718501089172,15.924088663549494,,,,,10.0
683,2021-07,0.0,0.0026854586336071,13.82251806599177,,,,,10.0
684,2021-07,0.0,0.0026263638879413,14.480130518978235,,,,,10.0
685,2021-07,0.0,0.003185787715386,16.24615417062831,,,,,10.0
686,2021-07,0.0,0.0035854671042114,14.558637835551762,,,,,10.0
687,2021-07,0.0,0.0044898424777443,14.961613512150672,,,,,10.0
688,2021-07,0.0,0.0,,,,,,10.0
689,2021-07,0.0,0.0030405067387277,16.45500536096813,,,,,10.0
690,2021-07,0.0,0.0033891083945554,16.67045786867862,,,,,10.0
691,2021-07,0.0,0.0028802822459446,16.449300247199538,,,,,10.0
692,2021-07,0.0,0.0037895168657655,15.824286762219185,,,,,10.0
693,2021-07,0.0,0.0030991811785156,16.764676946253932,,,,,10.0
694,2021-07,0.0,0.004006647777131,15.971502434962677,,,,,10.0
695,2021-07,0.0,0.0040347188363196,14.40613688338556,,,,,10.0
696,2021-07,0.0,0.0023889191100718,15.685598114998133,,,,,10.0
697,2021-07,0.0,0.0021224330348824,20.00370426059244,,,,,10.0
698,2021-07,0.0,0.0045465025288914,17.502723414923572,,,,,10.0
699,2021-07,0.0,0.004554427995304,17.572721551054286,,,,,10.0
700,2021-07,0.0,0.0,14.803814434748858,,,,,30.0
701,2021-07,0.0,0.0023773547741825,14.918205802671388,,,,,80.0
702,2021-07,0.0,0.0041979295991912,17.606959123508933,,,,,10.0
703,2021-07,0.0,0.0047492653611357,17.992663373353647,,,,,10.0
704,2021-07,0.0,0.0043163986425156,17.510883511033366,,,,,10.0
705,2021-07,0.0,0.0,,,,,,10.0
706,2021-07,0.0,0.0041306869982525,18.264846026297025,,,,,10.0
707,2021-07,0.0,0.0041600143847466,18.47425186357763,,,,,10.0
708,2021-07,0.0,0.0030147581647812,19.118654360623506,,,,,10.0
709,2021-07,0.0,0.0055818447775229,19.15369949614277,,,,,10.0
710,2021-07,0.0,0.0044075411292965,19.020653312437005,,,,,10.0
711,2021-07,0.0,0.0048722485729564,19.427825543928183,,,,,10.0
712,2021-07,0.0,0.0050751075628454,20.139394036843385,,,,,10.0
713,2021-07,0.0,0.0027702499309461,22.459369247399707,,,,,40.0
714,2021-07,0.0,0.0040754870060141,19.53519477434058,,,,,10.0
715,2021-07,0.0,0.0090596072855646,19.37774080666165,,,,,10.0
716,2021-07,0.0,0.0095534103737187,19.96561292422718,,,,,10.0
717,2021-07,0.0,0.0070076853516752,20.377160035117267,,,,,10.0
718,2021-07,0.0,0.0066628219745558,20.49437399898201,,,,,10.0
719,2021-07,0.0,0.0018592060092146,10.240731647450446,,,,,80.0
720,2021-07,0.0,0.0026028991225416,11.62097253286712,,,,,30.0
721,2021-07,0.0,0.002787831473654,10.766615804036462,,,,,80.0
722,2021-07,0.0,0.0026870735469515,11.833274070165489,,,,,80.0
723,2021-07,0.0,0.0038654357674772,13.99608217738438,,,,,10.0
724,2021-07,0.0,0.0026446238640005,13.428906315629234,,,,,80.0
725,2021-07,14376960.8145919,0.0021334469798262,,,,,,80.0
726,2021-07,0.0,0.0022555446111217,14.443624757609504,,,,,80.0
727,2021-07,0.0,0.0015433833482916,13.25974245789233,,,,,10.0
728,2021-07,0.0,0.0026017447082965,14.66528094360541,,,,,10.0
729,2021-07,0.0,0.0047531977775747,14.230032118930636,,,,,10.0
730,2021-07,0.0,0.0040718243005926,15.739854841334864,,,,,10.0
731,2021-07,0.0,0.0035871707382852,15.50291505218837,,,,,10.0
732,2021-07,0.0,0.0040167283746654,15.01637166341149,,,,,10.0
733,2021-07,0.0,0.0030000468123465,14.31133873387156,,,,,10.0
734,2021-07,0.0,0.0052596584442312,13.972838502289164,,,,,10.0
735,2021-07,0.0,0.0038039789083654,16.541147124040965,,,,,10.0
736,2021-07,0.0,0.0040904034408981,16.861990783035136,,,,,10.0
737,2021-07,0.0,0.0016967311981375,19.664120494336657,,,,,10.0
738,2021-07,0.0,0.0037700683358366,14.06917363648776,,,,,10.0
739,2021-07,0.0,0.0039618626716787,16.88709841492357,,,,,10.0
740,2021-07,0.0,0.0044874390446201,14.613199836977088,,,,,10.0
741,2021-07,0.0,0.0028915808084661,15.11571917790242,,,,,10.0
742,2021-07,0.0,0.0047750321179351,17.777295775054633,,,,,10.0
743,2021-07,0.0,0.0022788028402184,15.265338003507251,,,,,80.0
744,2021-07,0.0,0.0024819354696129,14.591118072181631,,,,,30.0
745,2021-07,0.0,0.0039820880177671,17.65295784242693,,,,,10.0
746,2021-07,0.0,0.0040837016436512,16.89807765509495,,,,,10.0
747,2021-07,0.0,0.0031255499008352,20.41650652204245,,,,,10.0
748,2021-07,0.0,0.0036822680863792,16.8259467012139,,,,,10.0
749,2021-07,0.0,0.004691167968815,18.732177537487416,,,,,10.0
750,2021-07,0.0,0.0,19.931899007161466,,,,,10.0
751,2021-07,0.0,0.0048171377289349,20.16123543469284,,,,,10.0
752,2021-07,0.0,0.0048580953296411,19.697457184703023,,,,,10.0
753,2021-07,0.0,0.0048902653637583,19.50205516382217,,,,,10.0
754,2021-07,0.0,0.0047546332561031,20.3814196514827,,,,,10.0
755,2021-07,0.0,0.0,,,,,,100.0
756,2021-07,0.0,0.0025562525275404,,,,,,30.0
757,2021-07,0.0,0.0029787339749987,,,,,,80.0
758,2021-07,0.0,0.0,13.202845222719304,,,,,10.0
759,2021-07,0.0,0.0,,,,,,80.0
760,2021-07,0.0,0.0,,,,,,80.0
761,2021-07,0.0,0.0043541744831259,,,,,,10.0
762,2021-07,0.0,0.0051416859510595,16.86864033360638,,,,,10.0
763,2021-07,0.0,0.0,,,,,,10.0
764,2021-07,0.0,0.0,,,,,,10.0
765,2021-07,0.0,0.0,16.92276342248408,,,,,10.0
766,2021-07,0.0,0.0,,,,,,80.0
767,2021-07,0.0,0.0036015938205575,17.241585702109962,,,,,10.0
768,2021-07,0.0,0.0,,,,,,10.0
769,2021-07,0.0,0.0034465596559698,,,,,,10.0
770,2021-07,0.0,0.0037493736031706,,,,,,10.0
771,2021-07,0.0,0.0,,,,,,10.0
772,2021-07,0.0,0.0,,,,,,10.0
773,2021-07,0.0,0.0087092133002381,26.930270828739317,,,,,30.0
774,2021-07,0.0,0.0091937345001156,19.206613979544706,,,,,10.0
775,2021-07,0.0,0.0031537279966528,26.32517542685234,,,,,10.0
776,2021-07,0.0,0.0052165323549989,26.41285078807545,,,,,10.0
777,2021-07,0.0,0.005415214646166,26.34298194146928,,,,,80.0
778,2021-07,0.0,0.00821120501638,26.42041888493365,,,,,10.0
779,2021-07,0.0,0.0094096333268339,26.430295029506908,,,,,10.0
780,2021-07,1763256.755434721,0.0092171695031067,26.670855675388232,,,,,30.0
781,2021-07,0.0,0.0041031234446222,17.728048335718515,,,,,10.0
782,2021-07,0.0,0.0066020568691745,18.24788129252775,,,,,10.0
783,2021-07,0.0,0.0082701400402243,19.082323759345627,,,,,10.0
784,2021-07,0.0,0.0090798281613047,18.638554858135933,,,,,10.0
785,2021-07,0.0,0.0079274803879911,,,,,,10.0
786,2021-07,0.0,0.0093776155743057,18.8281450885016,,,,,10.0
787,2021-07,0.0,0.0067346983137781,20.171709155010944,,,,,10.0
788,2021-07,0.0,0.0,,,,,,10.0
789,2021-07,0.0,0.004008534598654,26.065800951885933,,,,,80.0
790,2021-07,0.0,0.0094637549829112,26.39546130014823,,,,,10.0
791,2021-07,0.0,0.0095539402696545,26.31145017343613,,,,,10.0
792,2021-07,0.0,0.0096120780813748,26.697594558551778,,,,,10.0
793,2021-07,0.0,0.0,,,,,,10.0
794,2021-07,377976706.2137021,0.0007862327097296,25.37536872841198,0.465864354044022,,,,30.0
795,2021-07,3683522.4459143393,0.0017565968730489,25.69809038184569,,,,,30.0
796,2021-07,0.0,0.0003501356127912,23.623174655052942,0.4646345783988794,69.98168635992377,22.36662618338045,33.63893540615108,30.0
797,2021-07,145787864.31436607,0.0004681726195187,25.30023009709358,,,,,30.0
798,2021-07,0.0,0.0014377465330615,23.33761493131396,,,,,10.0
799,2021-07,0.0,0.0012701339257811,23.360381555044537,,,,,10.0
800,2021-07,1380392.003254348,0.0006027644097702,22.82574998862429,,,,,30.0
801,2021-07,0.0,0.0027364311598792,23.38435815204676,,,,,80.0
802,2021-07,0.0,0.0015598618695002,16.509622427406324,,,,,10.0
803,2021-07,0.0,0.0049501372551285,25.63536938911441,,,,,10.0
804,2021-07,0.0,0.0,,,,,,10.0
805,2021-07,0.0,0.0038999104273844,26.52930593912179,,,,,30.0
806,2021-07,5322101.627940699,0.0029013242864272,27.286618172897764,,,,,10.0
807,2021-07,0.0,0.0018954272043398,26.63700778734922,,,,,30.0
808,2021-07,0.0,0.0043734836787311,26.94451818978917,,,,,10.0
809,2021-07,0.0,0.0070817864048535,26.576288856066355,,,,,10.0
810,2021-07,0.0,0.0065493729859314,27.22225035051701,,,,,40.0
811,2021-07,267921.2635964846,0.0067424875787462,26.89709856839495,,,,,10.0
812,2021-07,0.0,0.0066166277212952,27.417619405767,,,,,80.0
813,2021-07,0.0,0.0076863142640141,27.119250180328876,,,,,90.0
814,2021-07,0.0,0.0,27.423430215158817,,,,,80.0
815,2021-07,0.0,0.0010670602801496,23.51384625178514,,,,,10.0
816,2021-07,0.0,0.0011787519338781,,,,,,10.0
817,2021-07,0.0,0.0008919061494398,25.29334511887929,,,,,40.0
818,2021-07,0.0,0.0031053007128889,20.573232802524387,,,,,10.0
819,2021-07,0.0,0.0023134579741016,23.82374208511845,,,,,80.0
820,2021-07,0.0,0.0013779120068306,18.359604095130862,,,,,10.0
821,2021-07,0.0,0.0020870596650297,23.66963159704721,,,,,40.0
822,2021-07,0.0,0.0024403090758179,24.15165707167762,,,,,80.0
823,2021-07,0.0,0.0022240199628527,26.0796067104545,,,,,40.0
824,2021-07,0.0,0.0029598132255728,23.59640778572333,,,,,40.0
825,2021-07,0.0,0.0015973469722325,22.969999054939542,,,,,40.0
826,2021-07,0.0,0.0014364131274874,23.055664828174024,,,,,40.0
827,2021-07,0.0,0.0082094774130041,20.11346162716916,,,,,10.0
828,2021-07,0.0,0.0071031496408636,21.072399049164176,,,,,10.0
829,2021-07,0.0,0.0044795627875184,23.25947534704721,,,,,40.0
830,2021-07,0.0,0.0024389133337194,28.06912507087958,,,,,10.0
831,2021-07,0.0,0.00359738438861,28.024444055044544,,,,,10.0
832,2021-07,0.0,0.0025809102240259,28.13234808590253,,,,,80.0
833,2021-07,0.0,0.0050346658113653,26.369979388055857,,,,,10.0
834,2021-07,0.0,0.0,,,,,,80.0
835,2021-07,0.0,0.0,,,,,,80.0
836,2021-07,0.0,0.0078303173664266,26.75216932946212,,,,,10.0
837,2021-07,0.0,0.0077544015380794,26.69372853925155,,,,,10.0
838,2021-07,0.0,0.001312303591078,25.89034347260728,,,,,30.0
839,2021-07,0.0,0.0042660927879865,23.252872721354198,,,,,40.0
840,2021-07,0.0,0.0049365068955277,23.313718537361417,,,,,40.0
841,2021-07,0.0,0.0042366341236288,,,,,,10.0
842,2021-07,0.0,0.0,,,,,,80.0
843,2021-07,0.0,0.0,,,,,,90.0
844,2021-07,0.0,0.0073022276642973,27.239476817141338,,,,,90.0
845,2021-07,0.0,0.0,26.62500807447512,,,,,
846,2021-07,0.0,0.0,25.973360031356687,,,,,
847,2021-07,0.0,0.0032426722827608,27.813664488539388,,,,,30.0
848,2021-07,0.0,0.0037439712359219,27.611538787985964,,,,,10.0
849,2021-07,0.0,0.0035453522137136,27.564957323425634,,,,,10.0
850,2021-07,0.0,0.0042392691456332,27.07446558142224,,,,,10.0
851,2021-07,0.0,0.0056373791095953,17.992656026860736,,,,,10.0
852,2021-07,0.0,0.0036756092501414,18.664993079593877,,,,,40.0
853,2021-07,0.0,0.0033079701809546,28.333508660610335,,,,,20.0
854,2021-07,0.0,0.0052924563593012,24.64549643537561,,,,,10.0
855,2021-07,0.0,0.0,21.884381695704707,,,,,
856,2021-07,0.0,0.0,22.8922634038162,,,,,
857,2021-07,0.0,0.0,24.152232066810637,,,,,
858,2021-07,0.0,0.0,22.239518188459964,,,,,
859,2021-07,0.0,0.0,26.15796115013864,,,,,
861,2021-07,0.0,0.0029574782136137,27.657734941430512,,,,,30.0
862,2021-07,0.0,0.0024017599975846,27.973119978636998,,,,,30.0
863,2021-07,0.0,0.0028230684624028,28.02115767284108,,,,,50.0
864,2021-07,0.0,0.0029825869411555,28.01606688140544,,,,,10.0
865,2021-07,0.0,0.0057364732506925,26.73260937762521,,,,,10.0
866,2021-07,0.0,0.0061839998248274,26.89292126258582,,,,,30.0
867,2021-07,0.0,0.0047117870558843,27.295493991166637,,,,,10.0
868,2021-07,0.0,0.003013649091743,25.36825350099785,,,,,20.0
869,2021-07,0.0,0.0094955482068712,27.01306447675152,,,,,30.0
870,2021-07,0.0,0.0048939131680185,27.560442983976003,,,,,30.0
871,2021-07,0.0,0.0049853479348674,27.715385650306644,,,,,30.0
872,2021-07,0.0,0.0036812244971015,27.610006156019026,,,,,30.0
873,2021-07,0.0,0.0033199966433699,28.41314480689266,,,,,80.0
874,2021-07,0.0,0.0,28.415208188949123,,,,,
875,2021-07,0.0,0.0,24.941711010129666,,,,,
876,2021-07,0.0,0.0,24.088183134345627,,,,,
877,2021-07,0.0,0.0,27.22803896011845,,,,,
878,2021-07,0.0,0.0,,,,,,
879,2021-07,0.0,0.0,22.331965423912152,,,,,
880,2021-07,0.0,0.0,26.5608603856897,,,,,
881,2021-07,0.0,0.0,22.1069284090432,,,,,
882,2021-07,0.0,0.0026024386766607,26.94570834550459,,,,,30.0
883,2021-07,0.0,0.0022748448691443,25.09227157100556,,,,,10.0
884,2021-07,0.0,0.0028406516197378,27.530261427356372,,,,,10.0
885,2021-07,0.0,0.0025253367572746,27.8040263574028,,,,,10.0
886,2021-07,0.0,0.0027359614080771,26.92960575883109,,,,,30.0
887,2021-07,140797.96166522877,0.0005071115095012,27.583320582214863,,,,,30.0
888,2021-07,0.0,0.0064667455203028,19.697421625609064,,,,,80.0
889,2021-07,0.0,0.000216159103166,26.614866235681124,,,,,30.0
890,2021-07,0.0,0.000165129500931,26.869040059188805,,,,,30.0
891,2021-07,0.0,0.0003252564684935,24.416800090830844,,,,,60.0
892,2021-07,101252485.50767738,0.0002076572287137,24.371022969966077,,,,,30.0
893,2021-07,1298295665.969798,0.000436382369628,23.24672172623804,,,,,10.0
894,2021-07,0.0,0.0009156899020481,23.463682478803666,,,,,30.0
895,2021-07,0.0,0.0001488915565664,24.531929575784535,,,,,30.0
896,2021-07,0.0,0.0004498594755016,28.07553178703803,,,,,30.0
897,2021-07,0.0,0.0002590857926065,23.47622251886623,,,,,10.0
898,2021-07,0.0,0.0006015993877683,24.514127191640288,,,,,30.0
899,2021-07,1141218.7935330234,0.0003154613557512,23.33503746711383,,,,,10.0
900,2021-07,0.0,0.0003149641918808,26.76043936707785,,,,,30.0
901,2021-07,0.0,0.0006295497698639,21.27971726753015,,,,,10.0
902,2021-07,0.0,0.0005350460447762,28.732651301950145,,,,,60.0
903,2021-07,0.0,3.3930843520530675e-05,26.75799343970516,,,,,10.0
904,2021-07,0.0,0.0004571478212222,27.349855983680705,,,,,60.0
905,2021-07,1769932.296666555,0.0005702381812587,21.354074075278888,,,,,20.0
906,2021-07,8729275.053227521,0.0020376427654289,26.21172553194976,,,,,30.0
907,2021-07,0.0,0.0004119656916638,33.066145764969605,,,,,60.0
908,2021-07,0.0,0.0060440414133722,17.8225051059518,,,,,10.0
909,2021-07,0.0,0.0116592610186919,23.30680882110111,,,,,10.0
910,2021-07,0.0,0.0,17.21421220020584,,,,,
911,2021-07,0.0,0.0003214657786543,,,,,,80.0
912,2021-07,0.0,0.0002721991010179,25.798145742407087,,,,,30.0
913,2021-07,0.0,0.000213663975874,25.264932843066116,,,,,10.0
914,2021-07,0.0,6.01698193008815e-05,26.074705375935743,,,,,10.0
915,2021-07,0.0,0.0002718281480724,30.7414483183174,,,,,60.0
916,2021-07,0.0,0.0005840776775369,33.67469248344396,,,,,60.0
917,2021-07,0.0,0.0030070990126567,29.561509327221955,,,,,20.0
918,2021-07,0.0,2.31159061740982e-06,25.0238344633991,,,,,60.0
919,2021-07,0.0,0.0070927210925351,23.280102077591064,,,,,10.0
920,2021-07,0.0,0.0,,,,,,10.0
921,2021-07,0.0,0.00275645335347,27.81860200615341,,,,,80.0
922,2021-07,0.0,0.0101818534715031,26.283444181052595,,,,,10.0
923,2021-07,0.0,0.0065543026211912,17.317442338184662,,,,,20.0
924,2021-07,0.0,0.0133075625184233,15.894628913542157,,,,,10.0
925,2021-07,0.0,0.0,25.295276732085853,,,,,
926,2021-07,0.0,0.0,26.07726131034889,,,,,
927,2021-07,0.0,0.0,25.184100210538503,,,,,
928,2021-07,108444.71438484058,0.0023126168863364,15.920464634452532,,,,,10.0
929,2021-07,0.0,0.0018507022671368,16.389194578765554,,,,,10.0
930,2021-07,72749.80517687628,0.0016014493526534,17.68701347300082,,,,,10.0
931,2021-07,0.0,0.0015925911217651,16.048236376140192,,,,,10.0
932,2021-07,112181722.40337828,0.0018467988902448,14.767100797197257,,,,,10.0
933,2021-07,190480.1650785154,0.0012784015867168,17.252635154964597,,,,,10.0
934,2021-07,19776561.18723718,0.0013825026436649,16.91828162246079,,,,,10.0
935,2021-07,0.0,0.0012655738475973,12.524679324412128,,,,,10.0
936,2021-07,16868950.964065183,0.000656820835104,20.654948873262004,,,,,10.0
937,2021-07,19620313.10466089,0.0003136431793412,21.6622522105874,,,,,10.0
938,2021-07,94846424.88301256,0.0002910448370852,22.248492857403196,,,,,10.0
939,2021-07,72553028.13713849,0.0006372022891553,20.62991792951635,,,,,10.0
940,2021-07,2208801.020802338,0.0001301814992831,24.786008749132336,,,,,10.0
941,2021-07,0.0,2.2061713840078784e-05,27.59922575774017,,,,,30.0
942,2021-07,0.0,0.0002021601122384,18.33819786445502,,,,,10.0
943,2021-07,880612.8263238996,0.0002153543117697,24.185653832697596,,,,,10.0
944,2021-07,0.0,0.0007373769096997,27.02491354832741,,,,,30.0
945,2021-07,0.0,0.0013913115797043,17.133428998830947,,,,,10.0
946,2021-07,0.0,0.0011913094735531,17.72234365811915,,,,,10.0
947,2021-07,0.0,0.0029826059062698,11.641213749458837,,,,,10.0
948,2021-07,0.0,0.0012544051292593,17.721161676222295,,,,,10.0
949,2021-07,13653530.572990388,0.0005550319978107,19.96281993463025,,,,,10.0
950,2021-07,0.0,6.539304882835495e-05,17.525398959908458,,,,,10.0
951,2021-07,0.0,0.0002043422134012,24.020933220976165,,,,,10.0
952,2021-07,6259814.562387927,0.000558058484827,20.13975696990716,,,,,10.0
953,2021-07,2936087.360232499,1.1471901295269914e-05,28.57220239355496,,,,,40.0
954,2021-07,0.0,0.0002623389644478,21.790905733591973,,,,,10.0
955,2021-07,0.0,0.0074297181627941,11.809090397199297,,,,,30.0
956,2021-07,0.0,0.0034557003622377,11.98168412895615,,,,,80.0
957,2021-07,0.0,0.0026769738710312,11.12617498029744,,,,,30.0
958,2021-07,0.0,0.0021891698721105,8.86397473258855,,,,,80.0
959,2021-07,0.0,0.0047684555022686,13.375771110288582,,,,,30.0
960,2021-07,0.0,0.0024915105242324,9.779693165987643,,,,,10.0
961,2021-07,0.0,0.0021223933155803,10.561934266918106,,,,,30.0
962,2021-07,0.0,0.0005787859840249,13.761087000193031,,,,,10.0
963,2021-07,0.0,0.0013998276309558,12.630050363848309,,,,,10.0
964,2021-07,0.0,0.0010875308930104,12.690524961466148,,,,,10.0
965,2021-07,0.0,0.0007065315507498,10.39441210018694,,,,,10.0
966,2021-07,0.0,0.0034847912943147,11.322569589624214,,,,,10.0
967,2021-07,0.0,0.0035023407433297,9.823542077752789,,,,,10.0
968,2021-07,0.0,0.0009243681797156,10.213846112323086,,,,,10.0
969,2021-07,0.0,0.0029790357235128,12.710540902742792,,,,,30.0
970,2021-07,0.0,0.0030611373964006,10.495026130630714,,,,,30.0
971,2021-07,0.0,0.0020844761762077,11.50130361352998,,,,,30.0
972,2021-07,0.0,0.0020604759934599,11.549476344611074,,,,,30.0
973,2021-07,0.0,0.0022204846623594,6.485230607883921,,,,,80.0
974,2021-07,0.0,0.0010747343781645,14.66746845860637,,,,,10.0
975,2021-07,0.0,0.0013922650846893,16.21773097540745,,,,,10.0
976,2021-07,0.0,0.0035301950669247,9.117790050739991,,,,,70.0
977,2021-07,0.0,0.0010672517027588,13.062777283371162,,,,,10.0
978,2021-07,0.0,0.0028640434625799,11.690631628549257,,,,,80.0
979,2021-07,0.0,0.0037475482109243,9.47338847498743,,,,,70.0
980,2021-07,0.0,0.0010394100293113,12.495295764553951,,,,,10.0
981,2021-07,0.0,0.0025388405206854,10.957180687689032,,,,,80.0
982,2021-07,0.0,0.0031800196702509,10.286470824757805,,,,,10.0
983,2021-07,0.0,0.0009330208059886,11.76539739793349,,,,,10.0
984,2021-07,0.0,0.0030793816331083,11.39577582027753,,,,,30.0
985,2021-07,0.0,0.0047775164726431,12.18285981865344,,,,,10.0
986,2021-07,0.0,0.0,,,,,,80.0
987,2021-07,0.0,0.0009320731444214,12.468833662646084,,,,,10.0
988,2021-07,0.0,0.0034606384593303,12.349022978095622,,,,,30.0
989,2021-07,0.0,0.0031377730524323,13.045696248518254,,,,,10.0
990,2021-07,0.0,0.0034644977884393,13.003640254851334,,,,,30.0
991,2021-07,0.0,0.0022357903900797,11.403520153414842,,,,,30.0
992,2021-07,0.0,0.0046357170227224,,,,,,90.0
993,2021-07,0.0,0.0006432341942726,11.211592559466876,,,,,80.0
994,2021-07,48081980.42584943,0.0024670983844485,16.74752609498089,,,,,10.0
995,2021-07,0.0,0.0007485559662252,17.8189521807385,,,,,80.0
996,2021-07,100330248.55058116,0.0019465680049459,18.46329503027348,0.2544887198259472,3.909271250857575,12.76115293918001,0.6942502776551424,10.0
997,2021-07,0.0,0.002163305503507,19.47576217516373,,,,,10.0
998,2021-07,0.0,0.0,,,,,,10.0
999,2021-07,0.0,0.0019054751543374,17.898080248248718,0.4796526394206344,3.409021787585701,16.934467540127457,2.546233856566885,80.0
1000,2021-07,238799227.36079827,0.0022155590762756,13.801217254674269,,,,,10.0
1001,2021-07,0.0,0.0017288504532878,18.35899859267132,,,,,10.0
1002,2021-07,0.0,0.0,,,,,,30.0
1003,2021-07,0.0,0.0011249041043773,15.599035250756074,,,,,80.0
1004,2021-07,0.0,0.0012261441457326,16.45739697236458,,,,,80.0
1005,2021-07,0.0,0.0023226725683522,14.359752171013966,,,,,80.0
1006,2021-07,0.0,0.0021680308555923,13.577243534211217,,,,,30.0
1007,2021-07,0.0,0.002188982543227,14.18181500178514,,,,,80.0
1008,2021-07,0.0,0.0023161218050177,14.444243859732047,,,,,80.0
1009,2021-07,0.0,0.001873602021044,14.6711302916479,,,,,80.0
1010,2021-07,0.0,0.0017438649901518,14.8795516986004,,,,,80.0
1011,2021-07,0.0,0.0016872222253193,15.07393415991126,,,,,80.0
1012,2021-07,0.0,0.0011471404352137,17.034566352871604,,,,,10.0
1013,2021-07,1488520.3719251913,0.0007008117349571,16.06959245817871,,,,,10.0
1014,2021-07,0.0,0.00073416183161,17.738320796935092,,,,,10.0
1015,2021-07,0.0,0.001314105459581,17.604204428647854,,,,,10.0
1016,2021-07,0.0,0.0018600648867821,12.113477976188465,,,,,80.0
1017,2021-07,0.0,0.0031466139694251,11.955967695995067,,,,,80.0
1018,2021-07,0.0,0.0009907487899215,17.716743212190604,,,,,10.0
1019,2021-07,0.0,0.0005395142043117,17.370375569661476,,,,,10.0
1020,2021-07,0.0,0.0039323878665374,12.813064301740337,,,,,80.0
1021,2021-07,0.0,0.0030770580453728,11.149776466943912,,,,,80.0
1022,2021-07,0.0,0.0008816607776338,17.95797450932696,,,,,80.0
1023,2021-07,0.0,0.0032398131028499,12.140666659957926,,,,,80.0
1024,2021-07,0.0,0.0008299742087318,18.833374951621938,,,,,30.0
1025,2021-07,0.0,0.002823624604702,14.040115021221672,,,,,10.0
1026,2021-07,0.0,0.0030878134656636,17.72598504457697,,,,,10.0
1027,2021-07,0.0,0.0020543799068196,16.846056567822824,,,,,10.0
1028,2021-07,0.0,0.0045938927531181,16.595541906869563,,,,,10.0
1029,2021-07,0.0,0.0049693740775036,17.033881719151204,,,,,10.0
1030,2021-07,469776.64222454926,0.0020011903689991,16.69302936154962,0.5224906435223451,4.712335706204493,15.723028374566882,8.069996369995062,80.0
1031,2021-07,0.0,0.0014440188575555,16.718547379831243,0.3056262016935012,4.937787443325485,16.48107028868272,7.722564353646925,80.0
1032,2021-07,0.0,0.00107061930486,17.236296051072287,0.2016518597463625,4.384900258541965,14.861990817052629,6.941646544950035,10.0
1033,2021-07,0.0,0.0047057437577026,15.974830699557234,,,,,10.0
1034,2021-07,5728324.558794651,0.0015557000345572,18.438642649280887,0.2373999831171452,5.451306444368015,16.66315678717369,3.8811308646981657,80.0
1035,2021-07,10822513.965331417,0.0011452121649815,18.93572709875025,0.2347022881249965,6.924370253597511,17.58442682457181,6.343874070038111,10.0
1036,2021-07,0.0,0.0013354685105225,18.88025867092996,0.269389136059766,17.626897655176414,19.799765547316987,4.69753992999068,80.0
1037,2021-07,0.0,0.0022371218088323,19.875460520098315,,,,,80.0
1038,2021-07,0.0,0.0013100435816303,17.981326654905928,0.3344607327327783,1.4395008229607302,13.711791089741546,1.9755325676562665,80.0
1039,2021-07,0.0,0.0023833245518858,17.81755718928514,,,,,10.0
1040,2021-07,690858.8563883047,0.0017994090039947,18.870101093761694,0.3447624094573349,,,,10.0
1041,2021-07,0.0,0.0014445116602435,18.52396049909697,,,,,10.0
1042,2021-07,0.0,0.0012427329669119,18.79364511724586,,,,,10.0
1043,2021-07,0.0,0.0013851397219355,18.7850771105601,,,,,10.0
1044,2021-07,0.0,0.0014485538485701,18.905645307693952,,,,,10.0
1045,2021-07,0.0,0.0011053130029821,19.448564809066927,,,,,10.0
1046,2021-07,0.0,0.0006345913294012,12.1872727260795,,,,,80.0
1047,2021-07,0.0,0.001706185984915,11.58089829311578,,,,,80.0
1048,2021-07,0.0,0.0010553926709349,14.737616448077707,,,,,80.0
1049,2021-07,0.0,0.0015352696660215,13.269113213870716,,,,,30.0
1050,2021-07,0.0,0.0016369309756214,13.396763758505555,,,,,80.0
1051,2021-07,0.0,0.0027159408214743,14.488846776818733,,,,,80.0
1052,2021-07,0.0,0.0014010530445034,15.761619234256008,,,,,80.0
1053,2021-07,0.0,0.0013846505913193,16.126164502653193,,,,,10.0
1054,2021-07,0.0,0.002202132019704,14.931007762621846,,,,,80.0
1055,2021-07,0.0,0.0013600639414416,16.371224548996167,,,,,10.0
1056,2021-07,0.0,0.0013214181346749,16.663723393922233,,,,,10.0
1057,2021-07,0.0,0.0013840319861691,14.977585462344608,,,,,10.0
1058,2021-07,1118919.4077371988,0.0017943435221058,17.204841085454493,,,,,10.0
1059,2021-07,0.0,0.0014881130787784,15.383216316469282,,,,,10.0
1060,2021-07,0.0,0.0018161700587029,16.85665381646928,,,,,10.0
1061,2021-07,0.0,0.0004752252730781,15.283336811680982,,,,,10.0
1062,2021-07,0.0,0.0013487332049066,18.32298078639536,,,,,80.0
1063,2021-07,0.0,0.0005017064991648,15.87129700363326,,,,,10.0
1064,2021-07,0.0,0.0006084323409254,15.84876256142894,,,,,80.0
1065,2021-07,0.0,0.0006159946802313,16.058904635521685,,,,,10.0
1066,2021-07,0.0,0.0012145097536896,13.324332747920892,,,,,80.0
1067,2021-07,0.0,0.0006980404737646,16.20293185326362,,,,,80.0
1068,2021-07,0.0,0.0007820904734785,18.21958941934787,,,,,80.0
1069,2021-07,0.0,0.00113820959956,15.485491812100994,,,,,80.0
1070,2021-07,0.0,0.0029094566139633,13.449479757329485,,,,,30.0
1071,2021-07,0.0,0.0005873444038684,17.375793478907678,,,,,10.0
1072,2021-07,0.0,0.0023827881100828,12.657823591334877,,,,,30.0
1073,2021-07,0.0,0.0018734440687353,13.860631821061569,,,,,80.0
1074,2021-07,0.0,0.0008363580190196,17.761723147156445,,,,,80.0
1075,2021-07,0.0,0.0012052424731905,17.604936956590247,,,,,10.0
1076,2021-07,0.0,0.0008521147552187,18.010680955456166,,,,,80.0
1077,2021-07,0.0,0.0012725423259591,16.891652556388635,,,,,80.0
1078,2021-07,0.0,0.001002197388118,17.790446422946076,,,,,30.0
1079,2021-07,0.0,0.0016057260814363,16.015806727255573,,,,,10.0
1080,2021-07,0.0,0.0012108854601504,18.866817154422915,,,,,10.0
1081,2021-07,0.0,0.0019116618219072,13.56491714532232,,,,,10.0
1082,2021-07,0.0,0.0017543107751066,18.46082048313596,,,,,10.0
1083,2021-07,0.0,0.0019657656098956,18.34856987409696,,,,,10.0
1084,2021-07,0.0,0.0020257066173409,17.9693094014267,,,,,10.0
1085,2021-07,0.0,0.0051448412719423,17.90015252226145,,,,,10.0
1086,2021-07,0.0,0.0031349801006967,17.625628530850975,,,,,80.0
1087,2021-07,0.0,0.0020204663756544,17.77560962964132,,,,,10.0
1088,2021-07,0.0,0.0017480917754824,18.11499660040744,,,,,10.0
1089,2021-07,0.0,0.0019804850700552,17.44178670247399,0.3157409628633387,6.3739253020065165,16.140382918480398,8.166110068602007,10.0
1090,2021-07,0.0,0.0009591311696226,17.36346262723316,0.2308161150422241,2.701392608188431,17.675302764202414,6.732940386512046,80.0
1091,2021-07,5563306.122253352,0.0009453042890186,19.28080746230261,0.2346656085724555,10.939019738243738,19.466888449272105,7.413718613847696,10.0
1092,2021-07,0.0,0.003259180037484,16.398090124643,,,,,10.0
1093,2021-07,0.0,0.0033192170417092,15.197858716082855,,,,,10.0
1094,2021-07,0.0,0.0030442506554777,15.64368023616014,,,,,10.0
1095,2021-07,0.0,0.00205960427553,19.60962353778146,,,,,10.0
1096,2021-07,0.0,0.0021461420918378,19.73207646851901,,,,,10.0
1097,2021-07,0.0,0.0018753692987615,18.599725341796912,0.3367414828010516,6.247377427305591,17.70777658133339,5.821921706048916,10.0
1098,2021-07,22681550.7401092,0.0019760360800281,18.36979278236309,0.2996288123241541,7.132639197639618,17.335638690248366,2.814389517997049,10.0
1099,2021-07,0.0,0.0015121579650099,17.826499824113768,0.3989892339174006,4.977611464628692,16.913434891946327,9.40077500675752,10.0
1100,2021-07,0.0,0.0017043605926687,16.67403837908127,,,,,10.0
1101,2021-07,0.0,0.0012795082640276,18.18460214266216,,,,,10.0
1102,2021-07,0.0,0.0014881223920042,18.86290215386288,,,,,10.0
1103,2021-07,0.0,0.0,,,,,,30.0
1104,2021-07,0.0,0.0021701944850936,18.729120004305287,,,,,10.0
1105,2021-07,0.0,0.0013815753641779,17.198738147366456,,,,,10.0
1106,2021-07,0.0,0.0020238708770661,19.30004966748795,,,,,10.0
1107,2021-07,0.0,0.0019861415508444,,0.3337532454218544,,,,10.0
1108,2021-07,0.0,0.0,,,,,,80.0
1109,2021-07,0.0,0.0,,,,,,30.0
1110,2021-07,0.0,0.0,,,,,,30.0
1111,2021-07,0.0,0.0009347528699095,,,,,,30.0
1112,2021-07,0.0,0.0,,,,,,30.0
1113,2021-07,0.0,0.0,,,,,,30.0
1114,2021-07,0.0,0.0,,,,,,30.0
1115,2021-07,0.0,0.0,16.262670176516338,,,,,80.0
1116,2021-07,0.0,0.0,,,,,,30.0
1117,2021-07,0.0,0.0,,,,,,10.0
1118,2021-07,0.0,0.0016758248689825,17.78462314400622,0.2015595238095238,,,,10.0
1119,2021-07,0.0,0.0,,0.181225,,,,10.0
1120,2021-07,0.0,0.0,,0.4602132467532467,7.798041360643173,18.975006103515625,1.5858496941093887,80.0
1121,2021-07,0.0,0.0012150194088814,10.146702739356442,,,,,80.0
1122,2021-07,0.0,0.0,,,,,,30.0
1123,2021-07,0.0,0.0011510254787098,11.706868713713265,,,,,80.0
1124,2021-07,0.0,0.0030393246002965,11.062763632497504,,,,,80.0
1125,2021-07,0.0,0.0041871553823225,11.07930937157186,,,,,80.0
1126,2021-07,0.0,0.0027902759893675,9.933895764264284,,,,,80.0
1127,2021-07,0.0,0.0039524158153497,13.008498930389898,,,,,80.0
1128,2021-07,0.0,0.0028508468408323,14.810684803800292,,,,,80.0
1129,2021-07,0.0,0.001429787512427,13.890903744951192,0.2798799056054564,,,,80.0
1130,2021-07,0.0,0.0018011312169884,7.110595637495822,,,,,80.0
1131,2021-07,0.0,0.0017435260596926,6.931850918856554,,,,,80.0
1132,2021-07,0.0,0.0020651272844897,7.074787494766626,,,,,80.0
1133,2021-07,0.0,0.0018911455019904,9.561998681366711,,,,,100.0
1134,2021-07,0.0,0.0024820877613547,9.704754303233765,,,,,100.0
1135,2021-07,0.0,0.0006857533487732,10.566170475535452,,,,,80.0
1136,2021-07,0.0,0.00100938889907,10.441318845031113,,,,,80.0
1137,2021-07,0.0,0.0035569823581819,10.311235475871952,,,,,80.0
1138,2021-07,0.0,0.0013056916147194,11.999468556612646,,,,,80.0
1139,2021-07,0.0,0.0031472231692287,10.611938935966922,,,,,80.0
1140,2021-07,0.0,0.0011999434805716,12.786486455445669,,,,,30.0
1141,2021-07,0.0,0.0013866805741053,10.679080846960524,,,,,80.0
1142,2021-07,0.0,0.0032789635510718,11.679569024709275,,,,,80.0
1143,2021-07,0.0,0.0035009167636985,10.901314633094874,,,,,80.0
1144,2021-07,0.0,0.0034946912344682,11.061028510580142,,,,,80.0
1145,2021-07,0.0,0.0033760314440511,11.833087808244754,,,,,80.0
1146,2021-07,0.0,0.0036557430881316,13.329997110440097,,,,,30.0
1147,2021-07,0.0,0.0038359120968038,12.152412354390703,,,,,80.0
1148,2021-07,0.0,0.0025010275823926,14.14461674609677,,,,,80.0
1149,2021-07,0.0,0.0038784336640602,12.62197830381541,,,,,80.0
1150,2021-07,0.0,0.0,,,,,,30.0
1151,2021-07,0.0,0.0028348427745754,13.552279317270562,,,,,80.0
1152,2021-07,0.0,0.0026898606372163,13.207103350239434,,,,,80.0
1153,2021-07,0.0,0.0027281955364401,14.06644411804858,,,,,80.0
1154,2021-07,0.0,0.0025728170308525,14.33605937342492,,,,,80.0
1155,2021-07,0.0,0.0034501516954999,13.47309223487421,,,,,30.0
1156,2021-07,0.0,0.0032478307336292,13.404218610616098,,,,,80.0
1157,2021-07,0.0,0.0027666494730169,14.102947079238106,,,,,30.0
1158,2021-07,0.0,0.0029532503284355,13.772574935420892,,,,,30.0
1159,2021-07,0.0,0.0029281211650155,15.100199986757502,,,,,80.0
1160,2021-07,0.0,0.0019381183679456,13.989740148649712,,,,,80.0
1161,2021-07,0.0,0.0020426656909838,13.811293880824705,,,,,80.0
1162,2021-07,0.0,0.0,,,,,,30.0
1163,2021-07,0.0,0.0021718156959526,15.992021261235744,,,,,80.0
1164,2021-07,0.0,0.0017885281459876,14.65110526136175,,,,,80.0
1165,2021-07,0.0,0.0012237851056511,6.625083808488768,,,,,80.0
1166,2021-07,0.0,0.0015864924076254,6.88649147607947,,,,,80.0
1167,2021-07,0.0,0.0,6.435702875609081,,,,,80.0
1168,2021-07,0.0,0.0011629269006903,9.2802679902764,,,,,80.0
1169,2021-07,0.0,0.0014992312076742,12.150831893866233,,,,,80.0
1170,2021-07,0.0,0.0014319170746261,11.774953337638635,,,,,80.0
1171,2021-07,0.0,0.0018588781836683,10.597585173576109,,,,,80.0
1172,2021-07,0.0,0.0006657645586187,12.776472653624865,,,,,80.0
1173,2021-07,0.0,0.0028005142244751,9.138018667569751,,,,,100.0
1174,2021-07,0.0,0.0034450745069041,9.076336626169107,,,,,100.0
1175,2021-07,0.0,0.0012491499864116,13.036931979271683,,,,,80.0
1176,2021-07,0.0,0.0015215904000456,,,,,,80.0
1177,2021-07,0.0,0.0025638645373836,12.854423736244144,,,,,80.0
1178,2021-07,0.0,0.003211283359235,11.88843462544105,,,,,30.0
1179,2021-07,0.0,0.0042889496170535,12.554038230321751,,,,,80.0
1180,2021-07,0.0,0.0029417778534745,12.612479720577142,,,,,30.0
1181,2021-07,0.0,0.0034734984718814,12.400682259289624,,,,,30.0
1182,2021-07,0.0,0.0035556361559088,12.539215219149057,,,,,80.0
1183,2021-07,0.0,0.0042611204567606,12.39681626186578,,,,,30.0
1184,2021-07,0.0,0.0041953417641972,12.912415010185658,,,,,30.0
1185,2021-07,0.0,0.0032365315142328,13.681826815041203,,,,,80.0
1186,2021-07,0.0,0.0038248293581659,13.061436872584874,,,,,30.0
1187,2021-07,0.0,0.0032220910472725,12.944413183068749,,,,,80.0
1188,2021-07,0.0,0.0031072378638441,13.315300419851894,,,,,30.0
1189,2021-07,0.0,0.0027846016469652,14.35274494130126,,,,,80.0
1190,2021-07,0.0,0.0029934476299141,13.756562910651294,,,,,30.0
1191,2021-07,0.0,0.0029223040226156,13.670101939649166,,,,,30.0
1192,2021-07,0.0,0.0,,,,,,30.0
1193,2021-07,0.0,0.0030461907866651,14.818287511025732,,,,,80.0
1194,2021-07,0.0,0.002211971132264,14.887204209194408,,,,,80.0
1195,2021-07,0.0,0.0017478347304518,14.331802663495496,,,,,30.0
1196,2021-07,0.0,0.0021489615721558,14.440632066077248,,,,,80.0
1197,2021-07,0.0,0.0015121207121069,14.73004896375869,,,,,30.0
1198,2021-07,0.0,0.0018841654542143,15.867190365808446,,,,,80.0
1199,2021-07,0.0,0.0,,,,,,80.0
1200,2021-07,0.0,0.0032040581587011,,,,,,30.0
1201,2021-07,0.0,0.003082285869425,11.981850704070098,,,,,100.0
1202,2021-07,0.0,0.0026648458041092,13.387550468855022,,,,,80.0
1203,2021-07,0.0,0.0,,,,,,30.0
1204,2021-07,0.0,0.0021707967403585,,,,,,30.0
1205,2021-07,0.0,0.0,,,,,,30.0
1206,2021-07,0.0,0.0015097250311344,5.225389665563623,,,,,100.0
1207,2021-07,0.0,0.0010148976478035,8.832148563922587,,,,,80.0
1208,2021-07,0.0,0.0016875036540682,5.591012540427613,,,,,100.0
1209,2021-07,0.0,0.0007754073026831,7.867939938781103,,,,,100.0
1210,2021-07,0.0,0.0011442023498868,7.157637579430092,,,,,100.0
1211,2021-07,0.0,0.0015002631130869,7.481143221291177,,,,,100.0
1212,2021-07,0.0,0.0014612108948881,7.882200901482702,,,,,100.0
1213,2021-07,0.0,0.0013947740677053,7.924933686380947,,,,,100.0
1214,2021-07,0.0,0.001036384377187,8.788343007077458,,,,,80.0
1215,2021-07,0.0,0.0010369482264828,8.376122937493014,,,,,100.0
1216,2021-07,0.0,0.0009028476211483,8.631286292947767,,,,,80.0
1217,2021-07,0.0,0.0014136091354544,9.474245592342925,,,,,100.0
1218,2021-07,0.0,0.0010049671414549,9.397143532811128,,,,,100.0
1219,2021-07,0.0,0.0030765111124096,6.916435197165141,,,,,80.0
1220,2021-07,0.0,0.0030129953113506,7.641175916590491,,,,,100.0
1221,2021-07,0.0,0.0019361640721885,6.684588133811039,,,,,80.0
1222,2021-07,0.0,0.0023703254174815,8.303224897018424,,,,,80.0
1223,2021-07,0.0,0.0022563480320627,7.061861988253804,,,,,100.0
1224,2021-07,0.0,0.002222460307981,6.711968206590245,,,,,100.0
1225,2021-07,0.0,0.0023299769046957,7.864919420467925,,,,,80.0
1226,2021-07,0.0,0.0,8.36259194650961,,,,,80.0
1232,2021-07,0.0,0.0044155570226962,6.011689676264297,,,,,100.0
1233,2021-07,0.0,0.0,,,,,,100.0
1234,2021-07,0.0,0.0,,,,,,100.0
1235,2021-07,0.0,0.0,,,,,,100.0
1236,2021-07,0.0,0.0,,,,,,100.0
1241,2021-07,0.0,0.0035680823507959,6.692117848667331,,,,,70.0
1242,2021-07,0.0,0.0028344316621818,8.489833314957185,,,,,100.0
1243,2021-07,0.0,0.0032811311036071,9.204240499517,,,,,30.0
1244,2021-07,0.0,0.0019567112253022,9.741438755205351,,,,,100.0
1245,2021-07,0.0,0.0022882663193399,8.668977742700564,,,,,100.0
1246,2021-07,0.0,0.0,,,,,,100.0
1247,2021-07,0.0,0.0020369098070318,4.976238751155108,,,,,100.0
1248,2021-07,0.0,0.0,,,,,,100.0
1249,2021-07,0.0,0.0,,,,,,100.0
1250,2021-07,0.0,0.0,,,,,,100.0
1251,2021-07,0.0,0.0035500897308387,4.324357499505003,,,,,70.0
1252,2021-07,0.0,0.0,,,,,,100.0
1253,2021-07,0.0,0.00380597007603,7.406886406355023,,,,,100.0
1256,2021-07,0.0,0.0,,,,,,100.0
1650,2021-07,0.0,0.0,23.59549491808925,,,,,
1654,2021-07,0.0,0.0,27.60152456632226,,,,,
453,2021-08,73114833.8303619,0.0038146186059927,20.15071220852825,,,,,40.0
454,2021-08,2871247.891850701,0.0028263537989513,14.769341530059917,0.5018970314229205,4.768420937502133,13.36367745254702,2.4135945258380334,80.0
455,2021-08,42720068.02647583,0.0022906623570156,15.166472166328044,,,,,80.0
456,2021-08,2812763.165149326,0.002220894950198,15.71658291351702,0.4074402505771949,4.316917730759819,13.874398069037422,2.633846969547057,80.0
457,2021-08,6106038.922997523,0.0028740691538806,17.309985697968262,0.2491684328766379,4.422931996057607,15.834092220855918,2.234643845350985,10.0
458,2021-08,0.0,0.0049581055167612,15.913368939312427,,,,,80.0
459,2021-08,0.0,0.0,,,,,,10.0
460,2021-08,0.0,0.0024515010433242,17.821223118183074,,,,,80.0
461,2021-08,709103.7317247199,0.0028004918538691,18.380467252013524,0.3296343890215402,,,,80.0
462,2021-08,15408620.39357319,0.0040910623107084,18.46049611771049,0.5437275158438293,,,,10.0
463,2021-08,0.0,0.0050266124177174,19.406687146979323,,,,,80.0
464,2021-08,0.0,0.0026071104780833,19.53324920860713,,,,,10.0
465,2021-08,1447607.6961244736,0.0021244680985376,20.95808672681409,,,,,10.0
466,2021-08,0.0,0.0013201154832506,21.613942832859788,,,,,10.0
467,2021-08,0.0,0.0020191065735464,12.643279513729045,,,,,80.0
468,2021-08,0.0,0.0027683822827384,13.842652879393682,,,,,80.0
469,2021-08,208887.0415664044,0.0020653186266663,15.846221902622489,,,,,10.0
470,2021-08,756937.4260587052,0.0017799435572669,16.44464331303143,0.302171128132108,18.35629526826666,16.99078040283584,3.4511970061174497,10.0
471,2021-08,0.0,0.0023037946240947,16.057725966987952,,,,,10.0
472,2021-08,0.0,0.0022846940291156,16.35054871560954,0.2378310430192262,16.423807716136324,16.823263701663983,3.94791278855228,10.0
473,2021-08,0.0,0.0020125048624322,15.086156235347593,,,,,80.0
474,2021-08,453969.1319235276,0.0016819982247398,15.651379419142222,,,,,10.0
475,2021-08,347014.2220713921,0.0017895331640743,16.649829555746415,0.3331898052679037,28.21663959155505,17.768267573497283,6.96150494369946,10.0
476,2021-08,217423533.4320676,0.0017734866131914,16.46510262810941,,,,,10.0
477,2021-08,0.0,0.0015887938030833,17.313542031005266,0.2179235631876976,50.74737408073244,17.71289842895579,10.96825098343511,10.0
478,2021-08,0.0,0.0019037809594116,16.94801838144918,0.1729722422882355,49.697158193130825,15.890324865346198,8.714315933725095,10.0
479,2021-08,0.0,0.0016044881414762,17.18604830670103,0.1624065203864039,44.3443361964111,16.21557748882292,6.290930201437795,10.0
480,2021-08,19175828.61255933,0.0020467729195493,17.186870771838798,0.214939653236425,48.43867022007707,17.50317994558405,7.354191051356169,10.0
481,2021-08,13019192.927642182,0.0025734949625378,16.60472363525539,,,,,10.0
482,2021-08,0.0,0.0018333133078461,17.58381306364547,0.2985357751731992,32.52926966904957,17.12105089316324,3.675366073448822,10.0
483,2021-08,0.0,0.0016096977906272,17.34613997756796,0.2942153226343641,2.6932708593165464,16.554806336251048,1.9855485523954968,10.0
484,2021-08,0.0,0.0034695089252636,15.95104506649365,,,,,10.0
485,2021-08,0.0,0.0026457648847489,17.289020446918,0.24593595470104,17.977761129089153,17.635044316212152,4.105777289239906,10.0
486,2021-08,0.0,0.0020704367276872,17.24624183408678,0.3572269914014061,10.053163049870156,17.117291970476575,5.561806227896432,10.0
487,2021-08,0.0,0.0037009030038461,16.07869983796153,,,,,10.0
488,2021-08,24190419.341824595,0.003363382613787,16.556555749732947,0.23350036178617,11.751145982429906,16.912937798755245,2.893353900099512,10.0
489,2021-08,0.0,0.0016108165239599,17.27976987411211,,,,,10.0
490,2021-08,0.0,0.0018537655453145,16.83387824349266,0.2455915265056495,40.920485021563344,17.10960454722171,7.221728979075006,10.0
491,2021-08,144977.28017810293,0.0027978097928538,17.117026152992867,0.2906397155837633,10.29672368620133,17.51105487262644,6.376529526462076,10.0
492,2021-08,0.0,0.003353611729229,16.348923530715364,,,,,10.0
493,2021-08,0.0,0.0018479802273015,17.44686262574052,0.3694461394020595,4.947018295711452,16.79931342440764,1.7995634265676244,10.0
494,2021-08,0.0,0.0014355592916935,17.684188112648606,0.3444409085383793,6.570756497655555,16.87240425729235,2.272279157101541,80.0
495,2021-08,0.0,0.0029540274681494,16.673308760120047,,,,,10.0
496,2021-08,0.0,0.0016139595227286,17.438648034447237,,,,,10.0
497,2021-08,0.0,0.0017928554134414,17.257855314849547,0.2608151593238663,4.545068295993515,16.829447515262654,1.3963478777394376,10.0
498,2021-08,0.0,0.0016164413111255,17.696032433185128,0.6215225583175855,1.927430654210704,18.627783881293404,0.5522313117980957,80.0
499,2021-08,13135201.024914123,0.0027238299395061,17.05904454877301,,,,,80.0
500,2021-08,0.0,0.0020104452736025,17.039624724228105,0.2459668285549319,17.534634441461044,16.768778562842027,4.995682249147693,10.0
501,2021-08,22174203.71912331,0.0017737600720768,17.764685787227048,0.6563594053803966,7.618507355477655,17.046368181608358,3.560797088557287,80.0
502,2021-08,0.0,0.0015438765676663,17.811324343117363,,,,,10.0
503,2021-08,36436.36443654452,0.0021764690445706,17.78221567807946,0.4695876512956264,13.581750280968274,16.956268449070738,1.9929662138274824,10.0
504,2021-08,0.0,0.0024235007609344,17.03676055228474,,,,,10.0
505,2021-08,7255628.821257912,0.0037286230441774,16.52306171722597,,,,,10.0
506,2021-08,0.0,0.0060343014465615,15.588094887682225,,,,,10.0
507,2021-08,0.0,0.0066777974248411,15.748026746398097,,,,,10.0
508,2021-08,0.0,0.0018628921128159,17.790203772650848,,,,,10.0
509,2021-08,36787.22006680863,0.0023836089687392,17.5984186234013,,,,,10.0
510,2021-08,0.0,0.0019710537435457,18.06711644818708,,,,,80.0
511,2021-08,0.0,0.0053632816689059,15.38373658375075,,,,,10.0
512,2021-08,0.0,0.0019482211288656,17.117940422796448,0.285774613591078,3.670360290433481,17.17335547127236,7.328106313595257,10.0
513,2021-08,445084.4658047583,0.007109698274658,16.30334495441229,,,,,10.0
514,2021-08,0.0,0.0017435428144381,17.96719795965381,,,,,10.0
515,2021-08,4905981.4285446,0.0032831499328393,16.969620087326238,,,,,10.0
516,2021-08,0.0,0.0018240765392485,17.995689892512523,0.4422586961097327,17.18674976594169,16.89541910654209,8.127790348757065,10.0
517,2021-08,0.0,0.0025422298428262,17.050491368556994,,,,,10.0
518,2021-08,0.0,0.0065612229597415,15.769965758667952,,,,,10.0
519,2021-08,0.0,0.0018358780460403,17.138819696569982,0.3155779504554197,4.994354741545421,18.063374555225,7.38574968933128,10.0
520,2021-08,0.0,0.0057990987790938,15.969983936476073,,,,,80.0
521,2021-08,0.0,0.002221802245493,18.22792946100794,0.2889503840860413,11.408137474007416,18.888576891092296,3.884942301836329,40.0
522,2021-08,0.0,0.0017425896575231,17.80865572857602,,,,,30.0
523,2021-08,37529.93781687225,0.0080318682585423,16.325909625133104,,,,,10.0
524,2021-08,0.0,0.0076085251166193,16.534025680377944,,,,,10.0
525,2021-08,49557194.12546667,0.0026475448084966,17.51929023496568,0.5169075424507569,,,,10.0
526,2021-08,0.0,0.0049255457785572,16.80031136953705,,,,,80.0
527,2021-08,0.0,0.0030314697341964,18.30951905882916,,,,,10.0
528,2021-08,0.0,0.003671039035068,18.41472331221388,,,,,10.0
529,2021-08,0.0,0.0040003347200711,17.270646971015548,,,,,80.0
530,2021-08,0.0,0.0025027038918779,17.712548531882103,0.5587437384636631,57.88223566988805,18.1564780545391,8.525124502865582,40.0
531,2021-08,0.0,0.0025319327265202,17.991589760038252,0.4542641603391063,41.53346839379631,17.814850389045844,13.954267349205416,40.0
532,2021-08,0.0,0.0049343033151671,18.731130783646226,,,,,80.0
533,2021-08,0.0,0.0047828407381597,18.7438926708093,,,,,10.0
534,2021-08,0.0,0.0044707418498243,18.290950820461905,,,,,40.0
535,2021-08,0.0,0.0020708774947081,18.53941554209969,0.4682551592922314,9.289854054827543,21.090124515066787,5.453991412985075,30.0
536,2021-08,0.0,0.0033293476717517,18.724301395807824,,,,,10.0
537,2021-08,0.0,0.0037943157164012,18.73225143870148,,,,,80.0
538,2021-08,0.0,0.0047527689876005,19.182875528643237,,,,,30.0
539,2021-08,0.0,0.0032850472645804,18.468304796116342,,,,,10.0
540,2021-08,0.0,0.0,,,,,,30.0
541,2021-08,0.0,0.0023504041660865,19.16517957633484,0.4146230679973225,33.99524041460143,20.486925701112337,7.178280453541355,40.0
542,2021-08,0.0,0.0030124707536742,18.92332122966809,,,,,10.0
543,2021-08,0.0,0.0023217614198074,20.014273238096635,,,,,10.0
544,2021-08,0.0,0.0021136393247523,19.32534066203677,,,,,10.0
545,2021-08,0.0,0.0016181192750082,20.8637169854752,,,,,10.0
546,2021-08,0.0,0.0019627071933791,19.54598329879052,,,,,10.0
547,2021-08,0.0,0.0036608916459379,21.26160300470169,,,,,80.0
548,2021-08,0.0,0.0022174341993377,13.768289307625082,,,,,80.0
549,2021-08,0.0,0.0022450510180836,13.790972071822011,,,,,80.0
550,2021-08,0.0,0.0023698879795119,13.402448518814596,,,,,80.0
551,2021-08,0.0,0.002052219437246,14.00805071485513,,,,,30.0
552,2021-08,7934584.043240519,0.0020681618170783,13.725678893058545,,,,,80.0
553,2021-08,5369964.691735932,0.0021288120266641,15.751829066669664,,,,,10.0
554,2021-08,0.0,0.0020513905601546,15.079590918428153,,,,,80.0
555,2021-08,0.0,0.0022367699461028,16.393564293974208,0.2129828356070879,27.036924037717224,16.541204904714427,10.238721170031482,10.0
556,2021-08,0.0,0.0015807352551096,15.366763822494033,,,,,20.0
557,2021-08,0.0,0.0019391156324023,15.488515636485133,,,,,10.0
558,2021-08,0.0,0.0021745426969573,16.005331040796005,,,,,10.0
559,2021-08,0.0,0.0014985351281211,15.6765436234013,,,,,10.0
560,2021-08,0.0,0.0015550726172174,17.070977742184898,0.1714315909759124,30.761344188973755,18.23383188909548,10.852330161916203,10.0
561,2021-08,0.0,0.002662520708327,16.982296941613658,0.1957865104938902,6.734291942836722,19.38881307272929,7.595553459169136,10.0
562,2021-08,0.0,0.0,,,,,,30.0
563,2021-08,0.0,0.0016347938296045,17.432954283683557,0.3056004404629752,78.5579921284613,17.110319257974904,21.625852350756887,10.0
564,2021-08,0.0,0.0041549837605998,14.869158763270264,,,,,80.0
565,2021-08,0.0,0.0030258817987487,15.632502492268912,,,,,80.0
566,2021-08,0.0,0.0018093460318292,16.077060781499416,,,,,10.0
567,2021-08,0.0,0.0030777676420257,15.809349998009262,,,,,80.0
568,2021-08,355625.8656345392,0.0021809151785419,17.24684824789726,0.196745836024046,18.77178530348117,18.29926055995851,5.084711717479948,10.0
569,2021-08,0.0,0.0018830141441867,17.074820033546086,0.242182701101362,15.557186316053578,17.868496631635704,6.978897845420731,10.0
570,2021-08,0.0,0.0034711135940597,15.576322584254797,,,,,80.0
571,2021-08,0.0,0.0043516418354556,15.118779051468696,,,,,10.0
572,2021-08,0.0,0.0016904380131913,17.201722547352425,0.2846016180216559,28.49751014981808,17.803329336239532,3.981779674116163,10.0
573,2021-08,0.0,0.0050531214492366,15.13369300596176,,,,,80.0
574,2021-08,0.0,0.0048312046643938,,,,,,10.0
575,2021-08,0.0,0.0020877866463706,16.46023765481931,0.3288070949975197,37.35766180500762,17.16577124483157,5.167612039914665,10.0
576,2021-08,0.0,0.0048273018019244,15.195675191571668,,,,,10.0
577,2021-08,0.0,0.0041442002869492,15.962100474039744,,,,,10.0
578,2021-08,0.0,0.0014899576472089,17.74781693489323,0.2759356836512527,15.390160231015034,18.50212444750808,8.810608814846544,10.0
579,2021-08,0.0,0.0040549808260645,15.99867273966474,,,,,10.0
580,2021-08,0.0,0.0016087999956653,17.683347402593167,0.281383690227329,49.76984749080989,18.168024231983143,9.183609927894317,10.0
581,2021-08,0.0,0.00372162446547,16.281951994537067,,,,,10.0
582,2021-08,0.0,0.0019768485656511,17.30453526486634,,,,,10.0
583,2021-08,0.0,0.003077891818369,16.82872933828704,0.1587736762227821,20.744499703669355,16.94735483102086,4.630879942839223,10.0
584,2021-08,0.0,0.0020755025016114,17.762324925904664,0.5831305085009238,9.516692797082198,16.885319217898616,6.225332297310907,10.0
585,2021-08,0.0,0.0040499668957636,14.789452099543771,,,,,20.0
586,2021-08,0.0,0.0016911028342292,17.842172692411722,,,,,10.0
587,2021-08,0.0,0.0,18.13331410671223,,,,,80.0
588,2021-08,0.0,0.0020602895336196,17.061969478155987,0.3871405787965979,3.504506699339029,17.000080409470357,3.9903645949268793,10.0
589,2021-08,0.0,0.002045441271548,17.00159717682871,0.285990073948655,6.510096691452963,17.478172005558054,8.632295930658787,10.0
590,2021-08,0.0,0.0041169485466525,14.742317207910698,,,,,20.0
591,2021-08,0.0,0.0015493540482566,18.122182519290615,,,,,10.0
592,2021-08,0.0,0.0013726575689361,17.54579975579377,,,,,10.0
593,2021-08,0.0,0.0028730644302413,18.11881985408005,,,,,20.0
594,2021-08,0.0,0.0013191773014114,17.818078244117032,0.3245276710779483,4.2932308835576425,18.544424664533395,5.744466657708563,10.0
595,2021-08,0.0,0.0014546601491019,17.50889926916263,0.3747784443177681,21.636828741535112,18.171424796189847,6.9941316102828575,10.0
596,2021-08,0.0,0.0018982553002084,17.64748498239827,0.4848356025957272,48.3823288755318,17.711249631696685,46.29408097867963,40.0
597,2021-08,0.0,0.0014381563680217,18.425566344946382,0.3734435745148478,13.951168287694903,18.29216782695223,11.397872982491798,40.0
598,2021-08,0.0,0.0023585750179336,17.015618199174142,,,,,80.0
599,2021-08,0.0,0.0066978395995344,16.60000619375579,,,,,10.0
600,2021-08,21278576.20941747,0.0034064773238545,17.990772734064382,,,,,10.0
601,2021-08,7325691.630169856,0.0033794379251048,18.09020053494362,,,,,10.0
602,2021-08,756142.3672197819,0.0054702962206647,16.88117992121131,,,,,10.0
603,2021-08,0.0,0.0017128399031207,18.33217933408679,0.5375997297954951,5.093850358088949,18.87956036223388,3.779088790874333,40.0
604,2021-08,0.0,0.0024853868799254,17.75926791775612,0.3027716268592694,14.173787617729465,19.09630643474264,4.447022629019084,40.0
605,2021-08,0.0,0.0066410848018373,16.985412140986398,,,,,10.0
606,2021-08,0.0,0.0023003712685749,17.882202493902337,0.449189272923411,66.93917734265113,19.19201085780017,15.537333985018789,40.0
607,2021-08,0.0,0.0023424065129802,17.022076987536593,,,,,80.0
608,2021-08,0.0,0.0040048707044964,18.34046830208075,,,,,80.0
609,2021-08,0.0,0.0015636189298675,18.210007165067964,,,,,80.0
610,2021-08,0.0,0.00272084757853,16.83194569413382,,,,,40.0
611,2021-08,0.0,0.0014091213877029,18.367588554822365,,,,,30.0
612,2021-08,0.0,0.0019912308471248,18.66477630779309,,,,,10.0
613,2021-08,0.0,0.0025321526842162,17.73761028166744,0.4603960681695115,28.79519799694611,19.06567686815421,10.368651908770763,40.0
614,2021-08,0.0,0.0030815897898719,18.50409371160693,,,,,10.0
615,2021-08,0.0,0.0043788964732003,18.654409191172636,,,,,10.0
616,2021-08,0.0,0.0028973175602004,18.2613361126206,,,,,10.0
617,2021-08,0.0,0.0027620194869086,19.203180218768395,,,,,10.0
618,2021-08,0.0,0.0036080478148505,19.651008614160705,,,,,30.0
619,2021-08,0.0,0.0023049524443194,18.63989715302718,,,,,10.0
620,2021-08,0.0,0.0010926101125126,19.45768074117681,,,,,30.0
621,2021-08,0.0,0.0022268815355346,19.902264757053857,,,,,10.0
622,2021-08,0.0,0.0030610168741986,19.3806461703393,0.5012926140322308,,,,40.0
623,2021-08,0.0,0.001522336007838,18.719583252937586,,,,,10.0
624,2021-08,0.0,0.0032895392196223,20.455614208918767,,,,,10.0
625,2021-08,0.0,0.0021827492631321,19.443905172040417,,,,,10.0
626,2021-08,0.0,0.0018066280982356,19.537845121697192,,,,,10.0
627,2021-08,0.0,0.0015834642963454,20.70741822437577,,,,,10.0
628,2021-08,0.0,0.0036348736302898,22.1758558293825,,,,,10.0
629,2021-08,0.0,0.0035805137803335,23.055072899274947,,,,,40.0
630,2021-08,0.0,0.0032405255751655,,,,,,80.0
631,2021-08,0.0,0.0041798724250838,15.88758350495374,,,,,10.0
632,2021-08,0.0,0.0,,,,,,10.0
633,2021-08,0.0,0.0026670020689453,19.139547136561696,,,,,80.0
634,2021-08,0.0,0.0027529035390558,22.10173532650905,,,,,80.0
635,2021-08,0.0,0.0023620831459735,23.0562961907235,,,,,80.0
636,2021-08,0.0,0.0023389401632453,21.27503925654785,,,,,80.0
637,2021-08,0.0,0.0022721186712432,23.542927962677457,,,,,80.0
638,2021-08,0.0,0.0042270307548014,11.136268870035831,,,,,80.0
639,2021-08,0.0,0.0042993467984495,12.761604582210916,,,,,80.0
640,2021-08,0.0,0.0,,,,,,80.0
641,2021-08,0.0,0.0,,,,,,80.0
642,2021-08,0.0,0.0040795538138012,14.71905361852552,,,,,80.0
643,2021-08,0.0,0.0,,,,,,80.0
644,2021-08,0.0,0.0,14.66699588734616,,,,,80.0
645,2021-08,0.0,0.0045137087804635,14.57448500362146,,,,,80.0
646,2021-08,0.0,0.0,,,,,,10.0
647,2021-08,0.0,0.0,,,,,,80.0
648,2021-08,0.0,0.0,,,,,,10.0
649,2021-08,0.0,0.0048630403289724,14.623349479814255,,,,,80.0
650,2021-08,0.0,0.0,,,,,,10.0
651,2021-08,0.0,0.0049429934370939,16.780158376224353,,,,,80.0
652,2021-08,0.0,0.0047977267222449,,,,,,10.0
653,2021-08,0.0,0.0,,,,,,10.0
654,2021-08,0.0,0.0050982270082344,16.09041889078082,,,,,10.0
655,2021-08,0.0,0.0,,,,,,10.0
656,2021-08,0.0,0.0026409354893638,18.47435818008465,,,,,10.0
657,2021-08,0.0,0.0026385652290628,19.74647423437706,,,,,10.0
658,2021-08,0.0,0.0019537651961978,19.140978738758108,,,,,10.0
659,2021-08,0.0,0.0016978521289274,20.01004472883568,,,,,10.0
660,2021-08,0.0,0.0030353755753743,21.577268563547463,,,,,10.0
661,2021-08,0.0,0.001864823800012,23.418932935336866,,,,,40.0
662,2021-08,0.0,0.002428685478056,9.433980396229764,,,,,80.0
663,2021-08,0.0,0.0022008911654618,9.972669137934226,,,,,80.0
664,2021-08,0.0,0.0025837035397759,10.769059065222908,,,,,80.0
665,2021-08,0.0,0.0033428714068577,13.143604109022386,,,,,10.0
666,2021-08,0.0,0.0033986409687511,11.329680973104717,,,,,80.0
667,2021-08,0.0,0.003288994369307,11.41918076545964,,,,,80.0
668,2021-08,0.0,0.0037393796957379,12.900453391126431,,,,,10.0
669,2021-08,0.0,0.0030570427183113,12.457007560593272,,,,,80.0
670,2021-08,0.0,0.0037465831654117,12.932454376689504,,,,,80.0
671,2021-08,0.0,0.0,,,,,,80.0
672,2021-08,0.0,0.0037705375270888,,,,,,80.0
673,2021-08,0.0,0.0,,,,,,80.0
674,2021-08,0.0,0.0036721505549739,14.018226606496828,,,,,80.0
675,2021-08,0.0,0.0041563596009222,15.809579688385126,,,,,10.0
676,2021-08,0.0,0.0047250953795873,15.2370422356971,,,,,80.0
677,2021-08,0.0,0.0050031839327857,15.24553828905988,,,,,10.0
678,2021-08,0.0,0.0046106575446174,14.601734926553783,,,,,80.0
679,2021-08,0.0,0.0046967157623629,15.47046958744077,,,,,10.0
680,2021-08,0.0,0.0055613736418639,15.3503722953113,,,,,10.0
681,2021-08,0.0,0.0049134616884226,15.2505038514211,,,,,10.0
682,2021-08,0.0,0.0044180699196101,16.511150772633847,,,,,10.0
683,2021-08,0.0,0.0052566035108611,15.37266315531449,,,,,10.0
684,2021-08,0.0,0.0043507123755262,16.770916663275848,,,,,10.0
685,2021-08,0.0,0.00387214660164,17.71110384093704,,,,,10.0
686,2021-08,0.0,0.0041404545402321,15.99090390035375,,,,,10.0
687,2021-08,0.0,0.0042564047889754,16.800943715441974,,,,,10.0
688,2021-08,0.0,0.0,,,,,,10.0
689,2021-08,0.0,0.0022560617344424,18.51072076073809,,,,,10.0
690,2021-08,0.0,0.0026367614848924,18.53455118432269,,,,,10.0
691,2021-08,0.0,0.0031352582655413,18.26673811867508,,,,,10.0
692,2021-08,0.0,0.002522383669202,17.96877750740435,,,,,10.0
693,2021-08,0.0,0.0025898641364619,18.693642141619502,,,,,10.0
694,2021-08,0.0,0.0024426261732477,18.07708226014677,,,,,10.0
695,2021-08,0.0,0.0022808080100528,17.271274236160508,,,,,10.0
696,2021-08,0.0,0.0023275810993557,17.70007669592418,,,,,10.0
697,2021-08,0.0,0.0028160565611566,18.87332400681952,,,,,10.0
698,2021-08,0.0,0.001615607342804,19.533937277845183,,,,,10.0
699,2021-08,0.0,0.0016281230764434,19.58911962201521,,,,,10.0
700,2021-08,0.0,0.0,17.476455942789755,,,,,30.0
701,2021-08,0.0,0.001669369490628,17.599277053340813,,,,,80.0
702,2021-08,0.0,0.0018107401182432,19.68773235197992,,,,,10.0
703,2021-08,0.0,0.0016743636148021,19.943655661753564,,,,,10.0
704,2021-08,0.0,0.0019702071713254,19.69347834358702,,,,,10.0
705,2021-08,0.0,0.0,,,,,,10.0
706,2021-08,0.0,0.0016698429292757,20.17694278710566,,,,,10.0
707,2021-08,0.0,0.0020317244140063,19.874203461130914,,,,,10.0
708,2021-08,0.0,0.0019393500505618,21.85806113977608,,,,,10.0
709,2021-08,0.0,0.0015942738835506,20.865692141406445,,,,,10.0
710,2021-08,0.0,0.0022185964899108,20.66277921122891,,,,,10.0
711,2021-08,0.0,0.0023833765299768,22.253796004262533,,,,,10.0
712,2021-08,0.0,0.0026385498377318,22.26622669965664,,,,,10.0
713,2021-08,0.0,0.0030666172155659,22.982741720079485,,,,,40.0
714,2021-08,0.0,0.0039686574058578,20.853763465471204,,,,,10.0
715,2021-08,0.0,0.0039406193809554,21.26905716926823,,,,,10.0
716,2021-08,0.0,0.0052713169174239,21.83816760483611,,,,,10.0
717,2021-08,0.0,0.0042024921394234,22.16043371736731,,,,,10.0
718,2021-08,0.0,0.0041691749598899,22.358289807788683,,,,,10.0
719,2021-08,0.0,0.002652335764651,9.24453022454378,,,,,80.0
720,2021-08,0.0,0.0017296908812568,11.613010882305868,,,,,30.0
721,2021-08,0.0,0.0025439037399337,10.364734042588111,,,,,80.0
722,2021-08,0.0,0.0028705241547868,10.709242716143253,,,,,80.0
723,2021-08,0.0,0.0026154859380767,14.120774991708856,,,,,10.0
724,2021-08,0.0,0.0035074500756309,13.811632144066635,,,,,80.0
725,2021-08,36305.4566025048,0.0033681068337803,,,,,,80.0
726,2021-08,0.0,0.0035119005557741,14.054311425540618,,,,,80.0
727,2021-08,0.0,0.0041816024498984,14.514526785573691,,,,,10.0
728,2021-08,0.0,0.0034564998124031,15.041668866416842,,,,,10.0
729,2021-08,0.0,0.0036210900561854,16.261172477147937,,,,,10.0
730,2021-08,0.0,0.0038303373770759,17.480000969671458,,,,,10.0
731,2021-08,0.0,0.0035373194532439,17.89137424756126,,,,,10.0
732,2021-08,0.0,0.0038361547904059,16.992077880093717,,,,,10.0
733,2021-08,0.0,0.0043310474146975,15.901997592995889,,,,,10.0
734,2021-08,0.0,0.0039968042092368,16.470656946653975,,,,,10.0
735,2021-08,0.0,0.0026119523760523,18.42014740154309,,,,,10.0
736,2021-08,0.0,0.0022314288732256,18.86663094523989,,,,,10.0
737,2021-08,0.0,0.0025561400768007,19.402506710038853,,,,,10.0
738,2021-08,0.0,0.0021228356676147,16.817849854500082,,,,,10.0
739,2021-08,0.0,0.0024850888567016,18.943616666076025,,,,,10.0
740,2021-08,0.0,0.0026774757620538,17.56086739981049,,,,,10.0
741,2021-08,0.0,0.0018769687430904,17.59748668875747,,,,,10.0
742,2021-08,0.0,0.0013621307263949,19.78674686390868,,,,,10.0
743,2021-08,0.0,0.0016232056932494,17.680660543134167,,,,,80.0
744,2021-08,0.0,0.0017187569058781,17.292464742352912,,,,,30.0
745,2021-08,0.0,0.0015262796001479,19.72318367086433,,,,,10.0
746,2021-08,0.0,0.0015874578075454,19.20099115679342,,,,,10.0
747,2021-08,0.0,0.0055387450771377,20.08351704470025,,,,,10.0
748,2021-08,0.0,0.0017714834229991,19.711303998065283,,,,,10.0
749,2021-08,0.0,0.0029657295362994,20.4775453875142,,,,,10.0
750,2021-08,0.0,0.0,21.48850021362307,,,,,10.0
751,2021-08,0.0,0.0035082985104963,21.7015448484797,,,,,10.0
752,2021-08,0.0,0.0033937227577148,21.408846172582624,,,,,10.0
753,2021-08,0.0,0.0027992276864097,21.54845234222597,,,,,10.0
754,2021-08,0.0,0.0028176306204841,21.94048851587442,,,,,10.0
755,2021-08,0.0,0.0,,,,,,100.0
756,2021-08,0.0,0.0022539569454238,,,,,,30.0
757,2021-08,0.0,0.0032375788705394,,,,,,80.0
758,2021-08,0.0,0.0,13.103325062413376,,,,,10.0
759,2021-08,0.0,0.0,,,,,,80.0
760,2021-08,0.0,0.0,,,,,,80.0
761,2021-08,0.0,0.0030776335315749,,,,,,10.0
762,2021-08,0.0,0.0021046175079391,19.131514116512847,,,,,10.0
763,2021-08,0.0,0.0,,,,,,10.0
764,2021-08,0.0,0.0,,,,,,10.0
765,2021-08,0.0,0.0,19.76567070253435,,,,,10.0
766,2021-08,0.0,0.0,,,,,,80.0
767,2021-08,0.0,0.0017000633991604,19.970079409691607,,,,,10.0
768,2021-08,0.0,0.0,,,,,,10.0
769,2021-08,0.0,0.0019950120167777,,,,,,10.0
770,2021-08,0.0,0.002050921173577,,,,,,10.0
771,2021-08,0.0,0.0,,,,,,10.0
772,2021-08,0.0,0.0,,,,,,10.0
773,2021-08,0.0,0.0067268973032556,27.235415354082686,,,,,30.0
774,2021-08,0.0,0.0031669250147388,21.41317528345254,,,,,10.0
775,2021-08,0.0,0.007308456154351,26.559003038303857,,,,,10.0
776,2021-08,0.0,0.0063864778850464,26.44659611509409,,,,,10.0
777,2021-08,0.0,0.006610621364598,26.393580044982286,,,,,80.0
778,2021-08,0.0,0.0074010219814226,26.879442858952377,,,,,10.0
779,2021-08,0.0,0.008405579479222,26.827377901795117,,,,,10.0
780,2021-08,55101.77360733503,0.0087552590684936,26.96163461922502,,,,,30.0
781,2021-08,0.0,0.0022144092636153,20.402182439285507,,,,,10.0
782,2021-08,0.0,0.0023283981796945,20.94831020396245,,,,,10.0
783,2021-08,0.0,0.0024188233928725,21.350237864832764,,,,,10.0
784,2021-08,0.0,0.0026726385967776,20.96780601419431,,,,,10.0
785,2021-08,0.0,0.0028805954771087,,,,,,10.0
786,2021-08,0.0,0.0046221504377172,20.62957292409472,,,,,10.0
787,2021-08,0.0,0.002479877175574,22.206882690101565,,,,,10.0
788,2021-08,0.0,0.0,,,,,,10.0
789,2021-08,0.0,0.0085158234851405,26.224112980340124,,,,,80.0
790,2021-08,0.0,0.0075181199626968,26.833898444109813,,,,,10.0
791,2021-08,0.0,0.0065942386554525,26.721882900115,,,,,10.0
792,2021-08,0.0,0.0077346701564238,26.969002106369217,,,,,10.0
793,2021-08,0.0,0.0,,,,,,10.0
794,2021-08,868592624.5925133,0.0015139318977457,20.96586176345144,0.3536900748916051,,,,30.0
795,2021-08,570068.9499629334,0.0019233016533652,23.24819522479204,,,,,30.0
796,2021-08,0.0,0.0031408273693765,19.0621164875646,0.544856485493526,72.0819269561722,18.121299782431365,20.55895616382049,30.0
797,2021-08,294152680.15674615,0.001977774662496,19.92613137369155,,,,,30.0
798,2021-08,0.0,0.0013325585441634,21.726771254636365,,,,,10.0
799,2021-08,0.0,0.0013086558398451,21.967102994201017,,,,,10.0
800,2021-08,55301954.63037732,0.0025303217236413,17.892751585710887,,,,,30.0
801,2021-08,0.0,0.0030943166232949,22.027872670960345,,,,,80.0
802,2021-08,0.0,0.0029327877555554,12.914104725960508,,,,,10.0
803,2021-08,0.0,0.0062576172331318,25.69464125324052,,,,,10.0
804,2021-08,0.0,0.0,,,,,,10.0
805,2021-08,0.0,0.0013406422280432,27.86713133143128,,,,,30.0
806,2021-08,0.0,0.0016457821565923,28.228647704030195,,,,,10.0
807,2021-08,2943762.1247475035,0.0013784223992291,27.67652816407857,,,,,30.0
808,2021-08,0.0,0.0062710824219142,26.919115185481264,,,,,10.0
809,2021-08,0.0,0.0096155830427354,27.042919827160155,,,,,10.0
810,2021-08,0.0,0.0042778701876226,27.68272954647428,,,,,40.0
811,2021-08,2357707.1196490643,0.0037426452482248,27.53084656802052,,,,,10.0
812,2021-08,0.0,0.004087688874885,27.961271533487537,,,,,80.0
813,2021-08,0.0,0.0131315879769737,27.537997958401817,,,,,90.0
814,2021-08,0.0,0.0,27.93827024890533,,,,,80.0
815,2021-08,0.0,0.0011765992658183,21.918300595847512,,,,,10.0
816,2021-08,0.0,0.0012616066651389,,,,,,10.0
817,2021-08,0.0,0.0024788448780255,22.792161564616197,,,,,40.0
818,2021-08,0.0,0.0049799679236457,19.8854046155048,,,,,10.0
819,2021-08,0.0,0.0032157772299494,22.80139136365665,,,,,80.0
820,2021-08,0.0,0.0027145360054419,14.17370040237265,,,,,10.0
821,2021-08,0.0,0.0030817388014838,23.021957979920103,,,,,40.0
822,2021-08,0.0,0.0036424471454665,23.36432451637845,,,,,80.0
823,2021-08,0.0,0.0010204108821199,25.351271524736987,,,,,40.0
824,2021-08,0.0,0.003185838313584,23.55086633005453,,,,,40.0
825,2021-08,0.0,0.0027180489541933,23.459871772027803,,,,,40.0
826,2021-08,0.0,0.0021597190218017,23.848528705446547,,,,,40.0
827,2021-08,0.0,0.0037831302500611,21.53774049000077,,,,,10.0
828,2021-08,0.0,0.0038917748646781,22.26168622252764,,,,,10.0
829,2021-08,0.0,0.0026761291937873,24.317105619369045,,,,,40.0
830,2021-08,0.0,0.0027965559082076,28.254669935985305,,,,,10.0
831,2021-08,0.0,0.0026289753457283,28.379077960598867,,,,,10.0
832,2021-08,0.0,0.0026598906533763,28.722388682485075,,,,,80.0
833,2021-08,0.0,0.006105877311711,26.985638561727345,,,,,10.0
834,2021-08,0.0,0.0,,,,,,80.0
835,2021-08,0.0,0.0,,,,,,80.0
836,2021-08,0.0,0.0100319144572235,27.129231795444312,,,,,10.0
837,2021-08,0.0,0.0077768078463122,27.09157953569967,,,,,10.0
838,2021-08,0.0,0.0017091071622417,26.28323920191832,,,,,30.0
839,2021-08,0.0,0.0029505955444619,24.24440323204125,,,,,40.0
840,2021-08,0.0,0.0023756803920049,24.313882241197845,,,,,40.0
841,2021-08,0.0,0.0029535441117332,,,,,,10.0
842,2021-08,0.0,0.0,,,,,,80.0
843,2021-08,0.0,0.0,,,,,,90.0
844,2021-08,0.0,0.013665161879544,27.709712621217136,,,,,90.0
845,2021-08,0.0,0.0,26.17366010552282,,,,,
846,2021-08,0.0,0.0,25.795929397711543,,,,,
847,2021-08,0.0,0.0031459980723108,29.24047654172097,,,,,30.0
848,2021-08,0.0,0.0024070564890042,28.660337847913908,,,,,10.0
849,2021-08,0.0,0.0024662801657206,28.885653894756526,,,,,10.0
850,2021-08,0.0,0.0028311198966548,28.280899302164755,,,,,10.0
851,2021-08,0.0,0.0047081863542102,18.1553767624722,,,,,10.0
852,2021-08,0.0,0.0030655914705998,18.81484233848965,,,,,40.0
853,2021-08,0.0,0.0020260881208463,29.72727470352376,,,,,20.0
854,2021-08,0.0,0.0016929474653034,26.22659155785208,,,,,10.0
855,2021-08,0.0,0.0,21.840976333141228,,,,,
856,2021-08,0.0,0.0,22.67921724034611,,,,,
857,2021-08,0.0,0.0,23.66701384682893,,,,,
858,2021-08,0.0,0.0,22.52300336169796,,,,,
859,2021-08,0.0,0.0,26.16429231431751,,,,,
861,2021-08,0.0,0.0031273274140403,28.29229616617942,,,,,30.0
862,2021-08,0.0,0.0030540070631766,28.58939329578033,,,,,30.0
863,2021-08,0.0,0.0036383120732352,28.61388873848865,,,,,50.0
864,2021-08,0.0,0.0018978970853244,29.58891420261837,,,,,10.0
865,2021-08,0.0,0.0027996970729873,27.86265556581561,,,,,10.0
866,2021-08,0.0,0.0021612996624753,28.33355267198041,,,,,30.0
867,2021-08,0.0,0.0021446660562617,28.95378153860773,,,,,10.0
868,2021-08,0.0,0.0023626916575496,26.262569522137326,,,,,20.0
869,2021-08,0.0,0.0045968801793302,27.93105418707737,,,,,30.0
870,2021-08,0.0,0.0033715216832206,28.355213870797144,,,,,30.0
871,2021-08,0.0,0.0036013025558834,28.629004455894574,,,,,30.0
872,2021-08,0.0,0.0036628481897919,28.52121929802909,,,,,30.0
873,2021-08,0.0,0.0031580103950545,28.43073339154648,,,,,80.0
874,2021-08,0.0,0.0,28.6286644966372,,,,,
875,2021-08,0.0,0.0,24.856399134153964,,,,,
876,2021-08,0.0,0.0,23.88041417111635,,,,,
877,2021-08,0.0,0.0,27.49906914003435,,,,,
878,2021-08,0.0,0.0,,,,,,
879,2021-08,0.0,0.0,22.392386906121374,,,,,
880,2021-08,0.0,0.0,26.45968674456105,,,,,
881,2021-08,0.0,0.0,21.89381092850882,,,,,
882,2021-08,0.0,0.0051117099176028,26.939374728682942,,,,,30.0
883,2021-08,0.0,0.0046598110801479,25.33367427976331,,,,,10.0
884,2021-08,0.0,0.0036794705705688,27.58722324900259,,,,,10.0
885,2021-08,0.0,0.0039537829011856,27.838023912685276,,,,,10.0
886,2021-08,0.0,0.0040709607144569,26.95835065123857,,,,,30.0
887,2021-08,0.0,0.001240006957051,23.23511247664661,,,,,30.0
888,2021-08,0.0,0.006988862325615,19.603115632343204,,,,,80.0
889,2021-08,0.0,0.0001225549608947,22.4263213777946,,,,,30.0
890,2021-08,0.0,0.0001191640662,22.72001028026734,,,,,30.0
891,2021-08,0.0,0.0001731587963149,21.16872587306528,,,,,60.0
892,2021-08,2298059.1354443347,0.0001234163919434,20.91761686660499,,,,,30.0
893,2021-08,102045422.83996642,0.0001900531042338,20.288269960506597,,,,,10.0
894,2021-08,0.0,0.0020839075234963,19.411276771322765,,,,,30.0
895,2021-08,10111229.34329419,0.0001309265213058,21.29041028586769,,,,,30.0
896,2021-08,0.0,0.0004921632729424,23.745716724023424,,,,,30.0
897,2021-08,2414980.248262728,0.0001360766358023,21.21712119536591,,,,,10.0
898,2021-08,0.0,0.0015563021771131,20.720416603146997,,,,,30.0
899,2021-08,597808444.6790489,0.000172248335366,21.237394301935637,,,,,10.0
900,2021-08,0.0,2.9400130258111927e-05,24.50694107092127,,,,,30.0
901,2021-08,387692.8372362575,6.35450267307331e-05,19.816105617868946,,,,,10.0
902,2021-08,0.0,0.0015215742460573,25.55424809499494,,,,,60.0
903,2021-08,0.0,3.235533378236661e-06,25.8531291592506,,,,,10.0
904,2021-08,0.0,0.0001869007913727,25.201029997347405,,,,,60.0
905,2021-08,0.0,8.883525385629452e-05,19.98193375532626,,,,,20.0
906,2021-08,0.0,0.0007777307868029,25.33357943963483,,,,,30.0
907,2021-08,0.0,0.0002495059434295,32.2323059382832,,,,,60.0
908,2021-08,0.0,0.0076460240798041,17.609553798552508,,,,,10.0
909,2021-08,0.0,0.013512564493081,22.822223925306005,,,,,10.0
910,2021-08,0.0,0.0,17.039299314765536,,,,,
911,2021-08,0.0,0.0003031788783118,,,,,,80.0
912,2021-08,0.0,8.834482552909042e-05,22.54850749727104,,,,,30.0
913,2021-08,41831655.463969976,9.025003118554392e-05,22.93220953493267,,,,,10.0
914,2021-08,0.0,3.240855221520178e-06,25.480500597480965,,,,,10.0
915,2021-08,0.0,0.0010924877988145,28.75646948865668,,,,,60.0
916,2021-08,0.0,0.0002435017830631,33.07663629183207,,,,,60.0
917,2021-08,0.0,0.0039818017878794,29.56696585542415,,,,,20.0
918,2021-08,0.0,8.412286806560587e-05,26.981688455302123,,,,,60.0
919,2021-08,0.0,0.0078093174574251,23.55916876495366,,,,,10.0
920,2021-08,0.0,0.0,,,,,,10.0
921,2021-08,0.0,0.0146173777447984,27.36379160727228,,,,,80.0
922,2021-08,0.0,0.0178838842627252,26.161841107440274,,,,,10.0
923,2021-08,0.0,0.0081663651781127,17.447096720049487,,,,,20.0
924,2021-08,0.0,0.0133876620249793,15.698787547012412,,,,,10.0
925,2021-08,0.0,0.0,24.561145175400625,,,,,
926,2021-08,0.0,0.0,25.19971373128821,,,,,
927,2021-08,0.0,0.0,24.391980661371747,,,,,
928,2021-08,0.0,0.0018484414358007,13.95897695367989,,,,,10.0
929,2021-08,0.0,0.00131652401818,14.471147524925996,,,,,10.0
930,2021-08,0.0,0.0013120323856594,15.730404408329363,,,,,10.0
931,2021-08,0.0,0.0015092016000616,14.360128566386033,,,,,10.0
932,2021-08,36922920.23419113,0.001776541653871,13.272047235632478,,,,,10.0
933,2021-08,9943064.617098505,0.0024723741543521,14.145988206647722,,,,,10.0
934,2021-08,11124315.667820914,0.003403413381459,12.431107779039367,,,,,10.0
935,2021-08,0.0,0.0024156530218169,11.172537345447784,,,,,10.0
936,2021-08,20109976.26503141,0.0032878931069717,16.014447374241342,,,,,10.0
937,2021-08,246522989.5018892,0.001091385291496,17.77318444274208,,,,,10.0
938,2021-08,91321449.71449956,0.0026599286955357,16.726687795863626,,,,,10.0
939,2021-08,270928386.23423487,0.0029263568444518,15.61089295429272,,,,,10.0
940,2021-08,16295116.96478706,0.0018930925702518,19.8320834924266,,,,,10.0
941,2021-08,0.0,0.0006715759403353,23.29837708740967,,,,,30.0
942,2021-08,45801269.719875045,0.0008999052516305,16.052008351060536,,,,,10.0
943,2021-08,10693155.74821878,0.0021931557374045,19.39472622913352,,,,,10.0
944,2021-08,0.0,0.0010552103892633,21.892309064742484,,,,,30.0
945,2021-08,0.0,0.0014065610972796,15.135165287687812,,,,,10.0
946,2021-08,0.0,0.0012237444702299,15.759413286434736,,,,,10.0
947,2021-08,0.0,0.0032228399288049,10.79555117257676,,,,,10.0
948,2021-08,0.0,0.001310797260885,15.863284949846175,,,,,10.0
949,2021-08,812249.6941439041,0.0017836918766327,16.50763583536168,,,,,10.0
950,2021-08,0.0,0.0008353991823241,17.266668922670448,,,,,10.0
951,2021-08,0.0,0.0028676888801676,18.54651609851471,,,,,10.0
952,2021-08,1512438.4177581568,0.0026169659358269,14.894669737161095,,,,,10.0
953,2021-08,0.0,0.0002584345785062,24.9086601852566,,,,,40.0
954,2021-08,0.0,0.0014057227489198,16.594100409535603,,,,,10.0
955,2021-08,0.0,0.0043184289046005,8.589200669643134,,,,,30.0
956,2021-08,0.0,0.0039378532886797,10.943411681472636,,,,,80.0
957,2021-08,0.0,0.0027270657089199,10.892946308699472,,,,,30.0
958,2021-08,0.0,0.001057058425431,4.750308558066796,,,,,80.0
959,2021-08,0.0,0.0024157899422009,10.66504505936819,,,,,30.0
960,2021-08,0.0,0.0037756243193859,8.358936359036372,,,,,10.0
961,2021-08,0.0,0.0037423290294769,8.175655410305659,,,,,30.0
962,2021-08,0.0,0.0033874553529693,10.981618548196485,,,,,10.0
963,2021-08,0.0,0.0031822309908117,9.675348471911605,,,,,10.0
964,2021-08,0.0,0.0035055395248336,10.051259656509464,,,,,10.0
965,2021-08,0.0,0.0034181119883251,8.846307003882645,,,,,10.0
966,2021-08,0.0,0.0034319526651167,11.08736869461495,,,,,10.0
967,2021-08,0.0,0.004220596593842,8.529302857600976,,,,,10.0
968,2021-08,0.0,0.0038405470850626,8.679637876120971,,,,,10.0
969,2021-08,0.0,0.003794287494505,11.197057998821322,,,,,30.0
970,2021-08,0.0,0.0035288204899888,9.760552458300058,,,,,30.0
971,2021-08,0.0,0.0025697408633277,11.30452305092677,,,,,30.0
972,2021-08,0.0,0.0025900613284951,11.371821558689172,,,,,30.0
973,2021-08,0.0,0.000911253046676,3.794421542588111,,,,,80.0
974,2021-08,0.0,0.0023303775506064,11.791333032423475,,,,,10.0
975,2021-08,0.0,0.0021537503616855,13.382817249913389,,,,,10.0
976,2021-08,0.0,0.003599736572024,8.27908159962488,,,,,70.0
977,2021-08,0.0,0.0032948466120545,10.085765051072666,,,,,10.0
978,2021-08,0.0,0.001619830580239,11.255213345763536,,,,,80.0
979,2021-08,0.0,0.0054590281488344,7.610448783956578,,,,,70.0
980,2021-08,0.0,0.0036340285625136,9.987103886758138,,,,,10.0
981,2021-08,0.0,0.0015048010664031,10.955932379281675,,,,,80.0
982,2021-08,0.0,0.0033431586186412,9.762586255129731,,,,,10.0
983,2021-08,0.0,0.0040725499486717,9.475054267144994,,,,,10.0
984,2021-08,0.0,0.0024307473020598,10.153411517946552,,,,,30.0
985,2021-08,0.0,0.011503644140248,12.58918590750747,,,,,10.0
986,2021-08,0.0,0.0,,,,,,80.0
987,2021-08,0.0,0.0031303550816422,10.12794855498358,,,,,10.0
988,2021-08,0.0,0.0020706745253846,11.018549724291756,,,,,30.0
989,2021-08,0.0,0.0019529263962877,11.671912243659664,,,,,10.0
990,2021-08,0.0,0.0018704663921548,11.53041189597073,,,,,30.0
991,2021-08,0.0,0.003728850783591,10.63192049252092,,,,,30.0
992,2021-08,0.0,0.0022363512234733,,,,,,90.0
993,2021-08,0.0,0.0004659769152411,11.715988761665209,,,,,80.0
994,2021-08,71014404.67575559,0.0021745809709042,15.122429276954929,,,,,10.0
995,2021-08,0.0,0.0022190999045132,14.613142201579864,,,,,80.0
996,2021-08,48939021.37750065,0.0022330693886694,16.031426348010207,0.2034562344870344,3.9927705625164154,12.71218541380762,1.079103323056516,10.0
997,2021-08,0.0,0.0018391641752029,16.93327711288892,,,,,10.0
998,2021-08,0.0,0.0,,,,,,10.0
999,2021-08,0.0,0.0017940648332685,15.767270774451156,0.2456570607166096,3.6505705657874072,14.99228176021468,2.920611147954566,80.0
1000,2021-08,22522990.63466909,0.0035022943644975,11.59201291288771,,,,,10.0
1001,2021-08,0.0,0.0020224052301933,16.08139624646917,,,,,10.0
1002,2021-08,0.0,0.0,,,,,,30.0
1003,2021-08,0.0,0.0014173883713131,10.479736418365178,,,,,80.0
1004,2021-08,0.0,0.0011565041186258,11.392689165049294,,,,,80.0
1005,2021-08,0.0,0.0010477909675371,11.20652107320808,,,,,80.0
1006,2021-08,0.0,0.0007334693939181,10.187389767554532,,,,,30.0
1007,2021-08,0.0,0.0012531710113502,11.00495720437048,,,,,80.0
1008,2021-08,0.0,0.0008842233336811,11.419187902635173,,,,,80.0
1009,2021-08,0.0,0.0009261666255042,11.854824862347956,,,,,80.0
1010,2021-08,0.0,0.0008216101444607,11.752646806505014,,,,,80.0
1011,2021-08,0.0,0.001006092390195,12.098176014124292,,,,,80.0
1012,2021-08,0.0,0.0010994482846024,13.300709345007476,,,,,10.0
1013,2021-08,0.0,0.0013311553514843,13.003857160104012,,,,,10.0
1014,2021-08,0.0,0.0013117608614496,14.141556177809427,,,,,10.0
1015,2021-08,0.0,0.0021750960658097,13.761032481445785,,,,,10.0
1016,2021-08,0.0,0.0021928032139762,10.60101250224738,,,,,80.0
1017,2021-08,0.0,0.0024183073869478,10.214493216237734,,,,,80.0
1018,2021-08,0.0,0.0019080204797759,14.0963683671849,,,,,10.0
1019,2021-08,0.0,0.0018941638848316,14.116827801588697,,,,,10.0
1020,2021-08,0.0,0.0022721885161445,10.383528757949904,,,,,80.0
1021,2021-08,0.0,0.0025547642029171,10.121912236367514,,,,,80.0
1022,2021-08,0.0,0.0026904641108558,14.863739687282722,,,,,80.0
1023,2021-08,0.0,0.0027351919068582,10.947861737760611,,,,,80.0
1024,2021-08,0.0,0.0024978992703556,15.461125899166944,,,,,30.0
1025,2021-08,0.0,0.0027535637552566,12.677234042588122,,,,,10.0
1026,2021-08,0.0,0.0024173662272082,15.700337430295844,,,,,10.0
1027,2021-08,0.0,0.0022864737626756,14.591321943861695,,,,,10.0
1028,2021-08,0.0,0.0032014199933927,14.776249571769492,,,,,10.0
1029,2021-08,0.0,0.0031803017355976,14.856414514946046,,,,,10.0
1030,2021-08,5104906.178840102,0.0019191038083425,13.261458739786924,0.4094001829745757,7.378015805909951,14.803830213650496,9.273813174267543,80.0
1031,2021-08,0.0,0.0016610170349893,13.542620905608226,0.358479775178076,5.100258416575345,14.19009548086069,9.588858060652935,80.0
1032,2021-08,0.0,0.0016828664134472,14.885170037991829,0.2093322451912472,4.517109773468251,13.604019283218992,5.044932371339275,10.0
1033,2021-08,0.0,0.0031134164895242,14.320691232569208,,,,,10.0
1034,2021-08,0.0,0.0018385502625118,15.070870524796668,0.2914575478539358,5.059619562061435,14.617108695646726,2.8722979728964133,80.0
1035,2021-08,58911839.41247369,0.0019985737864389,15.601565722542912,0.2710177143211664,6.483919154840602,16.125683420840552,5.308676552558335,10.0
1036,2021-08,0.0,0.0023657380061195,15.993539223619706,0.3890183244449424,10.923609448945976,16.740506126617305,5.101876631347224,80.0
1037,2021-08,0.0,0.0017462185041949,17.21742733370874,,,,,80.0
1038,2021-08,0.0,0.0018675425168718,15.173101043701202,0.3381738792882215,1.533117105843255,12.01472398353888,1.458009926810204,80.0
1039,2021-08,0.0,0.0018060416993345,15.576920597527636,,,,,10.0
1040,2021-08,0.0,0.0022408385049691,16.276087660886372,0.1333905572241228,,,,10.0
1041,2021-08,0.0,0.0016826352493808,16.332452876593493,,,,,10.0
1042,2021-08,0.0,0.0017424679647067,16.45516101741451,,,,,10.0
1043,2021-08,0.0,0.0021182110922381,16.400429952126334,,,,,10.0
1044,2021-08,0.0,0.0019403699553852,16.60199612159196,,,,,10.0
1045,2021-08,0.0,0.0018801055576923,17.149454591909162,,,,,10.0
1046,2021-08,0.0,0.0009796655194804,8.807462064681516,,,,,80.0
1047,2021-08,0.0,0.001639701278691,8.820175753357603,,,,,80.0
1048,2021-08,0.0,0.0012271700816199,9.954038758089911,,,,,80.0
1049,2021-08,0.0,0.0012571810202643,9.537802618977024,,,,,30.0
1050,2021-08,0.0,0.0011752302216336,9.628465640160371,,,,,80.0
1051,2021-08,0.0,0.0011691952513501,10.56506192607266,,,,,80.0
1052,2021-08,0.0,0.0013118049519107,10.636161538947894,,,,,80.0
1053,2021-08,0.0,0.0011833159642264,11.042907258173926,,,,,10.0
1054,2021-08,0.0,0.0008356271700904,11.261944276543105,,,,,80.0
1055,2021-08,0.0,0.000976791191923,12.176553861556531,,,,,10.0
1056,2021-08,0.0,0.0009947185897342,12.621093774610978,,,,,10.0
1057,2021-08,0.0,0.0004756912771376,11.781873895788737,,,,,10.0
1058,2021-08,27871265.247272044,0.0013573978080587,13.304778355424144,,,,,10.0
1059,2021-08,0.0,0.0004294960217521,12.797731354416078,,,,,10.0
1060,2021-08,0.0,0.0015809483284101,12.912681192088044,,,,,10.0
1061,2021-08,0.0,0.00069657698441,12.6171176951419,,,,,10.0
1062,2021-08,0.0,0.0016574224846408,14.362426519906649,,,,,80.0
1063,2021-08,0.0,0.001385025532727,13.013953842655326,,,,,10.0
1064,2021-08,0.0,0.0014016403274581,12.700721420780326,,,,,80.0
1065,2021-08,0.0,0.0013981795327708,12.864086501145474,,,,,10.0
1066,2021-08,0.0,0.0013440721747125,10.700600663051816,,,,,80.0
1067,2021-08,0.0,0.0015643883264904,13.13536195652462,,,,,80.0
1068,2021-08,0.0,0.0013191009329602,14.468626816725664,,,,,80.0
1069,2021-08,0.0,0.0018828956799552,12.69215549756126,,,,,80.0
1070,2021-08,0.0,0.0024949944036052,10.84435945736466,,,,,30.0
1071,2021-08,0.0,0.0018592549877212,14.168689995769125,,,,,10.0
1072,2021-08,0.0,0.0024793072061584,10.771871349375772,,,,,30.0
1073,2021-08,0.0,0.0022676008211419,11.30645793791742,,,,,80.0
1074,2021-08,0.0,0.0026188267784164,14.473357588245063,,,,,80.0
1075,2021-08,0.0,0.0031447614001081,14.204590043372177,,,,,10.0
1076,2021-08,0.0,0.002610210181956,14.875250465639198,,,,,80.0
1077,2021-08,0.0,0.0018641674038614,13.912615794520235,,,,,80.0
1078,2021-08,0.0,0.0025448667274758,14.728527200350214,,,,,30.0
1079,2021-08,0.0,0.0047454851137445,12.998241687077371,,,,,10.0
1080,2021-08,0.0,0.0014898941103132,15.58452098395238,,,,,10.0
1081,2021-08,0.0,0.0018415877984807,13.139223359904426,,,,,10.0
1082,2021-08,0.0,0.0037871821241424,14.72155016006964,,,,,10.0
1083,2021-08,0.0,0.0048246265778288,14.761422130625752,,,,,10.0
1084,2021-08,0.0,0.003243510774458,14.996601482104248,,,,,10.0
1085,2021-08,0.0,0.002387050391917,15.644468336207916,,,,,10.0
1086,2021-08,0.0,0.0014552360789821,15.59965770270236,,,,,80.0
1087,2021-08,0.0,0.0030833213048026,15.330421346575555,,,,,10.0
1088,2021-08,0.0,0.0015538370626018,15.615232824510144,,,,,10.0
1089,2021-08,0.0,0.0023239402489707,13.85653301772254,0.2082414158544691,7.592485063537505,13.994102099571402,7.700817849852951,10.0
1090,2021-08,0.0,0.0017683430032775,16.107784347807655,0.2243209120672492,2.9264098712463333,15.856819320069317,6.563633971332407,80.0
1091,2021-08,36627778.45807265,0.0020212841609463,15.979106987456603,0.2103951129646262,12.528973077439131,16.829425056509056,8.594521096193287,10.0
1092,2021-08,0.0,0.0025691500322864,14.880762224641776,,,,,10.0
1093,2021-08,0.0,0.0021179581111606,12.89326469667499,,,,,10.0
1094,2021-08,0.0,0.0020983732440733,13.279726902131134,,,,,10.0
1095,2021-08,0.0,0.0015898395098095,17.059041759532008,,,,,10.0
1096,2021-08,0.0,0.0017697924798664,16.991328832154647,,,,,10.0
1097,2021-08,0.0,0.0016638374345347,15.77472293812744,0.1965082593886855,8.586001266758391,16.088825660130077,5.259379774262917,10.0
1098,2021-08,1469791.211435648,0.0016178189234778,15.49604523817131,0.1746383313813748,7.495137112732034,16.651149565829385,2.603864534818213,10.0
1099,2021-08,0.0,0.0019199995713279,14.769235680692958,0.4175811908420188,5.359370185673404,15.67434281889299,5.542667144027018,10.0
1100,2021-08,0.0,0.0018664373474166,14.279019681869045,,,,,10.0
1101,2021-08,0.0,0.0015161844891866,16.049328244117014,,,,,10.0
1102,2021-08,0.0,0.0021944140340305,16.585659869341033,,,,,10.0
1103,2021-08,0.0,0.0,,,,,,30.0
1104,2021-08,0.0,0.0024890190379665,16.276054292084076,,,,,10.0
1105,2021-08,0.0,0.0018081477301166,15.228033668764198,,,,,10.0
1106,2021-08,0.0,0.002193602275535,16.78654410422154,,,,,10.0
1107,2021-08,0.0,0.0017362980561301,,0.2301485986488737,,,,10.0
1108,2021-08,0.0,0.0,,,,,,80.0
1109,2021-08,0.0,0.0,,,,,,30.0
1110,2021-08,0.0,0.0,,,,,,30.0
1111,2021-08,0.0,0.0010743288712546,,,,,,30.0
1112,2021-08,0.0,0.0,,,,,,30.0
1113,2021-08,0.0,0.0,,,,,,30.0
1114,2021-08,0.0,0.0,,,,,,30.0
1115,2021-08,0.0,0.0,11.143978414227888,,,,,80.0
1116,2021-08,0.0,0.0,,,,,,30.0
1117,2021-08,0.0,0.0,,,,,,10.0
1118,2021-08,0.0,0.0016201397793338,15.339154405491342,0.1939339285714285,,,,10.0
1119,2021-08,0.0,0.0,,0.1964285714285714,,,,10.0
1120,2021-08,0.0,0.0,,0.2899055504333395,8.444084229292692,17.861910865420388,1.8110729822268088,80.0
1121,2021-08,0.0,0.0010693875397659,9.4235028464745,,,,,80.0
1122,2021-08,0.0,0.0,,,,,,30.0
1123,2021-08,0.0,0.0014563955925206,9.58853818444943,,,,,80.0
1124,2021-08,0.0,0.0036899388561606,9.807466169110889,,,,,80.0
1125,2021-08,0.0,0.002491875884075,10.283208562089715,,,,,80.0
1126,2021-08,0.0,0.004809358858784,9.796918529981523,,,,,80.0
1127,2021-08,0.0,0.002483313345461,11.357038119493486,,,,,80.0
1128,2021-08,0.0,0.0024343442670643,12.613335208497524,,,,,80.0
1129,2021-08,0.0,0.0027474947662994,12.771335531299616,0.1274576350708821,,,,80.0
1130,2021-08,0.0,0.0016617369916881,5.689218197074007,,,,,80.0
1131,2021-08,0.0,0.0017026966826961,5.122881251509498,,,,,80.0
1132,2021-08,0.0,0.0038024441063108,5.489430031195906,,,,,80.0
1133,2021-08,0.0,0.0010814642349802,7.290787625234802,,,,,100.0
1134,2021-08,0.0,0.0025197296985905,7.151508621161155,,,,,100.0
1135,2021-08,0.0,0.0010185515897319,8.229984543620192,,,,,80.0
1136,2021-08,0.0,0.0016017072049061,8.462801183885169,,,,,80.0
1137,2021-08,0.0,0.0046617908792541,8.612815508037201,,,,,80.0
1138,2021-08,0.0,0.0014315738628485,9.999038863096636,,,,,80.0
1139,2021-08,0.0,0.0041317012844382,9.196750066613664,,,,,80.0
1140,2021-08,0.0,0.0011868284473166,10.465266032885506,,,,,30.0
1141,2021-08,0.0,0.0021821681979593,9.465741531260951,,,,,80.0
1142,2021-08,0.0,0.0039827912356773,10.344504497897267,,,,,80.0
1143,2021-08,0.0,0.0052603784406528,10.102542324818188,,,,,80.0
1144,2021-08,0.0,0.0038758340991383,9.8872067362753,,,,,80.0
1145,2021-08,0.0,0.0043158197826084,10.42705028082737,,,,,80.0
1146,2021-08,0.0,0.0028041674213454,10.777255568965812,,,,,30.0
1147,2021-08,0.0,0.0029786659009627,10.32929252433096,,,,,80.0
1148,2021-08,0.0,0.0038769653456256,11.549337732224265,,,,,80.0
1149,2021-08,0.0,0.0021811909879977,10.43168218253224,,,,,80.0
1150,2021-08,0.0,0.0,,,,,,30.0
1151,2021-08,0.0,0.0032906561858302,11.670850441729966,,,,,80.0
1152,2021-08,0.0,0.0038316652424747,11.258314561741347,,,,,80.0
1153,2021-08,0.0,0.0038710145669028,11.682877169373242,,,,,80.0
1154,2021-08,0.0,0.0036606936173484,12.040967171508369,,,,,80.0
1155,2021-08,0.0,0.002243698642185,10.95123706435844,,,,,30.0
1156,2021-08,0.0,0.0029652220689765,11.164429473095677,,,,,80.0
1157,2021-08,0.0,0.0037401615099952,11.610329010666078,,,,,30.0
1158,2021-08,0.0,0.0024681696525346,11.302748575518224,,,,,30.0
1159,2021-08,0.0,0.0024399891376974,12.32177170966549,,,,,80.0
1160,2021-08,0.0,0.002739103130807,12.083649428172798,,,,,80.0
1161,2021-08,0.0,0.0019128231100088,11.46757351561875,,,,,80.0
1162,2021-08,0.0,0.0,,,,,,30.0
1163,2021-08,0.0,0.0022912439082054,12.747135813176442,,,,,80.0
1164,2021-08,0.0,0.0027454158680484,12.446953079606487,,,,,80.0
1165,2021-08,0.0,0.001071998702173,5.562935539983954,,,,,80.0
1166,2021-08,0.0,0.0013708371437436,5.472376431701036,,,,,80.0
1167,2021-08,0.0,0.0,5.536118136170131,,,,,80.0
1168,2021-08,0.0,0.0012568308429763,7.559127733784379,,,,,80.0
1169,2021-08,0.0,0.001229642184262,9.142322808269114,,,,,80.0
1170,2021-08,0.0,0.0012531372176454,8.794008078626433,,,,,80.0
1171,2021-08,0.0,0.0020736081914947,7.758636564849553,,,,,80.0
1172,2021-08,0.0,0.0015098208950803,9.746896813505458,,,,,80.0
1173,2021-08,0.0,0.0047109535353229,6.1524307989305385,,,,,100.0
1174,2021-08,0.0,0.0053618362562701,6.084890257585887,,,,,100.0
1175,2021-08,0.0,0.0012428336855615,10.4459777421849,,,,,80.0
1176,2021-08,0.0,0.0020729413645312,,,,,,80.0
1177,2021-08,0.0,0.0022312575098718,9.998996947914064,,,,,80.0
1178,2021-08,0.0,0.0042445620911166,9.650566535867688,,,,,30.0
1179,2021-08,0.0,0.0019291861372039,10.241546721099551,,,,,80.0
1180,2021-08,0.0,0.0044208788391794,10.299129781415402,,,,,30.0
1181,2021-08,0.0,0.0043269108749276,10.375572048720509,,,,,30.0
1182,2021-08,0.0,0.0022272677239622,10.106756157003446,,,,,80.0
1183,2021-08,0.0,0.0017877095457758,10.061264620545105,,,,,30.0
1184,2021-08,0.0,0.0025741779324259,10.64125611500076,,,,,30.0
1185,2021-08,0.0,0.0032558588700339,11.250371223367694,,,,,80.0
1186,2021-08,0.0,0.0022581106441066,10.62923494564592,,,,,30.0
1187,2021-08,0.0,0.0039685416735058,10.766207549392533,,,,,80.0
1188,2021-08,0.0,0.0036904288845107,10.955514102511964,,,,,30.0
1189,2021-08,0.0,0.0038402097688958,11.73329013017775,,,,,80.0
1190,2021-08,0.0,0.0022732936855997,11.089162656019392,,,,,30.0
1191,2021-08,0.0,0.0023815898613975,11.377018953822445,,,,,30.0
1192,2021-08,0.0,0.0,,,,,,30.0
1193,2021-08,0.0,0.0031189842538879,12.262326763522264,,,,,80.0
1194,2021-08,0.0,0.0031677830732708,11.978749027047115,,,,,80.0
1195,2021-08,0.0,0.0016450507955596,11.523724717991351,,,,,30.0
1196,2021-08,0.0,0.0022244427121525,11.700371398378875,,,,,80.0
1197,2021-08,0.0,0.0017758904414222,11.84873976895462,,,,,30.0
1198,2021-08,0.0,0.0022629125433013,12.715748757529886,,,,,80.0
1199,2021-08,0.0,0.0,,,,,,80.0
1200,2021-08,0.0,0.0039816273765609,,,,,,30.0
1201,2021-08,0.0,0.0044721810536429,10.123536230928153,,,,,100.0
1202,2021-08,0.0,0.003769706255168,11.326609777635166,,,,,80.0
1203,2021-08,0.0,0.0,,,,,,30.0
1204,2021-08,0.0,0.0021782590465591,,,,,,30.0
1205,2021-08,0.0,0.0,,,,,,30.0
1206,2021-08,0.0,0.0005009466639291,4.222799083750756,,,,,100.0
1207,2021-08,0.0,0.0010682514326617,6.886613574457107,,,,,80.0
1208,2021-08,0.0,0.0021836433328038,3.284228277719172,,,,,100.0
1209,2021-08,0.0,0.0014965100603149,5.457154132473886,,,,,100.0
1210,2021-08,0.0,0.0019510622835999,4.944589778355213,,,,,100.0
1211,2021-08,0.0,0.0019281337426946,5.807158857776311,,,,,100.0
1212,2021-08,0.0,0.0013674701021955,6.240626074678175,,,,,100.0
1213,2021-08,0.0,0.0014359204487846,5.68202197401573,,,,,100.0
1214,2021-08,0.0,0.0011832656728074,6.832510761548136,,,,,80.0
1215,2021-08,0.0,0.0012012633485158,6.286848370405096,,,,,100.0
1216,2021-08,0.0,0.0011718588339135,6.235324810397264,,,,,80.0
1217,2021-08,0.0,0.000609127036417,7.282615286987759,,,,,100.0
1218,2021-08,0.0,0.000483378620629,7.891268365784811,,,,,100.0
1219,2021-08,0.0,0.0052510617550868,5.969885358209822,,,,,80.0
1220,2021-08,0.0,0.0050190071825899,7.319442389995655,,,,,100.0
1221,2021-08,0.0,0.0033135612461178,6.260686940391764,,,,,80.0
1222,2021-08,0.0,0.0039794539357639,7.127521610992501,,,,,80.0
1223,2021-08,0.0,0.0037782898561999,6.975197679568575,,,,,100.0
1224,2021-08,0.0,0.0030736102180526,5.986349675988651,,,,,100.0
1225,2021-08,0.0,0.0041831000165984,7.111054082070643,,,,,80.0
1226,2021-08,0.0,0.0,7.400882606096161,,,,,80.0
1232,2021-08,0.0,0.004478092158024,5.703128262318178,,,,,100.0
1233,2021-08,0.0,0.0,,,,,,100.0
1234,2021-08,0.0,0.0,,,,,,100.0
1235,2021-08,0.0,0.0,,,,,,100.0
1236,2021-08,0.0,0.0,,,,,,100.0
1241,2021-08,0.0,0.0017677227424428,6.857983048024465,,,,,70.0
1242,2021-08,0.0,0.0022635756449744,8.102427779987305,,,,,100.0
1243,2021-08,0.0,0.0030772278888535,8.766598699426169,,,,,30.0
1244,2021-08,0.0,0.0018684585834957,8.9336471405264,,,,,100.0
1245,2021-08,0.0,0.0020958895666909,7.795825819961875,,,,,100.0
1246,2021-08,0.0,0.0,,,,,,100.0
1247,2021-08,0.0,0.0013963429646537,4.4675402159332265,,,,,100.0
1248,2021-08,0.0,0.0,,,,,,100.0
1249,2021-08,0.0,0.0,,,,,,100.0
1250,2021-08,0.0,0.0,,,,,,100.0
1251,2021-08,0.0,0.0039374230818793,4.205767743744998,,,,,70.0
1252,2021-08,0.0,0.0,,,,,,100.0
1253,2021-08,0.0,0.0051404022069618,6.536001578710421,,,,,100.0
1256,2021-08,0.0,0.0,,,,,,100.0
1650,2021-08,0.0,0.0,23.69509596206676,,,,,
1654,2021-08,0.0,0.0,26.90465694140365,,,,,
453,2021-09,3639742.82197097,0.0013634430670571,16.48653640137963,,,,,40.0
454,2021-09,0.0,0.0043364055098728,10.649962712511629,0.0566882189214066,6.51577333749263,10.615505929804746,3.159041329283639,80.0
455,2021-09,0.0,0.0032418843715338,10.938281662329386,,,,,80.0
456,2021-09,0.0,0.0031539030517973,11.67809013423052,0.060966326082516,4.657325144417564,10.429141173498142,2.2503956216139565,80.0
457,2021-09,0.0,0.0022273014673028,13.256172975246228,0.0747951363461291,6.9900311146857295,13.384227898589552,1.8265816690972112,10.0
458,2021-09,0.0,0.0019989958372236,13.03334514797739,,,,,80.0
459,2021-09,0.0,0.0,,,,,,10.0
460,2021-09,0.0,0.0015128754574834,14.384450598739608,,,,,80.0
461,2021-09,0.0,0.0011926606557704,14.936149648878336,0.1083381337148381,36.85319137573242,,21.69828224182129,80.0
462,2021-09,0.0,0.0005938207689121,15.384413838081796,0.0931653072578606,,,,10.0
463,2021-09,0.0,0.0005125464081625,16.477835124006912,,,,,80.0
464,2021-09,0.0,0.0030790124279698,14.60508996218338,,,,,10.0
465,2021-09,951285.0574532254,0.0026478665177069,16.387760826047344,,,,,10.0
466,2021-09,0.0,0.0031677715360851,16.90088739170372,,,,,10.0
467,2021-09,0.0,0.0057731710373142,7.997382728055011,,,,,80.0
468,2021-09,0.0,0.005033257603524,9.227944995738875,,,,,80.0
469,2021-09,0.0,0.0027123971876641,11.761443298867682,,,,,10.0
470,2021-09,0.0,0.0024539657645488,11.77238966623944,0.0617662383742367,24.83791507578102,13.9088113007921,4.210690051508759,10.0
471,2021-09,0.0,0.0025992810724953,11.94222368075526,,,,,10.0
472,2021-09,0.0,0.0022612156010906,11.669357974233218,0.0550251742521397,20.38637311025112,14.212677654364672,2.053026695554053,10.0
473,2021-09,0.0,0.0018763912219583,11.340217268754907,,,,,80.0
474,2021-09,0.0,0.001870993635999,11.857194082472086,,,,,10.0
475,2021-09,451118.4886928097,0.0027611462841637,11.945413668468769,0.0744968279322809,16.508124963055852,13.999532697746606,3.9683767423320178,10.0
476,2021-09,8430276.523404306,0.0020357280516856,12.437295252867438,,,,,10.0
477,2021-09,0.0,0.0028163418882156,12.50707817950282,0.0593318556712954,45.734466579657685,14.121161076630944,8.311298813984207,10.0
478,2021-09,0.0,0.002381006191728,12.150747251143445,0.0545302194772808,55.969981766370616,12.925076266579373,7.622332432582802,10.0
479,2021-09,0.0,0.0030068780435447,12.364445845709929,0.0803756594667118,58.09721802748921,13.139239807745264,9.290345638831733,10.0
480,2021-09,2106841.504918064,0.0026038788066776,12.775389566774743,0.0598198648492624,52.06346446330695,12.59827953201626,10.476679725911264,10.0
481,2021-09,0.0,0.0012676860276256,13.160857111142024,,,,,10.0
482,2021-09,0.0,0.0020979399481196,12.840870131975358,0.0848277743296257,45.771383634528725,13.52624951081449,3.920350690955829,10.0
483,2021-09,0.0,0.0026514001189449,12.742892957616766,0.0564049984025237,3.589700839883782,13.894993038515343,1.1607106889409031,10.0
484,2021-09,0.0,0.0016157557565747,12.656328410194062,,,,,10.0
485,2021-09,0.0,0.0020376161449218,13.13174228668215,0.0529776609389204,27.843565386316936,13.136169796361536,3.435140296883906,10.0
486,2021-09,0.0,0.0015673087701644,13.21469162599543,0.0795078431167862,8.535746720655334,12.81892231288271,2.21456514710463,10.0
487,2021-09,0.0,0.0014916896197973,12.977380307515482,,,,,10.0
488,2021-09,0.0,0.0019975113646742,12.73590041345041,0.0689903415036275,15.605915251160818,13.648112419656067,1.793642035203112,10.0
489,2021-09,0.0,0.0016307245461156,13.518726252694432,,,,,10.0
490,2021-09,0.0,0.0021260314839398,12.038516199266605,0.0562940921841932,42.91450851467789,12.052862337041562,8.533023635541667,10.0
491,2021-09,0.0,0.0014301937592996,13.265680721241964,0.0754642621304899,11.37704934211778,12.965018593646612,2.314002251470249,10.0
492,2021-09,0.0,0.000992700954157,13.087719210871969,,,,,10.0
493,2021-09,0.0,0.0021093689129801,13.09923798813782,0.0933147902769399,7.663227097988479,13.52171989622639,0.8994830210585626,10.0
494,2021-09,0.0,0.0020943402719958,13.11505757483886,0.0663985443386833,13.30000253208436,13.932489308816171,1.4147882083274224,80.0
495,2021-09,0.0,0.0010776617873489,13.391302257114011,,,,,10.0
496,2021-09,0.0,0.0016938361855459,13.633026121120276,,,,,10.0
497,2021-09,0.0,0.0016818163294374,12.51314636654326,0.0534802595956248,5.778201895683044,13.607462173344716,0.9008218919857134,10.0
498,2021-09,0.0,0.0017965381342946,13.809799469841876,0.0851990546490546,3.437552781332107,14.93333943684896,1.088744900375605,80.0
499,2021-09,0.0,0.0010230333321357,13.909354082743356,,,,,80.0
500,2021-09,0.0,0.0024408044913191,13.131756836476974,0.0879944019248014,16.479997753604,11.835035661125383,3.5482981639897675,10.0
501,2021-09,471791.5684919854,0.001401998599249,13.821790473629754,0.076343708907857,7.328073786128024,12.603795066541284,1.9658244751943508,80.0
502,2021-09,0.0,0.0016564210254728,13.98059211307104,,,,,10.0
503,2021-09,0.0,0.0012532570708572,13.945712857187548,0.1171219451527199,21.324372088446346,12.494205810171549,2.8304738206603752,10.0
504,2021-09,0.0,0.0010646842064098,13.92473855094307,,,,,10.0
505,2021-09,0.0,0.0009975786009211,13.501119969214946,,,,,10.0
506,2021-09,0.0,0.0013308343786775,12.933060103522417,,,,,10.0
507,2021-09,0.0,0.0014465517165676,13.066114991342946,,,,,10.0
508,2021-09,0.0,0.0016119882463196,14.146229643039623,,,,,10.0
509,2021-09,0.0,0.0014268760878621,14.262896438881228,,,,,10.0
510,2021-09,0.0,0.0017575142283021,14.413213708665658,,,,,80.0
511,2021-09,0.0,0.0012948257226526,12.72967251671688,,,,,10.0
512,2021-09,0.0,0.0023996462423383,13.123685646057153,0.0896659591697591,6.188850498980359,13.188267669382718,2.463578099874321,10.0
513,2021-09,0.0,0.0019359046356588,13.405041965361592,,,,,10.0
514,2021-09,0.0,0.001632683475691,14.230631446838402,,,,,10.0
515,2021-09,0.0,0.0011068885523854,13.978408241271996,,,,,10.0
516,2021-09,0.0,0.0013384946398998,14.23062854040239,0.0822929769226443,13.521410592952703,12.797677526798395,7.658495897541823,10.0
517,2021-09,0.0,0.0011233394343435,13.975061423690258,,,,,10.0
518,2021-09,0.0,0.0011596101024527,12.96381587376673,,,,,10.0
519,2021-09,0.0,0.0024171565968572,13.2656753921509,0.0822067314472638,6.928538115099959,13.446815737255504,1.8344337256704648,10.0
520,2021-09,0.0,0.0023706135210993,12.85388398532982,,,,,80.0
521,2021-09,0.0,0.0010852973429371,14.691761723578288,0.1180637477190204,11.665228069401588,13.936624525321696,3.3753588283297424,40.0
522,2021-09,0.0,0.0005951305229245,13.065063141716882,,,,,30.0
523,2021-09,0.0,0.0013707936449786,13.482504130632472,,,,,10.0
524,2021-09,0.0,0.0012322449530097,13.520774336920876,,,,,10.0
525,2021-09,0.0,0.0007460236392944,14.56189314524335,0.1056445018870136,,,,10.0
526,2021-09,0.0,0.0020014524458626,13.170357738071038,,,,,80.0
527,2021-09,0.0,0.0003818104663272,15.420330068800206,,,,,10.0
528,2021-09,0.0,0.0004053115079351,15.5167625639174,,,,,10.0
529,2021-09,0.0,0.00459566655601,11.54750888824466,,,,,80.0
530,2021-09,0.0,0.0004983556766092,14.670918869677912,0.1067631215671934,63.1427173787004,13.016159852602309,7.407337828399931,40.0
531,2021-09,0.0,0.0005591765044907,14.771262800205545,0.1195374578143265,82.51924725593219,13.298715999737729,9.001700313510716,40.0
532,2021-09,0.0,0.0003504758078634,15.736803231415958,,,,,80.0
533,2021-09,0.0,0.0006118446587303,15.9123009290732,,,,,10.0
534,2021-09,0.0,0.0003107819901056,15.590050973438103,,,,,40.0
535,2021-09,4221650.674891474,0.0005722493347854,14.430691836869256,0.1152275474113797,8.47067708588307,16.663619717717687,3.334773304809078,30.0
536,2021-09,0.0,0.0038999014556723,13.94521699963196,,,,,10.0
537,2021-09,0.0,0.0020322134096204,14.204546528098057,,,,,80.0
538,2021-09,0.0,0.0005600215245067,16.28449926729558,,,,,30.0
539,2021-09,0.0,0.0049591590959607,13.69545892079674,,,,,10.0
540,2021-09,0.0,0.0,,,,,,30.0
541,2021-09,0.0,0.0004867987176023,15.77511535122107,0.1045168268713033,31.677323649719156,16.014540078966736,4.419758836837015,40.0
542,2021-09,0.0,0.0046963294345914,14.041981273227291,,,,,10.0
543,2021-09,0.0,0.0038628005731879,14.89799391428631,,,,,10.0
544,2021-09,0.0,0.0050181838118709,12.734743464434612,,,,,10.0
545,2021-09,0.0,0.0040261868386248,16.083450982474858,,,,,10.0
546,2021-09,0.0,0.0037304057676374,12.836926884121388,,,,,10.0
547,2021-09,0.0,0.0011596837586311,17.500717438591867,,,,,80.0
548,2021-09,0.0,0.0054763038951932,9.139893870883526,,,,,80.0
549,2021-09,0.0,0.0053182721136787,9.15524353451204,,,,,80.0
550,2021-09,0.0,0.0044285734493314,8.872201813591857,,,,,80.0
551,2021-09,0.0,0.0041287136573373,9.587158591658996,,,,,30.0
552,2021-09,0.0,0.0027309884626447,9.468928972880065,,,,,80.0
553,2021-09,0.0,0.0028225759663958,11.59701373488815,,,,,10.0
554,2021-09,0.0,0.0023322184879361,11.200861210293285,,,,,80.0
555,2021-09,0.0,0.002097012599188,11.70105381011966,0.0505335143688045,40.55660104662196,13.83081835430826,9.553580895525544,10.0
556,2021-09,0.0,0.0019700436363824,11.565285580952995,,,,,20.0
557,2021-09,0.0,0.0024157182090545,11.533302074008532,,,,,10.0
558,2021-09,0.0,0.0024098952610074,12.00942150398538,,,,,10.0
559,2021-09,0.0,0.0020019267994939,11.86929382748076,,,,,10.0
560,2021-09,0.0,0.003035160899041,12.323199173256228,0.0697108675255026,46.745138355572045,13.750565674630495,7.371211375826392,10.0
561,2021-09,0.0,0.0028379564482747,12.65182511364975,0.0709014395435208,7.069587334492471,14.926489521656936,6.224445351657962,10.0
562,2021-09,0.0,0.0,,,,,,30.0
563,2021-09,0.0,0.0026212761798281,12.593088722229028,0.0606568233674173,62.99177321553575,12.118001514348425,13.499084395957416,10.0
564,2021-09,0.0,0.0017671441037236,12.033059289720342,,,,,80.0
565,2021-09,0.0,0.0014495333034574,12.21127380794951,,,,,80.0
566,2021-09,0.0,0.0020203818876325,12.224489139980756,,,,,10.0
567,2021-09,0.0,0.0014595021802961,12.369584083557148,,,,,80.0
568,2021-09,1209127.9431574335,0.0027095307905256,12.821653853522434,0.0573895830852096,23.10679380356589,13.40832265774895,3.89031431456393,10.0
569,2021-09,0.0,0.0017831539113103,12.388963917048311,0.0689256258360024,8.225210816890177,14.342164138068178,1.4540212584986387,10.0
570,2021-09,0.0,0.0016176631052076,12.663986933672884,,,,,80.0
571,2021-09,0.0,0.0015092199046193,12.322309933011516,,,,,10.0
572,2021-09,0.0,0.0016126368289126,12.60129039401102,0.0972263071288139,30.911470556166304,14.70689662772356,3.1359455165904544,10.0
573,2021-09,0.0,0.0015157354373513,12.451669587029356,,,,,80.0
574,2021-09,0.0,0.0014886736868599,,,,,,10.0
575,2021-09,0.0,0.0024405611056863,12.465880199008552,0.0817186111299321,37.520766213261496,11.445253455335202,4.832192429577308,10.0
576,2021-09,0.0,0.0014904295403539,12.567695384555408,,,,,10.0
577,2021-09,0.0,0.0015643119810799,13.149023645189096,,,,,10.0
578,2021-09,0.0,0.0012008291978418,13.08855482737225,0.0648538845921035,13.728600378564812,14.708366991693424,2.5203338572182883,10.0
579,2021-09,0.0,0.0015184909104088,13.085108714633549,,,,,10.0
580,2021-09,0.0,0.0017096882063924,13.200448431792102,0.0839695410956241,64.53949380905436,12.617454220701047,8.695920714285649,10.0
581,2021-09,0.0,0.0010316501059908,13.145280562506812,,,,,10.0
582,2021-09,0.0,0.0012724010716088,13.829507043626595,,,,,10.0
583,2021-09,0.0,0.0013317147889514,13.112119890848817,0.0740107695532877,25.800165490229645,12.203721178197652,3.6493572126157865,10.0
584,2021-09,0.0,0.0012562689680635,13.935856056213424,0.0841433683759833,15.19805773008075,12.167087394023463,11.24935714840884,10.0
585,2021-09,0.0,0.0023562130827485,11.217240721081955,,,,,20.0
586,2021-09,0.0,0.0010307932892222,12.693581072489453,,,,,10.0
587,2021-09,0.0,0.0,14.522461326033996,,,,,80.0
588,2021-09,0.0,0.0019874443609296,12.961881446838404,0.0919482396109909,6.336632307919859,13.259677338201843,2.877688458192914,10.0
589,2021-09,0.0,0.0021872003871976,13.030153338114443,0.082896639626916,12.119962396144135,14.023231063407794,2.554693423258372,10.0
590,2021-09,0.0,0.0038109799224912,10.44957036517918,,,,,20.0
591,2021-09,0.0,0.0011389662820874,12.905012505142793,,,,,10.0
592,2021-09,0.0,0.0013642028682495,12.776582781473817,,,,,10.0
593,2021-09,0.0,0.0013721992570935,14.624928593105768,,,,,20.0
594,2021-09,0.0,0.0009946306545316,13.032594066196054,0.0737771920165925,6.687861197546164,15.48247942928398,1.295303576762488,10.0
595,2021-09,0.0,0.0010259499151288,12.910115690079968,0.0659046226115945,22.84750274599389,15.162445057034438,3.3778229557755783,10.0
596,2021-09,0.0,0.0010632057983457,13.241592004564094,0.0937237610219347,52.44768404201506,12.621043046155192,58.36304951410927,40.0
597,2021-09,0.0,0.0009763797123014,13.51183940039743,0.0760039567819849,7.945762876159445,12.611336964154326,11.141688489161332,40.0
598,2021-09,0.0,0.0015582015115796,12.347964753045003,,,,,80.0
599,2021-09,0.0,0.0014936084547419,13.380642297532845,,,,,10.0
600,2021-09,0.0,0.0008120467264234,15.005595729969192,,,,,10.0
601,2021-09,0.0,0.0008288515109597,15.037471453348816,,,,,10.0
602,2021-09,0.0,0.0012036840119738,14.111830672664944,,,,,10.0
603,2021-09,0.0,0.0008038510877668,14.280103289286297,0.0966931095503886,4.220809882334197,14.184574398401413,3.896296149783891,40.0
604,2021-09,0.0,0.0011948128540097,14.054941071404356,0.1062945418586944,7.784983622097986,14.482234942316648,1.266471090228375,40.0
605,2021-09,0.0,0.0016237080095985,13.61025067788584,,,,,10.0
606,2021-09,0.0,0.0009368756163894,14.331175940713788,0.1122875508792651,32.10511410735822,13.440019007964374,3.6699415797701618,40.0
607,2021-09,0.0,0.0012028371293126,12.164196713765495,,,,,80.0
608,2021-09,0.0,0.0005846003690142,15.370605405171744,,,,,80.0
609,2021-09,0.0,0.0008938242990552,13.301969608730769,,,,,80.0
610,2021-09,0.0,0.0010970364013094,12.094555600484227,,,,,40.0
611,2021-09,0.0,0.0007862744908131,13.536884282815352,,,,,30.0
612,2021-09,0.0,0.0045029972989141,12.57515930599638,,,,,10.0
613,2021-09,0.0,0.0009735097486554,14.830641845420567,0.083263006461291,27.79932282922035,13.63306615659284,8.609831139158953,40.0
614,2021-09,0.0,0.0024804254371701,13.814313358730772,,,,,10.0
615,2021-09,0.0,0.0015325923759519,14.290780236985974,,,,,10.0
616,2021-09,0.0,0.0044397314388334,13.458429569668263,,,,,10.0
617,2021-09,0.0,0.0018812880628372,14.522343211703848,,,,,10.0
618,2021-09,0.0,0.000423051913458,16.4435722563002,,,,,30.0
619,2021-09,0.0,0.0043022563058912,13.639986101786311,,,,,10.0
620,2021-09,0.0,0.0005814264216799,15.5542213086729,,,,,30.0
621,2021-09,0.0,0.00360597471384,14.849397044711663,,,,,10.0
622,2021-09,0.0,0.0004514647025644,16.62821072472468,0.1300012774832475,,,,40.0
623,2021-09,0.0,0.0034998262920756,13.09759650760229,,,,,10.0
624,2021-09,0.0,0.0012375866372167,16.39606574588354,,,,,10.0
625,2021-09,0.0,0.004254532853641,12.729932933383536,,,,,10.0
626,2021-09,0.0,0.0046146396641863,12.93132918524366,,,,,10.0
627,2021-09,0.0,0.0028613065678655,16.013553810119646,,,,,10.0
628,2021-09,0.0,0.0033124019701062,17.52120354970299,,,,,10.0
629,2021-09,0.0,0.0031261501487649,18.50434623633494,,,,,40.0
630,2021-09,0.0,0.0010699411232053,,,,,,80.0
631,2021-09,0.0,0.0015774001676618,13.09598653581412,,,,,10.0
632,2021-09,0.0,0.0,,,,,,10.0
633,2021-09,0.0,0.0029921353986398,15.772535677928383,,,,,80.0
634,2021-09,0.0,0.0023541754813565,18.58317645159574,,,,,80.0
635,2021-09,0.0,0.0039495679004643,18.796968491934145,,,,,80.0
636,2021-09,0.0,0.0043268116734957,17.098003398775703,,,,,80.0
637,2021-09,4312961.641881787,0.003420851385234,19.506115009521015,,,,,80.0
638,2021-09,0.0,0.0047456643913451,8.785082435607933,,,,,80.0
639,2021-09,0.0,0.0050432836014806,8.261290867928967,,,,,80.0
640,2021-09,0.0,0.0,,,,,,80.0
641,2021-09,0.0,0.0,,,,,,80.0
642,2021-09,0.0,0.0043010516161377,11.126923403789108,,,,,80.0
643,2021-09,0.0,0.0,,,,,,80.0
644,2021-09,0.0,0.0,11.115363163418236,,,,,80.0
645,2021-09,0.0,0.0056291157289836,10.907323028074954,,,,,80.0
646,2021-09,0.0,0.0,,,,,,10.0
647,2021-09,0.0,0.0,,,,,,80.0
648,2021-09,0.0,0.0,,,,,,10.0
649,2021-09,0.0,0.0045803489540891,8.942106518779129,,,,,80.0
650,2021-09,0.0,0.0,,,,,,10.0
651,2021-09,0.0,0.0064198495394138,11.768474447223523,,,,,80.0
652,2021-09,0.0,0.0068336506683408,,,,,,10.0
653,2021-09,0.0,0.0,,,,,,10.0
654,2021-09,0.0,0.0048878530584219,10.19671588089822,,,,,10.0
655,2021-09,0.0,0.0,,,,,,10.0
656,2021-09,0.0,0.0042363777654109,14.468837256449868,,,,,10.0
657,2021-09,0.0,0.0053681740572595,13.295608664147672,,,,,10.0
658,2021-09,0.0,0.0054378849086126,12.513532211095807,,,,,10.0
659,2021-09,0.0,0.0045553208638011,16.90957727721246,,,,,10.0
660,2021-09,0.0,0.0034415765711872,16.763918291727723,,,,,10.0
661,2021-09,0.0,0.0046522626279571,18.67582234636806,,,,,40.0
662,2021-09,0.0,0.0023588534857279,5.885735681321918,,,,,80.0
663,2021-09,0.0,0.0024271671185201,6.072028654593036,,,,,80.0
664,2021-09,0.0,0.0035839035304712,7.810280667999667,,,,,80.0
665,2021-09,0.0,0.0030891360092937,8.432620288707616,,,,,10.0
666,2021-09,0.0,0.0035788852306318,8.4723663431435,,,,,80.0
667,2021-09,0.0,0.0032761857621933,9.3739044401381,,,,,80.0
668,2021-09,0.0,0.003596006830412,8.426800376649908,,,,,10.0
669,2021-09,0.0,0.0047034933945922,8.785204381589553,,,,,80.0
670,2021-09,0.0,0.0041426872212468,8.498119859846838,,,,,80.0
671,2021-09,0.0,0.0,,,,,,80.0
672,2021-09,0.0,0.0053795953590451,,,,,,80.0
673,2021-09,0.0,0.0,,,,,,80.0
674,2021-09,0.0,0.0053710718948423,10.240445378295403,,,,,80.0
675,2021-09,0.0,0.0046055356123287,11.50505830289367,,,,,10.0
676,2021-09,0.0,0.0034260819011878,9.213689861134608,,,,,80.0
677,2021-09,0.0,0.0031301905710279,9.217205068800183,,,,,10.0
678,2021-09,0.0,0.0048461238541979,9.523980341053992,,,,,80.0
679,2021-09,0.0,0.0035885216332714,9.34114451388765,,,,,10.0
680,2021-09,0.0,0.0035809893046958,9.214500533209936,,,,,10.0
681,2021-09,0.0,0.0035100399923785,9.182198723502802,,,,,10.0
682,2021-09,0.0,0.0049865264469672,11.588237928965755,,,,,10.0
683,2021-09,0.0,0.0039067824680387,9.717942059388648,,,,,10.0
684,2021-09,0.0,0.0064536542940913,11.782956117700662,,,,,10.0
685,2021-09,0.0,0.0051822625207379,11.795539684488334,,,,,10.0
686,2021-09,0.0,0.0047111151509996,9.670111627188367,,,,,10.0
687,2021-09,0.0,0.0040989836055814,10.885120508866628,,,,,10.0
688,2021-09,0.0,0.0,,,,,,10.0
689,2021-09,0.0,0.0045096599806129,11.704240039038316,,,,,10.0
690,2021-09,0.0,0.0047472596167305,12.064701836197491,,,,,10.0
691,2021-09,0.0,0.0042835004410533,12.012697578282769,,,,,10.0
692,2021-09,0.0,0.0043295724626659,11.651348556138563,,,,,10.0
693,2021-09,0.0,0.00420333718248,12.20532131747925,,,,,10.0
694,2021-09,0.0,0.0043682495954494,11.764933771846293,,,,,10.0
695,2021-09,0.0,0.0054578632942947,13.13196844615636,,,,,10.0
696,2021-09,0.0,0.0041230830880118,14.037629042731412,,,,,10.0
697,2021-09,0.0,0.0032989094653506,14.061260458739904,,,,,10.0
698,2021-09,0.0,0.0044070536890406,12.883533329433892,,,,,10.0
699,2021-09,0.0,0.0042994740462225,12.92922017839222,,,,,10.0
700,2021-09,0.0,0.0,13.764036666022434,,,,,30.0
701,2021-09,0.0,0.0061482028413593,13.949263445536324,,,,,80.0
702,2021-09,0.0,0.006259437733105,13.21785190582278,,,,,10.0
703,2021-09,0.0,0.0046950037279505,13.528289299781898,,,,,10.0
704,2021-09,0.0,0.0071522542584716,13.464558239175837,,,,,10.0
705,2021-09,0.0,0.0,,,,,,10.0
706,2021-09,0.0,0.0040336662738825,13.657085178144747,,,,,10.0
707,2021-09,0.0,0.0037961898426808,13.461474395092646,,,,,10.0
708,2021-09,0.0,0.0029297721459717,16.397397915601356,,,,,10.0
709,2021-09,0.0,0.0054826708545827,14.812760488722082,,,,,10.0
710,2021-09,0.0,0.0032430705923616,16.069556278652627,,,,,10.0
711,2021-09,0.0,0.0034264401696796,16.92017654520888,,,,,10.0
712,2021-09,0.0,0.0041220255848441,16.793771116142636,,,,,10.0
713,2021-09,0.0,0.0019022845620916,18.176003155092012,,,,,40.0
714,2021-09,0.0,0.0029014100629865,17.509326786465138,,,,,10.0
715,2021-09,0.0,0.0040494990844308,16.753736305236842,,,,,10.0
716,2021-09,0.0,0.0032722850639402,17.19366665734188,,,,,10.0
717,2021-09,0.0,0.0036625896889745,17.380388953193812,,,,,10.0
718,2021-09,0.0,0.0036689153887556,17.53870800419859,,,,,10.0
719,2021-09,0.0,0.0023923595745145,5.6798040813870045,,,,,80.0
720,2021-09,0.0,0.0032309641439496,5.908067699008552,,,,,30.0
721,2021-09,0.0,0.0029009213048993,7.419291114807152,,,,,80.0
722,2021-09,0.0,0.0035082404810964,7.592671648661337,,,,,80.0
723,2021-09,0.0,0.0046854098636686,7.462595784222657,,,,,10.0
724,2021-09,0.0,0.0030804728467046,8.027328766716863,,,,,80.0
725,2021-09,0.0,0.0032153209049283,,,,,,80.0
726,2021-09,0.0,0.0032766789196709,10.760873688591856,,,,,80.0
727,2021-09,0.0,0.0034785528976499,8.938941722446046,,,,,10.0
728,2021-09,0.0,0.0037484142041129,11.21201417408294,,,,,10.0
729,2021-09,0.0,0.0050492962200223,11.873808394538043,,,,,10.0
730,2021-09,0.0,0.0055468310911237,11.654069760640482,,,,,10.0
731,2021-09,0.0,0.0066761304933606,11.975305112202989,,,,,10.0
732,2021-09,0.0,0.0053075892228662,10.714000949153217,,,,,10.0
733,2021-09,0.0,0.0039935742362572,10.231200998323486,,,,,10.0
734,2021-09,0.0,0.0059945215780317,12.335926585727291,,,,,10.0
735,2021-09,0.0,0.0053245007990578,11.97489007314048,,,,,10.0
736,2021-09,0.0,0.0042016821601767,12.207530092310042,,,,,10.0
737,2021-09,0.0,0.0041526635486661,14.705570411682135,,,,,10.0
738,2021-09,0.0,0.0051682819921552,12.679981083340138,,,,,10.0
739,2021-09,0.0,0.0041785945493757,12.202635298834924,,,,,10.0
740,2021-09,0.0,0.0055053293703773,13.284622467888749,,,,,10.0
741,2021-09,0.0,0.0058361781138955,13.788836606343622,,,,,10.0
742,2021-09,0.0,0.0046256098481131,13.171522560119644,,,,,10.0
743,2021-09,0.0,0.0044674307106712,14.183209164937352,,,,,80.0
744,2021-09,0.0,0.0064333955445666,13.57179816775854,,,,,30.0
745,2021-09,0.0,0.0049224128324567,12.879295455084929,,,,,10.0
746,2021-09,0.0,0.0061342348653852,12.89912170834016,,,,,10.0
747,2021-09,0.0,0.0018251021701871,15.818179306151396,,,,,10.0
748,2021-09,0.0,0.0046748225886403,16.302846887376596,,,,,10.0
749,2021-09,0.0,0.0030940552551328,16.13572449154327,,,,,10.0
750,2021-09,0.0,0.0,16.369076813591846,,,,,10.0
751,2021-09,0.0,0.0018244539696752,16.09463472013122,,,,,10.0
752,2021-09,0.0,0.0020746320484856,15.98466087688101,,,,,10.0
753,2021-09,0.0,0.0026410316426336,16.658475082303298,,,,,10.0
754,2021-09,0.0,0.0023196220396736,16.269887903001575,,,,,10.0
755,2021-09,0.0,0.0,,,,,,100.0
756,2021-09,0.0,0.0035112430650769,,,,,,30.0
757,2021-09,0.0,0.003918394942957,,,,,,80.0
758,2021-09,0.0,0.0,8.490197690327989,,,,,10.0
759,2021-09,0.0,0.0,,,,,,80.0
760,2021-09,0.0,0.0,,,,,,80.0
761,2021-09,0.0,0.004384570320326,,,,,,10.0
762,2021-09,0.0,0.0058041890461026,12.565246518452966,,,,,10.0
763,2021-09,0.0,0.0,,,,,,10.0
764,2021-09,0.0,0.0,,,,,,10.0
765,2021-09,0.0,0.0,16.79563660091827,,,,,10.0
766,2021-09,0.0,0.0,,,,,,80.0
767,2021-09,0.0,0.0044653594492653,16.65238392441364,,,,,10.0
768,2021-09,0.0,0.0,,,,,,10.0
769,2021-09,0.0,0.004142664869505,,,,,,10.0
770,2021-09,0.0,0.0044361879427015,,,,,,10.0
771,2021-09,0.0,0.0,,,,,,10.0
772,2021-09,0.0,0.0,,,,,,10.0
773,2021-09,0.0,0.0067384755763039,26.08870478736032,,,,,30.0
774,2021-09,0.0,0.0046256226796685,17.254853926764618,,,,,10.0
775,2021-09,0.0,0.0016573746997892,23.724146122402612,,,,,10.0
776,2021-09,0.0,0.0028089364368497,24.00006217721071,,,,,10.0
777,2021-09,0.0,0.0027943839628278,24.04394050174291,,,,,80.0
778,2021-09,0.0,0.0045711440343438,25.427169804043263,,,,,10.0
779,2021-09,0.0,0.0055617590744077,25.5271464750502,,,,,10.0
780,2021-09,0.0,0.007197485934999,25.792148490179184,,,,,30.0
781,2021-09,0.0,0.0042650741834222,15.000436483110729,,,,,10.0
782,2021-09,0.0,0.0061637192963341,15.902689552307152,,,,,10.0
783,2021-09,0.0,0.005242907007414,17.20604241689051,,,,,10.0
784,2021-09,0.0,0.0036289622385083,16.43778341081412,,,,,10.0
785,2021-09,0.0,0.0035558422405301,,,,,,10.0
786,2021-09,0.0,0.0040551987785875,16.04315166858714,,,,,10.0
787,2021-09,0.0,0.005264995495357,17.644732195536335,,,,,10.0
788,2021-09,0.0,0.0,,,,,,10.0
789,2021-09,0.0,0.0013304879266797,23.21341410742866,,,,,80.0
790,2021-09,0.0,0.0054558254422382,25.49840236542719,,,,,10.0
791,2021-09,0.0,0.0072397743660985,25.44742606127706,,,,,10.0
792,2021-09,0.0,0.0071652666974841,25.808251889546742,,,,,10.0
793,2021-09,0.0,0.0,,,,,,10.0
794,2021-09,7408774.184473706,0.0005511757641483,17.52221066505497,0.1147165251970811,,,,30.0
795,2021-09,0.0,0.0011592877368447,19.27475119962708,,,,,30.0
796,2021-09,0.0,0.0003172487019279,15.733410580952988,0.1296854469758325,77.91140304597258,13.411220099227922,21.600161617480698,30.0
797,2021-09,3126137.919230104,0.0002233072134015,16.7069685994068,,,,,30.0
798,2021-09,0.0,0.0031317253906308,16.88974135834497,,,,,10.0
799,2021-09,0.0,0.0035842239855507,17.225925952770115,,,,,10.0
800,2021-09,2458823.255796808,0.0002047150018801,14.906736620208394,,,,,30.0
801,2021-09,0.0,0.0045083865522125,17.80525206005765,,,,,80.0
802,2021-09,0.0,0.0007644634732705,9.69617011783362,,,,,10.0
803,2021-09,0.0,0.0029404460618444,22.082139350856885,,,,,10.0
804,2021-09,0.0,0.0,,,,,,10.0
805,2021-09,0.0,0.0014211634532234,25.63471613048037,,,,,30.0
806,2021-09,0.0,0.0005598048367877,26.41665632118036,,,,,10.0
807,2021-09,1167353.9460205615,0.0005025443591545,26.061225422213937,,,,,30.0
808,2021-09,0.0,0.0043661809327617,23.623955014546738,,,,,10.0
809,2021-09,0.0,0.0065978193033515,24.4264573203193,,,,,10.0
810,2021-09,0.0,0.0074509814932281,25.18059329249435,,,,,40.0
811,2021-09,1875448.845175392,0.0085899341823839,24.886800856584475,,,,,10.0
812,2021-09,0.0,0.006880134840685,25.55643078132913,,,,,80.0
813,2021-09,0.0,0.0064655438446397,25.09116590613996,,,,,90.0
814,2021-09,0.0,0.0,25.57956400977241,,,,,80.0
815,2021-09,0.0,0.003471851845461,16.9977755440606,,,,,10.0
816,2021-09,0.0,0.0036436100799619,,,,,,10.0
817,2021-09,0.0,0.0011294814577061,18.536158670025124,,,,,40.0
818,2021-09,0.0,0.0021462966997205,15.552461687723792,,,,,10.0
819,2021-09,0.0,0.0028070837258079,18.40573588477241,,,,,80.0
820,2021-09,0.0,0.0007350012037932,10.572375848558234,,,,,10.0
821,2021-09,0.0,0.0023246934015332,18.729167959425183,,,,,40.0
822,2021-09,0.0,0.0021749764679649,19.112560971577977,,,,,80.0
823,2021-09,0.0,0.0024022688467084,20.704157786899174,,,,,40.0
824,2021-09,0.0,0.002413921554762,19.387837664286337,,,,,40.0
825,2021-09,0.0,0.0035285693902551,18.72533393436011,,,,,40.0
826,2021-09,0.0,0.0026486766833841,19.28174499935576,,,,,40.0
827,2021-09,0.0,0.0040493637322166,17.14884181855219,,,,,10.0
828,2021-09,0.0,0.002899943788725,18.163604808383536,,,,,10.0
829,2021-09,0.0,0.0035662581522046,20.55414490169952,,,,,40.0
830,2021-09,0.0,0.0005424161750852,26.33108242882625,,,,,10.0
831,2021-09,1034817.725335026,0.0010464086835246,25.71773362281997,,,,,10.0
832,2021-09,0.0,0.0004683141905843,26.95918821405483,,,,,80.0
833,2021-09,0.0,0.0058970456320821,23.578731218973825,,,,,10.0
834,2021-09,0.0,0.0,,,,,,80.0
835,2021-09,0.0,0.0,,,,,,80.0
836,2021-09,0.0,0.0067467226157792,24.68853482140437,,,,,10.0
837,2021-09,0.0,0.0070909825462877,24.61804382748078,,,,,10.0
838,2021-09,0.0,0.0010627066094457,22.697629511797874,,,,,30.0
839,2021-09,0.0,0.003651001055914,20.821890873379203,,,,,40.0
840,2021-09,0.0,0.0037117431559939,20.825246450636143,,,,,40.0
841,2021-09,0.0,0.0038402309019147,,,,,,10.0
842,2021-09,0.0,0.0,,,,,,80.0
843,2021-09,0.0,0.0,,,,,,90.0
844,2021-09,0.0,0.0058441986639081,25.27867425282801,,,,,90.0
845,2021-09,0.0,0.0,25.600847733041828,,,,,
846,2021-09,0.0,0.0,25.72021101850857,,,,,
847,2021-09,0.0,0.0003928914664963,27.78852283313712,,,,,30.0
848,2021-09,6879284.775971645,0.0026209663656543,25.9218193519648,,,,,10.0
849,2021-09,0.0,0.0019369746075436,26.35623498785865,,,,,10.0
850,2021-09,0.0,0.0033895527321874,26.25442729102243,,,,,10.0
851,2021-09,0.0,0.0024125541958277,17.00612583160403,,,,,10.0
852,2021-09,0.0,0.002236050239052,17.86504945069359,,,,,40.0
853,2021-09,0.0,0.0006181535493513,29.177637678920203,,,,,20.0
854,2021-09,0.0,0.0031316794623943,25.02749827995933,,,,,10.0
855,2021-09,0.0,0.0,21.71643794993716,,,,,
856,2021-09,0.0,0.0,22.40587236239589,,,,,
857,2021-09,0.0,0.0,23.104899347900737,,,,,
858,2021-09,0.0,0.0,22.66268915399052,,,,,
859,2021-09,0.0,0.0,26.21728970421688,,,,,
861,2021-09,0.0,0.000574167569357,26.716247077681093,,,,,30.0
862,2021-09,0.0,0.0004178785012217,27.040295949394345,,,,,30.0
863,2021-09,0.0,0.0003444887341694,27.09489671919085,,,,,50.0
864,2021-09,0.0,0.0005815867220504,27.366789758470357,,,,,10.0
865,2021-09,0.0,0.0024913181860029,26.089470015631804,,,,,10.0
866,2021-09,0.0,0.001594327886778,27.47353799910774,,,,,30.0
867,2021-09,0.0,0.0004572768215415,28.46697398177909,,,,,10.0
868,2021-09,0.0,0.0007718518132842,25.974700970645365,,,,,20.0
869,2021-09,0.0,0.0063600445785899,27.300849274529376,,,,,30.0
870,2021-09,0.0,0.0030511622626363,27.71765401628284,,,,,30.0
871,2021-09,0.0,0.003397914767144,27.77855218251551,,,,,30.0
872,2021-09,0.0,0.0036804714888024,27.519837405539,,,,,30.0
873,2021-09,0.0,0.0068310578662931,27.85692674848769,,,,,80.0
874,2021-09,0.0,0.0,27.87859355078805,,,,,
875,2021-09,0.0,0.0,24.67831437146225,,,,,
876,2021-09,0.0,0.0,23.65404351552329,,,,,
877,2021-09,0.0,0.0,27.46430250803633,,,,,
878,2021-09,0.0,0.0,,,,,,
879,2021-09,0.0,0.0,22.66603658464221,,,,,
880,2021-09,0.0,0.0,26.476216958061134,,,,,
881,2021-09,0.0,0.0,21.98352451324464,,,,,
882,2021-09,0.0,0.0042408006057586,26.610113646767385,,,,,30.0
883,2021-09,0.0,0.0022995566840987,25.68768611625392,,,,,10.0
884,2021-09,0.0,0.0038817619282781,27.00290970718653,,,,,10.0
885,2021-09,0.0,0.003047359983005,27.56025569222192,,,,,10.0
886,2021-09,0.0,0.0033008938909701,26.43999712202286,,,,,30.0
887,2021-09,0.0,0.0002376788560508,19.52534930253116,,,,,30.0
888,2021-09,0.0,0.0067358764733922,19.029925247474974,,,,,80.0
889,2021-09,0.0,0.0006048342268265,17.11245690880094,,,,,30.0
890,2021-09,0.0,0.0006986384589254,17.211946822272427,,,,,30.0
891,2021-09,0.0,0.0014807677930043,15.74211175282798,,,,,60.0
892,2021-09,138251237.58833116,0.0011303993251203,15.744865939095904,,,,,30.0
893,2021-09,0.0,0.0015973225545167,15.430753956527612,,,,,10.0
894,2021-09,0.0,0.000827181046963,16.07213709695001,,,,,30.0
895,2021-09,153477329.80257097,0.0010616560775815,16.380672086707868,,,,,30.0
896,2021-09,0.0,0.000130121683656,19.627850232129497,,,,,30.0
897,2021-09,66340927.99639375,0.0006748182076989,16.755176893163632,,,,,10.0
898,2021-09,0.0,0.0006025548980311,17.095624103243413,,,,,30.0
899,2021-09,14407887.268354423,0.0008807708818494,16.840966116780006,,,,,10.0
900,2021-09,0.0,0.0001599180391517,20.39801520123896,,,,,30.0
901,2021-09,50351607.23605894,0.0001948439411434,16.460455743093355,,,,,10.0
902,2021-09,0.0,0.0004934599000989,22.118651409686915,,,,,60.0
903,2021-09,0.0,0.0001072409605902,22.367650964525048,,,,,10.0
904,2021-09,0.0,9.98259219481805e-06,21.411280918442465,,,,,60.0
905,2021-09,0.0,4.680468910443042e-05,16.761876670173994,,,,,20.0
906,2021-09,0.0,0.0009499639017099,22.179515917473875,,,,,30.0
907,2021-09,0.0,0.0001902177773445,29.42422799710876,,,,,60.0
908,2021-09,0.0,0.0070118238527356,17.01235887739396,,,,,10.0
909,2021-09,0.0,0.0111906128769952,22.31065212128657,,,,,10.0
910,2021-09,0.0,0.0,16.897737295362695,,,,,
911,2021-09,0.0,0.0022758324939786,,,,,,80.0
912,2021-09,0.0,0.00100251222256,17.40722588240499,,,,,30.0
913,2021-09,244166996.85325107,0.0008638217828063,18.421554428137465,,,,,10.0
914,2021-09,0.0,6.106694527261425e-05,22.917326536296343,,,,,10.0
915,2021-09,0.0,0.0007233065862237,24.56113546159537,,,,,60.0
916,2021-09,0.0,0.000266868218487,29.612009213765493,,,,,60.0
917,2021-09,0.0,0.0038919799254389,27.996314552307147,,,,,20.0
918,2021-09,0.0,5.12023765622871e-05,24.900748562952245,,,,,60.0
919,2021-09,0.0,0.0038012683546801,22.634120340255528,,,,,10.0
920,2021-09,0.0,0.0,,,,,,10.0
921,2021-09,0.0,0.005452823390442,26.876211145189075,,,,,80.0
922,2021-09,0.0,0.0085287049411514,25.71173686133493,,,,,10.0
923,2021-09,0.0,0.0092608739931165,16.480364926656108,,,,,20.0
924,2021-09,0.0,0.0103359912831365,15.386964183383547,,,,,10.0
925,2021-09,0.0,0.0,24.464615821838397,,,,,
926,2021-09,0.0,0.0,25.11620060451448,,,,,
927,2021-09,0.0,0.0,24.067877811855737,,,,,
928,2021-09,0.0,0.0039398374379676,8.583188486966241,,,,,10.0
929,2021-09,0.0,0.0035143135808218,8.941475868225115,,,,,10.0
930,2021-09,0.0,0.0031007409094551,10.121860090032378,,,,,10.0
931,2021-09,0.0,0.0036269974928102,9.008051282957917,,,,,10.0
932,2021-09,818030.4583607299,0.0049662358793439,7.872126488947864,,,,,10.0
933,2021-09,152384.1320628123,0.0053771724875472,8.27076442396963,,,,,10.0
934,2021-09,0.0,0.0043486037900956,6.213436530538071,,,,,10.0
935,2021-09,0.0,0.0049045981962262,4.438051871961128,,,,,10.0
936,2021-09,2421006.85132417,0.0038814656745671,9.931839942932152,,,,,10.0
937,2021-09,7614454.16176778,0.0021359706032642,12.192284950964904,,,,,10.0
938,2021-09,1270630.5839988715,0.0024739758231343,11.33661781599544,,,,,10.0
939,2021-09,6095888.690270284,0.0036442363234648,9.633423401122796,,,,,10.0
940,2021-09,1667019.638341387,0.0031225634887458,14.221311390376718,,,,,10.0
941,2021-09,0.0,0.0011016694206773,17.126281674702984,,,,,30.0
942,2021-09,49343679.11586174,0.0028806432279276,10.887458643501208,,,,,10.0
943,2021-09,712877.0498812521,0.0014315487939893,15.119589015690998,,,,,10.0
944,2021-09,0.0,0.0003492730504113,17.9811031595035,,,,,30.0
945,2021-09,0.0,0.003369500510499,9.499757378189676,,,,,10.0
946,2021-09,0.0,0.003068610694552,10.008193227979888,,,,,10.0
947,2021-09,0.0,0.0101557074169911,5.757048818800207,,,,,10.0
948,2021-09,0.0,0.0027827439207612,10.26189840104847,,,,,10.0
949,2021-09,0.0,0.003103837190131,10.642926161273651,,,,,10.0
950,2021-09,0.0,0.0085969736177503,12.630994945102287,,,,,10.0
951,2021-09,0.0,0.0031830721624882,13.01553321414526,,,,,10.0
952,2021-09,4075181.292292811,0.0014353550889227,10.636177330156086,,,,,10.0
953,2021-09,0.0,0.0008067043361971,18.76843801049917,,,,,40.0
954,2021-09,0.0,0.001114925742028,12.492346902877586,,,,,10.0
955,2021-09,0.0,0.0032502437811596,2.504418295210212,,,,,30.0
956,2021-09,0.0,0.0032749101347094,5.913958591885061,,,,,80.0
957,2021-09,0.0,0.0045122318796428,6.729806865446776,,,,,30.0
958,2021-09,0.0,0.0008004680274704,1.4981755759126516,,,,,80.0
959,2021-09,0.0,0.0018088301021634,4.728392982482937,,,,,30.0
960,2021-09,0.0,0.0045701037012252,0.7884207082678026,,,,,10.0
961,2021-09,0.0,0.0017218289017834,1.1563916090304502,,,,,30.0
962,2021-09,0.0,0.0017074465750435,4.798672599388833,,,,,10.0
963,2021-09,0.0,0.0012962690656826,3.199617720709936,,,,,10.0
964,2021-09,0.0,0.002600978621233,4.09550787644058,,,,,10.0
965,2021-09,0.0,0.0033358667374066,4.005208552325233,,,,,10.0
966,2021-09,0.0,0.0040186418275631,5.343105799742445,,,,,10.0
967,2021-09,0.0,0.0031388058586024,2.8021446194241983,,,,,10.0
968,2021-09,0.0,0.0041466728088135,4.053387726677808,,,,,10.0
969,2021-09,0.0,0.0040469298758883,5.877362675136993,,,,,30.0
970,2021-09,0.0,0.0052419266829439,4.650288276403273,,,,,30.0
971,2021-09,0.0,0.004132004578787,7.213622483593703,,,,,30.0
972,2021-09,0.0,0.004438857734082,7.284120397214575,,,,,30.0
973,2021-09,0.0,0.0011616230009773,0.9987304051717274,,,,,80.0
974,2021-09,0.0,0.001473019396144,4.205558656763155,,,,,10.0
975,2021-09,0.0,0.001049355169016,6.038363380432156,,,,,10.0
976,2021-09,0.0,0.0038613011438428,2.141280421260697,,,,,70.0
977,2021-09,0.0,0.002896280166309,3.707621192932157,,,,,10.0
978,2021-09,0.0,0.0024683405954419,6.941490279303679,,,,,80.0
979,2021-09,0.0,0.0027229474235355,1.2890620973375349,,,,,70.0
980,2021-09,0.0,0.0027626247741024,3.9287578031752046,,,,,10.0
981,2021-09,0.0,0.0025464822847425,7.508246464199516,,,,,80.0
982,2021-09,0.0,0.0049051657101897,3.530014184416938,,,,,10.0
983,2021-09,0.0,0.0023588617641507,3.9036722183227783,,,,,10.0
984,2021-09,0.0,0.0028347839910566,4.643841715212261,,,,,30.0
985,2021-09,0.0,0.0104002361495076,8.305867449442587,,,,,10.0
986,2021-09,0.0,0.0,,,,,,80.0
987,2021-09,0.0,0.0030577547847011,4.757339376284771,,,,,10.0
988,2021-09,0.0,0.0032530096668779,5.817327952914786,,,,,30.0
989,2021-09,0.0,0.0031024744112073,6.60023337705639,,,,,10.0
990,2021-09,0.0,0.0031110185077872,6.752592122113295,,,,,30.0
991,2021-09,0.0,0.0043505748111783,5.747826542324509,,,,,30.0
992,2021-09,0.0,0.0020622839529096,,,,,,90.0
993,2021-09,0.0,0.0016917146171393,7.794509717986944,,,,,80.0
994,2021-09,11151842.672753789,0.0020227808191484,10.223257468859918,,,,,10.0
995,2021-09,0.0,0.0014170743486748,8.80493214710133,,,,,80.0
996,2021-09,420378.13638511655,0.0022944507149002,11.28001910216927,0.0610368061063517,4.328965638737265,9.861429642127256,0.9548460130013996,10.0
997,2021-09,0.0,0.0035382557429172,11.489481647507578,,,,,10.0
998,2021-09,0.0,0.0,,,,,,10.0
999,2021-09,0.0,0.0034610680830282,11.175253439078832,0.0684129295980016,5.346078534882201,11.254827174992643,2.131054044916848,80.0
1000,2021-09,624674.6246903602,0.0038126611432837,6.052599320390409,,,,,10.0
1001,2021-09,0.0,0.0030409906376973,11.50102150464301,,,,,10.0
1002,2021-09,0.0,0.0,,,,,,30.0
1003,2021-09,0.0,0.0013930554190058,5.217069435119662,,,,,80.0
1004,2021-09,0.0,0.0010844567168533,5.67562641332181,,,,,80.0
1005,2021-09,0.0,0.0015777535380558,5.396751509772429,,,,,80.0
1006,2021-09,0.0,0.0015191366273938,4.405277442932146,,,,,30.0
1007,2021-09,0.0,0.0016741374417636,5.275891437227789,,,,,80.0
1008,2021-09,0.0,0.0015354494252581,5.670700198044039,,,,,80.0
1009,2021-09,0.0,0.0015411376951912,5.978382426256351,,,,,80.0
1010,2021-09,0.0,0.0016069271733569,5.856951313254304,,,,,80.0
1011,2021-09,0.0,0.0015145226860278,6.088152786537478,,,,,80.0
1012,2021-09,0.0,0.0011940003024552,7.190979663707609,,,,,10.0
1013,2021-09,0.0,0.0013792069184135,7.46873970224402,,,,,10.0
1014,2021-09,0.0,0.001370656741701,8.193204058171574,,,,,10.0
1015,2021-09,0.0,0.0016509499553117,7.831272747540737,,,,,10.0
1016,2021-09,0.0,0.0012875576812803,6.076592459120209,,,,,80.0
1017,2021-09,0.0,0.0022049902449258,5.7563558154636105,,,,,80.0
1018,2021-09,0.0,0.0016906485120524,8.144644214488862,,,,,10.0
1019,2021-09,0.0,0.0012572721355224,8.328210579402887,,,,,10.0
1020,2021-09,0.0,0.0022122518083302,5.632750949153215,,,,,80.0
1021,2021-09,0.0,0.0018790576191855,5.978588464525032,,,,,80.0
1022,2021-09,0.0,0.0016343285638868,9.009037208557157,,,,,80.0
1023,2021-09,0.0,0.0020420434703785,6.477061266957997,,,,,80.0
1024,2021-09,0.0,0.0019961812556105,9.268609652443558,,,,,30.0
1025,2021-09,0.0,0.0024850889587634,8.283792536035367,,,,,10.0
1026,2021-09,0.0,0.0025742486048099,10.305420022701195,,,,,10.0
1027,2021-09,0.0,0.0018646016931703,9.354026900397432,,,,,10.0
1028,2021-09,0.0,0.0025320521550596,9.450674883524602,,,,,10.0
1029,2021-09,0.0,0.0032106097013232,9.729686358307864,,,,,10.0
1030,2021-09,0.0,0.0042403853299633,9.003674129524637,0.0738121937473672,5.031917751187272,10.796866502476687,2.7953937548367525,80.0
1031,2021-09,0.0,0.0037055322100925,9.026666874355763,0.0650490032326788,5.860490356220138,10.608872464217534,2.566812403135845,80.0
1032,2021-09,0.0,0.0030510371713094,10.091747402009531,0.0585474484024595,5.456627646472763,9.984807634013492,3.0039708027032592,10.0
1033,2021-09,0.0,0.0016337821637468,9.217053095992547,,,,,10.0
1034,2021-09,0.0,0.0035999584430529,10.385246918215422,0.0567705730771492,6.062935453227213,10.039736509587549,0.859768091751395,80.0
1035,2021-09,0.0,0.0031769417878661,10.544957446088718,0.0528273135668809,5.911341453156608,11.690971922778308,1.282293394427673,10.0
1036,2021-09,0.0,0.0033302471750045,10.875799496968613,0.0558687810116702,13.198237990862715,11.30546210053168,3.066100948225253,80.0
1037,2021-09,0.0,0.0030118430652995,11.86499356163874,,,,,80.0
1038,2021-09,0.0,0.0038672516742129,10.350127432081464,0.0455113933391711,1.5539041237389024,10.254809279086968,0.5074128362628986,80.0
1039,2021-09,0.0,0.0020817821223317,10.630342004564111,,,,,10.0
1040,2021-09,0.0,0.0021711816389142,11.583164330470732,0.0451497051530813,,,,10.0
1041,2021-09,0.0,0.0021490335463264,11.482136709425196,,,,,10.0
1042,2021-09,0.0,0.001995899279791,11.686944893260078,,,,,10.0
1043,2021-09,0.0,0.0020870019990979,11.536466601538304,,,,,10.0
1044,2021-09,0.0,0.0012592653432269,11.976127469641552,,,,,10.0
1045,2021-09,0.0,0.0012618017451806,12.309712265363729,,,,,10.0
1046,2021-09,0.0,0.0015006293851911,4.653374502393973,,,,,80.0
1047,2021-09,0.0,0.0012747724849759,4.7990084542168745,,,,,80.0
1048,2021-09,0.0,0.0011934717495023,4.950432607862713,,,,,80.0
1049,2021-09,0.0,0.0015150835115491,4.562403636508539,,,,,30.0
1050,2021-09,0.0,0.0015388545889436,4.527735667758549,,,,,80.0
1051,2021-09,0.0,0.001597635944563,4.978181224399165,,,,,80.0
1052,2021-09,0.0,0.0012006652850686,4.960976770189101,,,,,80.0
1053,2021-09,0.0,0.0012595621246873,5.263725160669424,,,,,10.0
1054,2021-09,0.0,0.0015265015263139,5.497024811638752,,,,,80.0
1055,2021-09,0.0,0.0014025265261027,5.951199751959939,,,,,10.0
1056,2021-09,0.0,0.0013964768911844,6.434865116543267,,,,,10.0
1057,2021-09,0.0,0.0017528447838736,5.828451135423478,,,,,10.0
1058,2021-09,0.0,0.0014084844916278,7.106006609598815,,,,,10.0
1059,2021-09,0.0,0.0016529565054952,7.081067916022425,,,,,10.0
1060,2021-09,0.0,0.0013986365247546,6.659973559660092,,,,,10.0
1061,2021-09,0.0,0.0015904573101579,7.2396836386786845,,,,,10.0
1062,2021-09,0.0,0.0011243676144658,8.175375641716869,,,,,80.0
1063,2021-09,0.0,0.0014646853008647,7.539354048834923,,,,,10.0
1064,2021-09,0.0,0.0014413078624784,7.012387360466846,,,,,80.0
1065,2021-09,0.0,0.0014514704544126,7.114135226496956,,,,,10.0
1066,2021-09,0.0,0.0014226168392876,5.4401529312134045,,,,,80.0
1067,2021-09,0.0,0.0014521360396126,7.460914378696046,,,,,80.0
1068,2021-09,0.0,0.0013312925893842,8.546422372040942,,,,,80.0
1069,2021-09,0.0,0.0010513742763578,7.142706009193735,,,,,80.0
1070,2021-09,0.0,0.0018807803589879,5.934553294711662,,,,,30.0
1071,2021-09,0.0,0.001185866569358,8.278704092237708,,,,,10.0
1072,2021-09,0.0,0.0013621528942167,5.936877377828012,,,,,30.0
1073,2021-09,0.0,0.0009120409686147,6.189237403869659,,,,,80.0
1074,2021-09,0.0,0.0015407631793398,8.349215295579711,,,,,80.0
1075,2021-09,0.0,0.0022838958848296,8.044280264112704,,,,,10.0
1076,2021-09,0.0,0.0015565608937322,8.919091055128348,,,,,80.0
1077,2021-09,0.0,0.0010081758100568,8.588564660814114,,,,,80.0
1078,2021-09,0.0,0.0015780222911416,8.625020959642214,,,,,30.0
1079,2021-09,0.0,0.002394661803919,7.127315203348826,,,,,10.0
1080,2021-09,0.0,0.0017312695581495,9.32724603017173,,,,,10.0
1081,2021-09,0.0,0.0013485332328855,9.134988452770113,,,,,10.0
1082,2021-09,0.0,0.0026584436494886,9.097894901699531,,,,,10.0
1083,2021-09,0.0,0.0028624669957935,9.080069290443726,,,,,10.0
1084,2021-09,0.0,0.0022164563336749,9.510072545652044,,,,,10.0
1085,2021-09,0.0,0.0023962562281667,10.491652700636138,,,,,10.0
1086,2021-09,0.0,0.0039898087579786,10.272318458557152,,,,,80.0
1087,2021-09,0.0,0.0013981749612867,10.177049361334944,,,,,10.0
1088,2021-09,0.0,0.0034241308767377,10.4648803075155,,,,,10.0
1089,2021-09,0.0,0.003671981890875,9.534242015414804,0.0574183729423848,9.642919288269622,11.261446462797684,2.9314730630030668,10.0
1090,2021-09,0.0,0.0031118174392759,11.5228474299113,0.084447338305259,1.9561824441891087,10.90610281477538,0.6147687512434327,80.0
1091,2021-09,0.0,0.0029862406972824,10.669702278621644,0.0473296234366647,11.53484460765048,11.677419894219115,1.6500992889375885,10.0
1092,2021-09,0.0,0.0010506962735234,9.568699299847651,,,,,10.0
1093,2021-09,0.0,0.0028504497172848,7.355990537007671,,,,,10.0
1094,2021-09,0.0,0.0033216759109729,7.813073124355765,,,,,10.0
1095,2021-09,0.0,0.0030998468397835,11.434392568800206,,,,,10.0
1096,2021-09,0.0,0.002933179609582,11.645156728956463,,,,,10.0
1097,2021-09,0.0,0.0028826614219724,10.939832157558897,0.0685914540465023,7.173918389604899,12.59997019420427,1.816279616424142,10.0
1098,2021-09,0.0,0.0029208143550931,10.608329803561004,0.0666194158368094,7.234430151224526,12.396647435099746,1.243905793394144,10.0
1099,2021-09,0.0,0.0032685329515516,10.023693784078006,0.0432457224674966,7.425590469796861,11.95614328089196,2.5180513021953246,10.0
1100,2021-09,0.0,0.0028497209150373,9.445667344552533,,,,,10.0
1101,2021-09,0.0,0.001431130369383,10.881628896925218,,,,,10.0
1102,2021-09,0.0,0.002204998759875,11.849626491687935,,,,,10.0
1103,2021-09,0.0,0.0,,,,,,30.0
1104,2021-09,0.0,0.0017909586428383,11.878079634772416,,,,,10.0
1105,2021-09,0.0,0.0037822802860318,9.618643463982508,,,,,10.0
1106,2021-09,0.0,0.0019408643244484,12.10346037992959,,,,,10.0
1107,2021-09,0.0,0.0034919013578473,,0.0701129434058005,,,,10.0
1108,2021-09,0.0,0.0,,,,,,80.0
1109,2021-09,0.0,0.0,,,,,,30.0
1110,2021-09,0.0,0.0,,,,,,30.0
1111,2021-09,0.0,0.001496546467024,,,,,,30.0
1112,2021-09,0.0,0.0,,,,,,30.0
1113,2021-09,0.0,0.0,,,,,,30.0
1114,2021-09,0.0,0.0,,,,,,30.0
1115,2021-09,0.0,0.0,5.3330145306057375,,,,,80.0
1116,2021-09,0.0,0.0,,,,,,30.0
1117,2021-09,0.0,0.0,,,,,,10.0
1118,2021-09,0.0,0.0034208749730169,10.208413293626592,0.0448888888888888,,,,10.0
1119,2021-09,0.0,0.0,,0.0587692307692307,,,,10.0
1120,2021-09,0.0,0.0,,0.0935766608391608,9.706364115079245,12.933339436848955,1.651334890888797,80.0
1121,2021-09,0.0,0.0014935850386315,4.748572573881504,,,,,80.0
1122,2021-09,0.0,0.0,,,,,,30.0
1123,2021-09,0.0,0.0015864467980877,4.214518754187389,,,,,80.0
1124,2021-09,0.0,0.0019425995361699,5.948347293847053,,,,,80.0
1125,2021-09,0.0,0.0018280681785902,6.045297915639464,,,,,80.0
1126,2021-09,0.0,0.0021208022634733,6.636104499699994,,,,,80.0
1127,2021-09,0.0,0.0018649198408315,7.145419938672251,,,,,80.0
1128,2021-09,0.0,0.0067480452503599,8.090880969565102,,,,,80.0
1129,2021-09,0.0,0.0049378224957763,8.781219620461242,0.0640803338076065,,,,80.0
1130,2021-09,0.0,0.0012514509259441,0.6514181221856233,,,,,80.0
1131,2021-09,0.0,0.0011467834312497,0.1890628063317685,,,,,80.0
1132,2021-09,0.0,0.0014129780941272,0.056664931731432,,,,,80.0
1133,2021-09,0.0,0.0016050928294974,1.810185377148635,,,,,100.0
1134,2021-09,0.0,0.0013617851448046,4.066471019321042,,,,,100.0
1135,2021-09,0.0,0.00147677635141,4.10745184459386,,,,,80.0
1136,2021-09,0.0,0.0019109814494067,4.715703224182152,,,,,80.0
1137,2021-09,0.0,0.0016574468527802,4.538237703859435,,,,,80.0
1138,2021-09,0.0,0.001440698570554,4.9449830274228965,,,,,80.0
1139,2021-09,0.0,0.0014784870439287,5.363574155171736,,,,,80.0
1140,2021-09,0.0,0.0015208351269393,5.351842079162616,,,,,30.0
1141,2021-09,0.0,0.0020454129543424,5.302653675011,,,,,80.0
1142,2021-09,0.0,0.0018825304611566,6.451849377008159,,,,,80.0
1143,2021-09,0.0,0.0023581642035424,6.232273367893574,,,,,80.0
1144,2021-09,0.0,0.0015231615966008,6.002580573593384,,,,,80.0
1145,2021-09,0.0,0.0018450825953715,6.37792684666065,,,,,80.0
1146,2021-09,0.0,0.0024374486256419,5.865782465253582,,,,,30.0
1147,2021-09,0.0,0.0017360191072121,6.118198698538346,,,,,80.0
1148,2021-09,0.0,0.0022602657475848,6.603412286062102,,,,,80.0
1149,2021-09,0.0,0.0014757814229529,5.917103557698244,,,,,80.0
1150,2021-09,0.0,0.0,,,,,,30.0
1151,2021-09,0.0,0.0022232462961255,6.79036942343429,,,,,80.0
1152,2021-09,0.0,0.0018150536294482,7.299928050571041,,,,,80.0
1153,2021-09,0.0,0.0023667176563321,7.115090878804551,,,,,80.0
1154,2021-09,0.0,0.0024344739813386,7.016346417179837,,,,,80.0
1155,2021-09,0.0,0.0039333419538776,6.396678684919333,,,,,30.0
1156,2021-09,0.0,0.0019980789885367,6.859284191030691,,,,,80.0
1157,2021-09,0.0,0.0019253422815381,7.392205068800195,,,,,30.0
1158,2021-09,0.0,0.0023764025596132,6.67315531836617,,,,,30.0
1159,2021-09,0.0,0.0034419337004113,7.7550962966165695,,,,,80.0
1160,2021-09,0.0,0.0045418059762596,7.736423613011176,,,,,80.0
1161,2021-09,0.0,0.0053310939420043,7.003348731994653,,,,,80.0
1162,2021-09,0.0,0.0,,,,,,30.0
1163,2021-09,0.0,0.004466763706313,8.395268242447493,,,,,80.0
1164,2021-09,0.0,0.0044072416092401,8.264112078348827,,,,,80.0
1165,2021-09,0.0,0.0015599620837747,-0.3370380048398544,,,,,80.0
1166,2021-09,0.0,0.0014041443664609,-0.0125312593248168,,,,,80.0
1167,2021-09,0.0,0.0,0.8045260323418688,,,,,80.0
1168,2021-09,0.0,0.0013595004875242,4.070168664720342,,,,,80.0
1169,2021-09,0.0,0.0014005144435941,4.025187563013162,,,,,80.0
1170,2021-09,0.0,0.001417276014763,3.778586090935619,,,,,80.0
1171,2021-09,0.0,0.0015680273372709,4.109821171230777,,,,,80.0
1172,2021-09,0.0,0.0015719128150522,4.695843442281102,,,,,80.0
1173,2021-09,0.0,0.0017775600153981,2.342609257168263,,,,,100.0
1174,2021-09,0.0,0.0021626780429263,1.9433923156173207,,,,,100.0
1175,2021-09,0.0,0.0014643500247378,5.129666187145101,,,,,80.0
1176,2021-09,0.0,0.0023883064586698,,,,,,80.0
1177,2021-09,0.0,0.0023398776847898,4.954002486334929,,,,,80.0
1178,2021-09,0.0,0.0014399946976482,5.438884213765482,,,,,30.0
1179,2021-09,0.0,0.0012893507876772,5.638548384772449,,,,,80.0
1180,2021-09,0.0,0.0020657459893603,5.949751726786332,,,,,30.0
1181,2021-09,0.0,0.0016608392197667,6.086776556792112,,,,,30.0
1182,2021-09,0.0,0.0016446168222804,5.215508969624864,,,,,80.0
1183,2021-09,0.0,0.001205824812132,5.489541675426371,,,,,30.0
1184,2021-09,0.0,0.0015641257165649,6.229555329216862,,,,,30.0
1185,2021-09,0.0,0.0025423770148336,6.2439330418905,,,,,80.0
1186,2021-09,0.0,0.001337692638117,6.043156674702982,,,,,30.0
1187,2021-09,0.0,0.0016645769276995,6.546466679043277,,,,,80.0
1188,2021-09,0.0,0.0014271815616666,6.739298891138181,,,,,30.0
1189,2021-09,0.0,0.002196416755396,7.216553122908995,,,,,80.0
1190,2021-09,0.0,0.0039059723415751,6.5278976531256,,,,,30.0
1191,2021-09,0.0,0.0029153992731153,6.787464219552523,,,,,30.0
1192,2021-09,0.0,0.0,,,,,,30.0
1193,2021-09,0.0,0.0029903550941526,7.541342438591869,,,,,80.0
1194,2021-09,0.0,0.004029709100602,7.484813033209917,,,,,80.0
1195,2021-09,0.0,0.0059997593361913,6.862078567787488,,,,,30.0
1196,2021-09,0.0,0.006155697504558,6.873663944668276,,,,,80.0
1197,2021-09,0.0,0.0057830442983686,7.223958721867329,,,,,30.0
1198,2021-09,0.0,0.006246179838854,8.048191939459949,,,,,80.0
1199,2021-09,0.0,0.0,,,,,,80.0
1200,2021-09,0.0,0.0018273820478498,,,,,,30.0
1201,2021-09,0.0,0.0016841669876157,6.188890181647423,,,,,100.0
1202,2021-09,0.0,0.0018985627661355,7.254125099182159,,,,,80.0
1203,2021-09,0.0,0.0,,,,,,30.0
1204,2021-09,0.0,0.0047010709840833,,,,,,30.0
1205,2021-09,0.0,0.0,,,,,,30.0
1206,2021-09,0.0,0.0009005655843793,-2.597220735701278,,,,,100.0
1207,2021-09,0.0,0.0015552585322438,1.327688410128791,,,,,80.0
1208,2021-09,0.0,0.0006899764139234,-1.419377504984516,,,,,100.0
1209,2021-09,0.0,0.0012223263580381,-1.0229506386650882,,,,,100.0
1210,2021-09,0.0,0.0006564214824417,-0.6416103453863035,,,,,100.0
1211,2021-09,0.0,0.0010422137875139,0.9877006742689596,,,,,100.0
1212,2021-09,0.0,0.0015040901798784,1.6210869047377288,,,,,100.0
1213,2021-09,0.0,0.001328893502432,-0.5454929563733961,,,,,100.0
1214,2021-09,0.0,0.0014671427506982,0.3700092951457066,,,,,80.0
1215,2021-09,0.0,0.0016140846977837,0.184497910958773,,,,,100.0
1216,2021-09,0.0,0.0015466553468286,0.7598824776543666,,,,,80.0
1217,2021-09,0.0,0.0019197146096606,1.0569547794483658,,,,,100.0
1218,2021-09,0.0,0.001823653032261,2.582553376091861,,,,,100.0
1219,2021-09,0.0,0.0004397951088491,-0.0721448777213663,,,,,80.0
1220,2021-09,0.0,0.0005812920998652,1.7746262762836609,,,,,100.0
1221,2021-09,0.0,0.0013412099894842,-0.9371578967932264,,,,,80.0
1222,2021-09,0.0,0.0004248123792162,1.9822983847724345,,,,,80.0
1223,2021-09,0.0,0.0006172786155123,1.871390515514944,,,,,100.0
1224,2021-09,0.0,0.0013996218640386,-1.8611839647646016,,,,,100.0
1225,2021-09,0.0,0.0004464854795514,2.072663510640484,,,,,80.0
1226,2021-09,0.0,0.0,1.8064710193210656,,,,,80.0
1232,2021-09,0.0,0.0010483865935384,-5.098639205650035,,,,,100.0
1233,2021-09,0.0,0.0,,,,,,100.0
1234,2021-09,0.0,0.0,,,,,,100.0
1235,2021-09,0.0,0.0,,,,,,100.0
1236,2021-09,0.0,0.0,,,,,,100.0
1241,2021-09,0.0,0.0010925387341558,-6.716666148957736,,,,,70.0
1242,2021-09,0.0,0.000658613727085,-0.5712378565470317,,,,,100.0
1243,2021-09,0.0,0.0007214609118414,-1.912765227423748,,,,,30.0
1244,2021-09,0.0,0.00042099023137,-1.8706845873877973,,,,,100.0
1245,2021-09,0.0,0.0007813346053606,-4.146102339123904,,,,,100.0
1246,2021-09,0.0,0.0,,,,,,100.0
1247,2021-09,0.0,0.0009346981842099,-8.358378834194596,,,,,100.0
1248,2021-09,0.0,0.0,,,,,,100.0
1249,2021-09,0.0,0.0,,,,,,100.0
1250,2021-09,0.0,0.0,,,,,,100.0
1251,2021-09,0.0,0.000882771894924,-7.554678844270232,,,,,70.0
1252,2021-09,0.0,0.0,,,,,,100.0
1253,2021-09,0.0,0.0006675594795524,-3.95033941904702,,,,,100.0
1256,2021-09,0.0,0.0,,,,,,100.0
1650,2021-09,0.0,0.0,24.58261905134772,,,,,
1654,2021-09,0.0,0.0,27.076279979281985,,,,,
453,2021-10,0.0,0.0024704996087971,9.90242542004326,,,,,40.0
454,2021-10,0.0,0.0008985048795048,4.731435894102104,0.0637179000268542,8.740568721766246,5.9765660315491695,2.556178594974975,80.0
455,2021-10,0.0,0.0015531290629221,4.994525808245498,,,,,80.0
456,2021-10,0.0,0.0016195035607612,5.651933049577729,0.2196743202577649,7.01293857135304,6.958540067447564,1.1565115852895418,80.0
457,2021-10,0.0,0.0011177876716777,6.023590624038872,0.0559606066198239,10.566651712986989,8.661512095937871,1.2563889987172094,10.0
458,2021-10,0.0,0.0020801063025274,7.584919690044845,,,,,80.0
459,2021-10,0.0,0.0,,,,,,10.0
460,2021-10,0.0,0.0011643166502722,7.984898776674306,,,,,80.0
461,2021-10,0.0,0.0011698894492772,8.365978304955291,0.1286919055533119,6.950361728668213,,5.402566432952881,80.0
462,2021-10,0.0,0.0013384341836897,8.413704977526493,0.2299056516215859,,,,10.0
463,2021-10,0.0,0.0017618536772897,9.594710471232158,,,,,80.0
464,2021-10,0.0,0.002157785713937,9.724441381713168,,,,,10.0
465,2021-10,0.0,0.0031764659732462,10.838354758723405,,,,,10.0
466,2021-10,0.0,0.0028442804461839,11.00340933701862,,,,,10.0
467,2021-10,0.0,0.0013772398392764,2.8350202296961697,,,,,80.0
468,2021-10,0.0,0.0015638239013229,3.84383219510426,,,,,80.0
469,2021-10,0.0,0.0011697409660843,5.3019393140778,,,,,10.0
470,2021-10,0.0,0.0005461372417049,4.357366280035699,0.0400672226125248,20.427439271662134,5.820713979293867,2.2059893573751825,10.0
471,2021-10,0.0,0.0010710502823599,5.463111662323497,,,,,10.0
472,2021-10,0.0,0.0007265934354625,4.113704086390586,0.0368005884243853,14.278160625630484,5.593594734976759,1.225778421636598,10.0
473,2021-10,0.0,0.001620080958844,5.347319378881846,,,,,80.0
474,2021-10,0.0,0.0015750999411352,5.707287581248974,,,,,10.0
475,2021-10,0.0,0.000506066511399,4.581402243337346,0.0440866584944874,18.17595256604959,5.230984088578752,1.824766843405736,10.0
476,2021-10,0.0,0.0009193221887358,5.655948721698324,,,,,10.0
477,2021-10,0.0,0.0007368862078708,5.062172115550343,0.0460806012865026,24.05910197747072,7.593004769214422,2.225938813043838,10.0
478,2021-10,0.0,0.0006776596413094,4.750932747373764,0.0393572231853852,37.95290415327598,6.555267075308351,4.175484604327986,10.0
479,2021-10,0.0,0.0005653041263826,5.049156412104144,0.0420323454297745,18.041755426144032,6.349987687863987,2.0618892321642197,10.0
480,2021-10,0.0,0.0007949058603423,5.113938094381815,0.0471764585291064,17.289647925187364,6.578115744293397,2.5899323372696506,10.0
481,2021-10,0.0,0.0014078789191773,6.5000268478120296,,,,,10.0
482,2021-10,0.0,0.0007993740499424,5.373218107052626,0.0483265296521065,19.610431226822644,6.8563087120357125,2.0475071339382307,10.0
483,2021-10,0.0,0.0009017971814084,5.194862004762072,0.0510095913843436,4.753445092362801,7.648298094945332,0.6062295026060748,10.0
484,2021-10,0.0,0.0019237573107488,6.643365021455135,,,,,10.0
485,2021-10,0.0,0.0008645295546573,5.586390250069769,0.046281993690198,30.5105296822056,6.382592772109823,3.758613630560305,10.0
486,2021-10,0.0,0.0008706980440757,6.07335595754172,0.1606004935069617,9.34773274422957,9.72210823937949,1.3736581171249942,10.0
487,2021-10,0.0,0.0018284015206404,7.092025477911857,,,,,10.0
488,2021-10,0.0,0.0011637608369596,5.328324428301635,0.1256855986252144,15.045577743809664,8.808356910953721,1.5670954364106002,10.0
489,2021-10,0.0,0.001032044315073,6.715317414869866,,,,,10.0
490,2021-10,0.0,0.0006526998910882,4.687646233831117,0.0416466658267362,35.01470907062946,4.631184486582631,7.013162480275328,10.0
491,2021-10,0.0,0.0009543551792145,5.772580611817451,0.1186833656421417,13.31181974504612,8.32058313772589,2.188452507375937,10.0
492,2021-10,0.0,0.0016814172427264,6.664914525623402,,,,,10.0
493,2021-10,0.0,0.0010288626566483,5.711528691622347,0.0424175871033552,18.91122787361777,8.256875694080854,1.4773928030144945,10.0
494,2021-10,0.0,0.0009936307503871,5.668203823094972,0.0406994535344067,14.753292430908042,7.561436884681791,1.3674918430905116,80.0
495,2021-10,0.0,0.0015001862158783,6.785348592778711,,,,,10.0
496,2021-10,0.0,0.0009553548521871,6.939668825807716,,,,,10.0
497,2021-10,0.0,0.0006181308715521,5.211649079134844,0.0477447725306491,6.219231323560564,7.63327936247653,0.5118314434185655,10.0
498,2021-10,0.0,0.0009080934187181,7.155794254426056,0.1306876046433822,5.578946801749143,10.738894992404513,4.556705636531115,80.0
499,2021-10,0.0,0.0013056220202624,7.312027847125989,,,,,80.0
500,2021-10,0.0,0.000785514107387,5.746679042643412,0.0574878629901955,16.507649638615785,5.880759360974953,3.3748342966484053,10.0
501,2021-10,0.0,0.0008754859527357,6.99219438062504,0.2197608488504262,8.371145670057354,8.705217670944574,1.2843360711149885,80.0
502,2021-10,0.0,0.0008587564190634,7.295807590279551,,,,,10.0
503,2021-10,0.0,0.0007283759152301,6.67320830642539,0.1687542144511309,21.74863531452421,7.1531808641884735,2.564457387971887,10.0
504,2021-10,0.0,0.0011957355357757,7.048362066266009,,,,,10.0
505,2021-10,0.0,0.001557268632161,7.078070613446361,,,,,10.0
506,2021-10,0.0,0.0018068502506025,7.619450640934792,,,,,10.0
507,2021-10,0.0,0.0017395952142051,7.774852994377721,,,,,10.0
508,2021-10,0.0,0.0009177078962731,7.589415568690169,,,,,10.0
509,2021-10,0.0,0.0010976190527685,7.783780820566278,,,,,10.0
510,2021-10,0.0,0.0010432430391915,7.887548680459332,,,,,80.0
511,2021-10,0.0,0.0020620149409182,7.536233865061138,,,,,10.0
512,2021-10,0.0,0.0008088524302252,5.6340885777627365,0.0710514255249051,8.339542610224973,8.932052193314732,0.946050211788548,10.0
513,2021-10,0.0,0.0021329278649675,8.05058543840054,,,,,10.0
514,2021-10,0.0,0.0008813437854655,7.522413077405723,,,,,10.0
515,2021-10,0.0,0.0014048135067431,7.444902489774994,,,,,10.0
516,2021-10,0.0,0.0008545918106018,7.333295176985096,0.1782696835939134,15.375724451127992,6.928352239990797,7.892819616663181,10.0
517,2021-10,0.0,0.0010412596325484,7.175113303345199,,,,,10.0
518,2021-10,0.0,0.0025458686833985,7.7216635638118545,,,,,10.0
519,2021-10,0.0,0.0007711025735147,5.706425607332648,0.141290195734582,8.539336700637866,8.910573719595101,1.0832883446887964,10.0
520,2021-10,0.0,0.0032107337884279,8.155034682787154,,,,,80.0
521,2021-10,0.0,0.0007361926488792,6.8305280053209,0.1944790224504086,12.32159136926656,8.660998708336356,2.599245351451564,40.0
522,2021-10,0.0,0.0007038489143459,5.312344573646487,,,,,30.0
523,2021-10,0.0,0.0022484262142535,7.960517900970202,,,,,10.0
524,2021-10,0.0,0.0028581181939236,8.235264193627165,,,,,10.0
525,2021-10,0.0,0.0009789882425934,6.849891117054952,0.1860375228275249,,,,10.0
526,2021-10,0.0,0.0023214382589268,8.50943273728896,,,,,80.0
527,2021-10,0.0,0.0011634484092799,8.193600261510516,,,,,10.0
528,2021-10,0.0,0.0012824422815312,8.409953833139092,,,,,10.0
529,2021-10,0.0,0.0021667548038115,8.117008709651191,,,,,80.0
530,2021-10,0.0,0.0009706723352678,6.874323740313157,0.1219207608337038,54.614609071824766,7.165994626798742,7.830205865512523,40.0
531,2021-10,0.0,0.0009712341090448,6.980842488434075,0.1080707031685966,78.83640887434876,7.784788377334239,8.000263051699854,40.0
532,2021-10,0.0,0.0011825847288378,8.953943773495268,,,,,80.0
533,2021-10,0.0,0.00148900931018,9.224127241961394,,,,,10.0
534,2021-10,0.0,0.0014559201924829,8.239575753942026,,,,,40.0
535,2021-10,0.0,0.0006825400066097,7.110515712892901,0.1036926671491685,6.29919861094734,12.38966062057542,2.371588545412622,30.0
536,2021-10,0.0,0.0017342520798269,9.34025932155398,,,,,10.0
537,2021-10,0.0,0.0019903282483824,9.073296745418808,,,,,80.0
538,2021-10,0.0,0.0016719174420245,9.474053435513648,,,,,30.0
539,2021-10,0.0,0.0013480502029665,9.46775970458986,,,,,10.0
540,2021-10,0.0,0.0,,,,,,30.0
541,2021-10,0.0,0.0012348818986801,7.710385874743241,0.115186706277933,17.590898030820444,10.406801236331807,2.6457721216690158,40.0
542,2021-10,0.0,0.0017098645528562,9.42626400198992,,,,,10.0
543,2021-10,0.0,0.0018838678335555,9.798859698114454,,,,,10.0
544,2021-10,0.0,0.001884501646084,9.57694621205759,,,,,10.0
545,2021-10,0.0,0.0024412671884306,10.950553564500623,,,,,10.0
546,2021-10,0.0,0.0014928649028547,9.87802511782631,,,,,10.0
547,2021-10,0.0,0.0032361092434,9.83315148028852,,,,,80.0
548,2021-10,0.0,0.0013680110534437,3.737018265262748,,,,,80.0
549,2021-10,0.0,0.0015436485569087,3.751123292984517,,,,,80.0
550,2021-10,0.0,0.0014803062042005,3.4288406043924624,,,,,80.0
551,2021-10,0.0,0.0014954942127474,3.645929310569651,,,,,30.0
552,2021-10,0.0,0.0015125374158628,3.809774796680756,,,,,80.0
553,2021-10,0.0,0.0012114023328232,5.253861343219739,,,,,10.0
554,2021-10,0.0,0.0015051091870077,5.244644378333987,,,,,80.0
555,2021-10,0.0,0.0007314423879392,4.150805778913636,0.034559665431391,41.52779332879607,3.212247679689021,9.823571753228196,10.0
556,2021-10,0.0,0.0014551370785755,5.329969689153882,,,,,20.0
557,2021-10,0.0,0.0014776527331394,5.025440880560119,,,,,10.0
558,2021-10,0.0,0.0010030711849935,5.478492594619827,,,,,10.0
559,2021-10,0.0,0.0014808147063263,5.456799956290979,,,,,10.0
560,2021-10,0.0,0.000710944350601,4.884130055417302,0.0514966069928139,30.700444941325404,6.886848353770207,1.712155689780638,10.0
561,2021-10,0.0,0.0006467315217264,5.475968933105492,0.0409943358837664,9.712460312752638,8.457093111647191,1.834988115255368,10.0
562,2021-10,0.0,0.0,,,,,,30.0
563,2021-10,0.0,0.0006743384063649,5.325063118883364,0.0436841434138688,16.15091263099851,4.525610334129491,1.8238990217100703,10.0
564,2021-10,0.0,0.001790417995096,6.315220707719078,,,,,80.0
565,2021-10,0.0,0.0018687124212988,6.243346232752685,,,,,80.0
566,2021-10,0.0,0.0013999417583553,5.561612414288288,,,,,10.0
567,2021-10,0.0,0.0018369431456335,6.459866152527543,,,,,80.0
568,2021-10,0.0,0.0007129150291689,5.383094864165078,0.0356172313397733,19.445408330712358,6.512668248330737,2.51623334546668,10.0
569,2021-10,0.0,0.000748077299238,4.807861049200927,0.0450250718878192,27.72632978037261,7.710424544290228,1.4606294531095452,10.0
570,2021-10,0.0,0.0016438650747545,7.01694255541732,,,,,80.0
571,2021-10,0.0,0.0016977867891796,6.742158719251806,,,,,10.0
572,2021-10,0.0,0.0007799951853301,4.916699014830734,0.0537641730769651,15.654211363678716,7.283501961884984,1.6194047267189724,10.0
573,2021-10,0.0,0.0018172698875673,7.160918582383061,,,,,80.0
574,2021-10,0.0,0.0018763070464539,,,,,,10.0
575,2021-10,0.0,0.0008126932045229,4.810166996781573,0.0460040476739577,23.487024715239144,6.51292765281146,2.298453227168638,10.0
576,2021-10,0.0,0.0019208851119287,7.294832340363541,,,,,10.0
577,2021-10,0.0,0.0015785681864031,7.499981344899856,,,,,10.0
578,2021-10,0.0,0.0008103872498281,5.126767443585166,0.0482936981396876,14.23852260557726,8.46110467909826,1.5271661145255309,10.0
579,2021-10,0.0,0.0016513665676522,7.301224624469739,,,,,10.0
580,2021-10,0.0,0.0009809019824274,5.583189326460665,0.0464235157642719,49.27532265188469,5.904060240062574,10.003349951080423,10.0
581,2021-10,0.0,0.0015941957792051,6.811401088263423,,,,,10.0
582,2021-10,0.0,0.0009581003320054,6.768607436969728,,,,,10.0
583,2021-10,0.0,0.0007997254689939,5.347313124133723,0.0758171239556667,23.386284028437604,6.663761789027935,2.8722098183257585,10.0
584,2021-10,0.0,0.0007286525180347,6.848396268454962,0.2481506865830536,14.7144251689696,6.189982199244837,11.809998301352062,10.0
585,2021-10,0.0,0.00200767971927,6.981571416664435,,,,,20.0
586,2021-10,0.0,0.0005685563048132,4.978519283827936,,,,,10.0
587,2021-10,0.0,0.0,8.19170174000512,,,,,80.0
588,2021-10,0.0,0.0008050988277204,5.441425003543998,0.0450581595832772,7.612698019857722,9.065925103287292,1.4685366973687666,10.0
589,2021-10,0.0,0.0007307796587951,5.468046832341045,0.0504094687104544,11.106184223076632,9.525050949518803,1.2150246040545438,10.0
590,2021-10,0.0,0.0017030018230684,7.037212977724339,,,,,20.0
591,2021-10,0.0,0.0005704353412397,5.087792339803514,,,,,10.0
592,2021-10,0.0,0.0009332654181386,5.219746234852823,,,,,10.0
593,2021-10,0.0,0.0009256581624754,7.590673024167325,,,,,20.0
594,2021-10,0.0,0.0009632433613546,5.090905351536264,0.060675283750565,8.172823746573123,8.20009215939642,1.3179751242489934,10.0
595,2021-10,0.0,0.0009454528650053,4.994903519919043,0.0519598040826633,24.59289402055216,6.585826730480557,1.7904529051694462,10.0
596,2021-10,0.0,0.0006167461634087,4.976692823184457,0.0670295370103695,54.2134119734034,5.167109630090694,51.21935454021913,40.0
597,2021-10,0.0,0.0007836262544401,5.497974045978171,0.0810862248717443,4.658989700528568,5.971509506882271,11.385221763790112,40.0
598,2021-10,0.0,0.0009109417756803,5.057732415968388,,,,,80.0
599,2021-10,0.0,0.0027806274752227,8.363407635432452,,,,,10.0
600,2021-10,0.0,0.001074160154701,8.394783862260965,,,,,10.0
601,2021-10,0.0,0.0011397029122122,8.400861563733855,,,,,10.0
602,2021-10,0.0,0.0013123875022339,7.809150691520633,,,,,10.0
603,2021-10,0.0,0.0004076200386293,6.127757722588024,0.1162565672644525,3.569046522690633,9.701285376748388,4.312765946424343,40.0
604,2021-10,0.0,0.0008404987713106,6.125855525847413,0.1150369608277288,9.009387657051848,9.515469208400104,1.6895674645108985,40.0
605,2021-10,0.0,0.0029036030332652,8.39951966535233,,,,,10.0
606,2021-10,0.0,0.0008885447716124,6.440803057489455,0.1272746874897816,19.191021551711117,8.526228898102142,2.248440169139293,40.0
607,2021-10,0.0,0.0008128235896833,4.963325248909693,,,,,80.0
608,2021-10,0.0,0.001112386600217,8.600236511230491,,,,,80.0
609,2021-10,0.0,0.000387446101547,6.097618168656572,,,,,80.0
610,2021-10,0.0,0.0009120827079224,4.979868620185471,,,,,40.0
611,2021-10,0.0,0.0004423136671789,6.471398754250407,,,,,30.0
612,2021-10,0.0,0.0017409349640615,9.1330530802409,,,,,10.0
613,2021-10,0.0,0.0011162663658865,7.222483585043221,0.1214314555429515,30.58474077693161,9.093191623678289,10.132716541369808,40.0
614,2021-10,0.0,0.0019671904703386,8.826911893454943,,,,,10.0
615,2021-10,0.0,0.0019674201965737,8.99034566571639,,,,,10.0
616,2021-10,0.0,0.0014468769391783,9.317446412664175,,,,,10.0
617,2021-10,0.0,0.0018515005157512,9.34632271387246,,,,,10.0
618,2021-10,0.0,0.0018694525123047,9.734504666892462,,,,,30.0
619,2021-10,0.0,0.0014774675329931,9.482585231548567,,,,,10.0
620,2021-10,0.0,0.0004811336756157,8.513879859404787,,,,,30.0
621,2021-10,0.0,0.0020120591084567,9.942716586205291,,,,,10.0
622,2021-10,0.0,0.0012372072635002,8.849924116237215,0.1373898530290063,,,,40.0
623,2021-10,0.0,0.002456758187255,9.524617890388754,,,,,10.0
624,2021-10,0.0,0.0031968715449579,10.159747494933448,,,,,10.0
625,2021-10,0.0,0.0015916327794798,9.707619008710338,,,,,10.0
626,2021-10,0.0,0.0020540129457169,9.758504890406757,,,,,10.0
627,2021-10,0.0,0.0024768139084585,10.626114104896487,,,,,10.0
628,2021-10,0.0,0.004221426959873,11.32907240672779,,,,,10.0
629,2021-10,0.0,0.0038947465954408,12.052259045672695,,,,,40.0
630,2021-10,0.0,0.0014325852354772,,,,,,80.0
631,2021-10,0.0,0.0016380126436956,7.530708936465714,,,,,10.0
632,2021-10,0.0,0.0,,,,,,10.0
633,2021-10,0.0,0.0025066930649586,11.684701208873346,,,,,80.0
634,2021-10,0.0,0.0030908273290118,14.316526211466744,,,,,80.0
635,2021-10,0.0,0.0054392249447623,14.595121680957376,,,,,80.0
636,2021-10,0.0,0.0031913895919263,13.52155234195538,,,,,80.0
637,2021-10,0.0,0.0051491377968752,15.29996858484717,,,,,80.0
638,2021-10,0.0,0.002564587756423,5.792665264170687,,,,,80.0
639,2021-10,0.0,0.0021820107732308,4.1595828415057206,,,,,80.0
640,2021-10,0.0,0.0,,,,,,80.0
641,2021-10,0.0,0.0,,,,,,80.0
642,2021-10,0.0,0.0026846967054392,7.800846059004435,,,,,80.0
643,2021-10,0.0,0.0,,,,,,80.0
644,2021-10,0.0,0.0,8.02523021082726,,,,,80.0
645,2021-10,0.0,0.0023787854487393,7.51378614213926,,,,,80.0
646,2021-10,0.0,0.0,,,,,,10.0
647,2021-10,0.0,0.0,,,,,,80.0
648,2021-10,0.0,0.0,,,,,,10.0
649,2021-10,0.0,0.0040961899688978,4.167778624388164,,,,,80.0
650,2021-10,0.0,0.0,,,,,,10.0
651,2021-10,0.0,0.0032928961962343,8.765063600657173,,,,,80.0
652,2021-10,0.0,0.0035579304059751,,,,,,10.0
653,2021-10,0.0,0.0,,,,,,10.0
654,2021-10,0.0,0.0035084124254615,5.835127347935314,,,,,10.0
655,2021-10,0.0,0.0,,,,,,10.0
656,2021-10,0.0,0.002022818507102,10.09383877763761,,,,,10.0
657,2021-10,0.0,0.0029809679630161,9.239747382634595,,,,,10.0
658,2021-10,0.0,0.0027731058883349,8.756993663971281,,,,,10.0
659,2021-10,0.0,0.0029824801569589,11.500489911539024,,,,,10.0
660,2021-10,0.0,0.0047065851824576,11.700594945107762,,,,,10.0
661,2021-10,0.0,0.0047476052403855,14.707913885425574,,,,,40.0
662,2021-10,0.0,0.0011951981478672,3.014004007975288,,,,,80.0
663,2021-10,0.0,0.0009218777378805,3.234885899624683,,,,,80.0
664,2021-10,0.0,0.0012640853081103,5.167338576596006,,,,,80.0
665,2021-10,0.0,0.0013964881038077,3.9326015950958655,,,,,10.0
666,2021-10,0.0,0.0017206114358777,5.150751135470794,,,,,80.0
667,2021-10,0.0,0.0027781488089739,6.7519306962208265,,,,,80.0
668,2021-10,0.0,0.001397209878803,3.928611464727522,,,,,10.0
669,2021-10,0.0,0.0013031119613085,5.284575021395137,,,,,80.0
670,2021-10,0.0,0.0015991459449537,4.578408614245096,,,,,80.0
671,2021-10,0.0,0.0,,,,,,80.0
672,2021-10,0.0,0.0017301837762602,,,,,,80.0
673,2021-10,0.0,0.0,,,,,,80.0
674,2021-10,0.0,0.0016791788999096,6.712144192552859,,,,,80.0
675,2021-10,0.0,0.0025484764117783,8.167243569952523,,,,,10.0
676,2021-10,0.0,0.003763450047243,4.4413721467957865,,,,,80.0
677,2021-10,0.0,0.0034724200924642,4.324908890262748,,,,,10.0
678,2021-10,0.0,0.0022465959350673,5.38668792366634,,,,,80.0
679,2021-10,0.0,0.0035290192876511,4.62930091301887,,,,,10.0
680,2021-10,0.0,0.0030154322969596,4.172742339103475,,,,,10.0
681,2021-10,0.0,0.0034366333853139,4.334612196056931,,,,,10.0
682,2021-10,0.0,0.0026296186261841,8.31255048995013,,,,,10.0
683,2021-10,0.0,0.003232607137204,5.531830021373037,,,,,10.0
684,2021-10,0.0,0.0031933422980614,8.763474008430318,,,,,10.0
685,2021-10,0.0,0.0020042524117032,8.57003836832207,,,,,10.0
686,2021-10,0.0,0.0030897821932913,5.029041954778874,,,,,10.0
687,2021-10,0.0,0.0033182675799139,7.029318624659659,,,,,10.0
688,2021-10,0.0,0.0,,,,,,10.0
689,2021-10,0.0,0.0014551455935247,8.8379818519323,,,,,10.0
690,2021-10,0.0,0.0016918831560752,8.863009484950814,,,,,10.0
691,2021-10,0.0,0.002062452622036,8.626181075215197,,,,,10.0
692,2021-10,0.0,0.0038556521141686,7.441773313551357,,,,,10.0
693,2021-10,0.0,0.001872060712219,8.799971848639903,,,,,10.0
694,2021-10,0.0,0.0035340438445814,7.683762054592534,,,,,10.0
695,2021-10,0.0,0.0045666049083479,7.100442549416941,,,,,10.0
696,2021-10,0.0,0.0031499361985664,7.120087703581802,,,,,10.0
697,2021-10,0.0,0.0014586195509044,9.124007960234806,,,,,10.0
698,2021-10,0.0,0.0029444905778177,9.400790356051562,,,,,10.0
699,2021-10,0.0,0.0025489876827009,9.604908982143634,,,,,10.0
700,2021-10,0.0,0.0,7.6905685424804915,,,,,30.0
701,2021-10,0.0,0.0039134674554475,7.800419682328446,,,,,80.0
702,2021-10,0.0,0.0032821554436029,9.710496192850115,,,,,10.0
703,2021-10,0.0,0.0026847429732886,10.598383619918172,,,,,10.0
704,2021-10,0.0,0.0033963962306984,9.922991610738675,,,,,10.0
705,2021-10,0.0,0.0,,,,,,10.0
706,2021-10,0.0,0.0019510273507172,10.741058214608984,,,,,10.0
707,2021-10,0.0,0.0023770540208932,10.37090358392313,,,,,10.0
708,2021-10,0.0,0.0036582599242933,11.171999201057565,,,,,10.0
709,2021-10,0.0,0.0038407129194043,11.456677229686475,,,,,10.0
710,2021-10,0.0,0.0023506085237272,12.543265115061132,,,,,10.0
711,2021-10,0.0,0.005060969896068,12.07264855414554,,,,,10.0
712,2021-10,0.0,0.0031987161518594,13.076043232091394,,,,,10.0
713,2021-10,0.0,0.0022481392830078,13.798763341947655,,,,,40.0
714,2021-10,0.0,0.003114631291271,12.170956568564163,,,,,10.0
715,2021-10,0.0,0.0048038723727472,12.01640275524511,,,,,10.0
716,2021-10,0.0,0.0066884308503192,13.359988157210836,,,,,10.0
717,2021-10,0.0,0.0060631749689984,13.806985368157331,,,,,10.0
718,2021-10,0.0,0.0058713972466439,13.952675402845877,,,,,10.0
719,2021-10,0.0,0.001307266469837,2.7906570106424624,,,,,80.0
720,2021-10,0.0,0.0008108059724577,2.843173759214369,,,,,30.0
721,2021-10,0.0,0.0011408204993017,4.7267039801485,,,,,80.0
722,2021-10,0.0,0.0011082540115125,4.962113296344739,,,,,80.0
723,2021-10,0.0,0.0009265671333082,3.457803207999092,,,,,10.0
724,2021-10,0.0,0.0026612344046839,3.018505842967727,,,,,80.0
725,2021-10,0.0,0.0025836105307348,,,,,,80.0
726,2021-10,0.0,0.0024762600819675,7.289471747285593,,,,,80.0
727,2021-10,0.0,0.0032379518111952,4.193610455912946,,,,,10.0
728,2021-10,0.0,0.0022468857981315,8.193614112396963,,,,,10.0
729,2021-10,0.0,0.0028684238752134,5.501710018034927,,,,,10.0
730,2021-10,0.0,0.0016512195428617,8.413777652863553,,,,,10.0
731,2021-10,0.0,0.0026370386441953,6.540645197386425,,,,,10.0
732,2021-10,0.0,0.003388778012038,6.444841878473994,,,,,10.0
733,2021-10,0.0,0.0028422915282076,6.348813031614279,,,,,10.0
734,2021-10,0.0,0.0037081564625509,6.221107121949586,,,,,10.0
735,2021-10,0.0,0.0014411236008413,8.736025951754689,,,,,10.0
736,2021-10,0.0,0.0019952505986301,8.712131891284812,,,,,10.0
737,2021-10,0.0,0.0015782490532008,10.083029409976026,,,,,10.0
738,2021-10,0.0,0.0049542437156446,6.500423685709677,,,,,10.0
739,2021-10,0.0,0.0023734073003538,8.735296680081296,,,,,10.0
740,2021-10,0.0,0.0045423259497094,7.193432108561222,,,,,10.0
741,2021-10,0.0,0.0037781192770012,7.402903944446223,,,,,10.0
742,2021-10,0.0,0.0030625942839921,9.786784625309798,,,,,10.0
743,2021-10,0.0,0.003329560176572,7.871443274713357,,,,,80.0
744,2021-10,0.0,0.0039623975913135,7.515394231324569,,,,,30.0
745,2021-10,0.0,0.0029312948545225,9.25842913555843,,,,,10.0
746,2021-10,0.0,0.002194423865319,8.787615753501996,,,,,10.0
747,2021-10,0.0,0.0017729247769125,11.429804978612417,,,,,10.0
748,2021-10,0.0,0.0026485721429594,11.002972461331296,,,,,10.0
749,2021-10,0.0,0.0024609367212065,12.523116950578611,,,,,10.0
750,2021-10,0.0,0.0,13.2296336676485,,,,,10.0
751,2021-10,0.0,0.0028385898878582,13.074526490789175,,,,,10.0
752,2021-10,0.0,0.0029564392394895,12.93112318797781,,,,,10.0
753,2021-10,0.0,0.0028253990074404,13.46035618388955,,,,,10.0
754,2021-10,0.0,0.0031005963842479,12.868978898243256,,,,,10.0
755,2021-10,0.0,0.0,,,,,,100.0
756,2021-10,0.0,0.0008385280927427,,,,,,30.0
757,2021-10,0.0,0.0012914712389715,,,,,,80.0
758,2021-10,0.0,0.0,4.524395407399823,,,,,10.0
759,2021-10,0.0,0.0,,,,,,80.0
760,2021-10,0.0,0.0,,,,,,80.0
761,2021-10,0.0,0.0037538359721907,,,,,,10.0
762,2021-10,0.0,0.0029356430133589,8.636374574066508,,,,,10.0
763,2021-10,0.0,0.0,,,,,,10.0
764,2021-10,0.0,0.0,,,,,,10.0
765,2021-10,0.0,0.0,11.31045734036354,,,,,10.0
766,2021-10,0.0,0.0,,,,,,80.0
767,2021-10,0.0,0.0029432401220409,11.284168907903869,,,,,10.0
768,2021-10,0.0,0.0,,,,,,10.0
769,2021-10,0.0,0.0032539988716848,,,,,,10.0
770,2021-10,0.0,0.0033222685416944,,,,,,10.0
771,2021-10,0.0,0.0,,,,,,10.0
772,2021-10,0.0,0.0,,,,,,10.0
773,2021-10,0.0,0.0017420453298191,25.03812212380032,,,,,30.0
774,2021-10,0.0,0.0039983994176395,11.73114674886071,,,,,10.0
775,2021-10,0.0,0.0022017593344457,20.33870414815925,,,,,10.0
776,2021-10,0.0,0.0022327318237346,20.526125101433585,,,,,10.0
777,2021-10,0.0,0.0021603847702749,20.62341674476544,,,,,80.0
778,2021-10,0.0,0.0025094008853443,23.51222329088439,,,,,10.0
779,2021-10,0.0,0.0020355011185415,23.73943289479903,,,,,10.0
780,2021-10,0.0,0.0017546834140002,24.340162991525236,,,,,30.0
781,2021-10,0.0,0.0021679612656839,9.875411497429614,,,,,10.0
782,2021-10,0.0,0.0025788694779483,10.871635568270165,,,,,10.0
783,2021-10,0.0,0.0038344661554106,11.66634349207726,,,,,10.0
784,2021-10,0.0,0.0033569286426313,11.105612855316508,,,,,10.0
785,2021-10,0.0,0.0037648628314741,,,,,,10.0
786,2021-10,0.0,0.0055891229619987,11.48711682838897,,,,,10.0
787,2021-10,0.0,0.005232813473583,12.937974876485884,,,,,10.0
788,2021-10,0.0,0.0,,,,,,10.0
789,2021-10,0.0,0.0019375744124658,19.77623958792742,,,,,80.0
790,2021-10,0.0,0.0019069062261759,23.732645110380837,,,,,10.0
791,2021-10,0.0,0.0018164782633789,24.076424487260947,,,,,10.0
792,2021-10,0.0,0.0017911006545432,24.609835766207816,,,,,10.0
793,2021-10,0.0,0.0,,,,,,10.0
794,2021-10,0.0,0.0018370770773689,8.67079878759789,0.0872075530919577,,,,30.0
795,2021-10,0.0,0.003003383371198,10.61004388384161,,,,,30.0
796,2021-10,0.0,0.0012019515196887,8.333850376580376,0.1356524831972733,65.39133602946548,6.975550577756048,25.927103320668984,30.0
797,2021-10,0.0,0.0006501880553793,9.205185865333082,,,,,30.0
798,2021-10,0.0,0.0026931204061118,11.320568904170305,,,,,10.0
799,2021-10,0.0,0.0027762527426489,11.5310957112193,,,,,10.0
800,2021-10,0.0,0.0010883327275397,6.4472609124588365,,,,,30.0
801,2021-10,0.0,0.004255747438511,11.934055688157828,,,,,80.0
802,2021-10,0.0,0.0027361989020424,1.2135131494488538,,,,,10.0
803,2021-10,0.0,0.0033499903252705,18.433011293665054,,,,,10.0
804,2021-10,0.0,0.0,,,,,,10.0
805,2021-10,0.0,0.0057294189827889,18.39917503912961,,,,,30.0
806,2021-10,0.0,0.0052112563851309,19.475481555139112,,,,,10.0
807,2021-10,0.0,0.0024033387943604,18.932642708614225,,,,,30.0
808,2021-10,0.0,0.0021429926767899,19.873890325074576,,,,,10.0
809,2021-10,0.0,0.0024229724429953,22.111137939035505,,,,,10.0
810,2021-10,0.0,0.0022087500210566,22.95626716132253,,,,,40.0
811,2021-10,0.0,0.0021946654147272,22.35549850184405,,,,,10.0
812,2021-10,0.0,0.0020789094428626,23.334242675124983,,,,,80.0
813,2021-10,0.0,0.0029291277671876,22.987810864065985,,,,,90.0
814,2021-10,0.0,0.0,23.467515892110896,,,,,80.0
815,2021-10,0.0,0.002802702303768,11.005380002913938,,,,,10.0
816,2021-10,0.0,0.0027737344464071,,,,,,10.0
817,2021-10,0.0,0.0029803704172255,10.4396409831167,,,,,40.0
818,2021-10,0.0,0.0014523516258009,11.150503228300408,,,,,10.0
819,2021-10,0.0,0.004079061265827,11.294840215867566,,,,,80.0
820,2021-10,0.0,0.0028952811227895,1.6960941109606225,,,,,10.0
821,2021-10,0.0,0.0033722917398222,11.906906013078585,,,,,40.0
822,2021-10,0.0,0.003448560849866,12.196552612961,,,,,80.0
823,2021-10,0.0,0.0038943073561199,12.474042059785605,,,,,40.0
824,2021-10,0.0,0.0029868657549627,13.000453875141773,,,,,40.0
825,2021-10,0.0,0.0028921008890279,13.742756226242244,,,,,40.0
826,2021-10,0.0,0.0033847688546188,14.201376359180763,,,,,40.0
827,2021-10,0.0,0.0054087030550249,13.656401980820542,,,,,10.0
828,2021-10,0.0,0.005173001702667,14.42348709926813,,,,,10.0
829,2021-10,0.0,0.0046747947891958,15.856221894295004,,,,,40.0
830,2021-10,0.0,0.0043871725758322,20.46921700098183,,,,,10.0
831,2021-10,0.0,0.003273364683734,20.583026919432008,,,,,10.0
832,2021-10,0.0,0.004155586179138,21.37693972023588,,,,,80.0
833,2021-10,0.0,0.00158292957002,20.40282147041788,,,,,10.0
834,2021-10,0.0,0.0,,,,,,80.0
835,2021-10,0.0,0.0,,,,,,80.0
836,2021-10,0.0,0.002626003802147,22.58063753189581,,,,,10.0
837,2021-10,0.0,0.002572553869129,22.46560214463103,,,,,10.0
838,2021-10,0.0,0.0029848578234918,14.588021604476468,,,,,30.0
839,2021-10,0.0,0.0048450079595454,15.760665122411602,,,,,40.0
840,2021-10,0.0,0.0041783874392914,15.862699496361545,,,,,40.0
841,2021-10,0.0,0.00423299771154,,,,,,10.0
842,2021-10,0.0,0.0,,,,,,80.0
843,2021-10,0.0,0.0,,,,,,90.0
844,2021-10,0.0,0.0026522527297743,23.14303462530978,,,,,90.0
845,2021-10,0.0,0.0,25.72851509605992,,,,,
846,2021-10,0.0,0.0,25.909802763125786,,,,,
847,2021-10,0.0,0.0042813298762249,22.45564539046328,,,,,30.0
848,2021-10,0.0,0.0024419135088895,22.313783599973146,,,,,10.0
849,2021-10,0.0,0.0027121873410674,22.54648454849849,,,,,10.0
850,2021-10,0.0,0.0022493849357374,23.0100047613985,,,,,10.0
851,2021-10,0.0,0.0003979738428884,14.208940780803747,,,,,10.0
852,2021-10,0.0,0.0003154324426851,15.750405000690288,,,,,40.0
853,2021-10,0.0,0.0012193778577613,25.167179934977423,,,,,20.0
854,2021-10,0.0,0.0019638547535489,23.134051896159807,,,,,10.0
855,2021-10,0.0,0.0,21.298592679862484,,,,,
856,2021-10,0.0,0.0,22.10995960850872,,,,,
857,2021-10,0.0,0.0,23.346471186916407,,,,,
858,2021-10,0.0,0.0,22.451082273903616,,,,,
859,2021-10,0.0,0.0,25.88193226475871,,,,,
861,2021-10,0.0,0.0045257444342382,21.053627259007587,,,,,30.0
862,2021-10,0.0,0.0045006096973969,21.56587422871109,,,,,30.0
863,2021-10,0.0,0.0047615057105515,21.69809785248133,,,,,50.0
864,2021-10,0.0,0.0026848686623256,22.498301499889767,,,,,10.0
865,2021-10,0.0,0.0026576394995458,22.99452887094152,,,,,10.0
866,2021-10,0.0,0.0024986590107687,23.291463874781773,,,,,30.0
867,2021-10,0.0,0.0016296059710442,24.31194200501297,,,,,10.0
868,2021-10,0.0,0.0005805988660108,22.828476482741564,,,,,20.0
869,2021-10,0.0,0.0037537776093093,26.09033857776276,,,,,30.0
870,2021-10,0.0,0.0022361042758234,26.745956962339363,,,,,30.0
871,2021-10,0.0,0.0025832901557691,26.905853320706285,,,,,30.0
872,2021-10,0.0,0.0023248640584628,26.715249766309597,,,,,30.0
873,2021-10,0.0,0.0064151163061865,27.48553504533669,,,,,80.0
874,2021-10,0.0,0.0,27.23604695309878,,,,,
875,2021-10,0.0,0.0,24.09323518814584,,,,,
876,2021-10,0.0,0.0,23.135773410592044,,,,,
877,2021-10,0.0,0.0,27.029186339019475,,,,,
878,2021-10,0.0,0.0,,,,,,
879,2021-10,0.0,0.0,22.518518312515766,,,,,
880,2021-10,0.0,0.0,26.07188057145034,,,,,
881,2021-10,0.0,0.0,22.03653050904635,,,,,
882,2021-10,0.0,0.0055090694123249,25.524877722358905,,,,,30.0
883,2021-10,0.0,0.0033264123490892,24.20041230998161,,,,,10.0
884,2021-10,0.0,0.0032198442926414,25.854696533514023,,,,,10.0
885,2021-10,0.0,0.0040455386201945,26.312812116069207,,,,,10.0
886,2021-10,0.0,0.0034170776180597,25.37949433685633,,,,,30.0
887,2021-10,0.0,0.0025880867564434,9.458323273541344,,,,,30.0
888,2021-10,0.0,0.0020623363036503,19.53393359076025,,,,,80.0
889,2021-10,0.0,0.0014648455721364,9.431538411360613,,,,,30.0
890,2021-10,0.0,0.0014299138298042,9.61563854696078,,,,,30.0
891,2021-10,0.0,0.0024510771195499,7.590257460071217,,,,,60.0
892,2021-10,0.0,0.0025454942917235,7.279061601197542,,,,,30.0
893,2021-10,0.0,0.0033360170747869,7.311345090841558,,,,,10.0
894,2021-10,0.0,0.0032827020142997,6.25557689051476,,,,,30.0
895,2021-10,0.0,0.0034222705324896,7.717364604650687,,,,,30.0
896,2021-10,0.0,0.0018048354604196,8.992956675660823,,,,,30.0
897,2021-10,0.0,0.0041318138599801,7.355616705562939,,,,,10.0
898,2021-10,0.0,0.0026135029023811,6.027136410949069,,,,,30.0
899,2021-10,0.0,0.0059482778271444,7.518410024335341,,,,,10.0
900,2021-10,0.0,0.0038836240354662,10.094447541778116,,,,,30.0
901,2021-10,0.0,0.0061452715920482,6.890128939345898,,,,,10.0
902,2021-10,0.0,0.0016752318988969,10.077574532878796,,,,,60.0
903,2021-10,0.0,0.0054970429926096,14.522737941947064,,,,,10.0
904,2021-10,0.0,0.002146265775839,10.619579465088632,,,,,60.0
905,2021-10,0.0,0.0030726517399557,6.276037050508485,,,,,20.0
906,2021-10,0.0,0.0009484573578206,12.273267926081122,,,,,30.0
907,2021-10,0.0,0.0002545307472132,20.541631057356444,,,,,60.0
908,2021-10,0.0,0.0030807758530386,17.22962946737968,,,,,10.0
909,2021-10,0.0,0.0068293830502672,22.81764919006501,,,,,10.0
910,2021-10,0.0,0.0,17.096842168992588,,,,,
911,2021-10,0.0,0.0042130599578626,,,,,,80.0
912,2021-10,0.0,0.0031142248334434,8.753439884428195,,,,,30.0
913,2021-10,0.0,0.0062879157830381,9.179960695099997,,,,,10.0
914,2021-10,0.0,0.0045549194177397,15.798265330908286,,,,,10.0
915,2021-10,0.0,0.0011586627771862,13.627951722504008,,,,,60.0
916,2021-10,0.0,0.0005512450092545,19.485816813369823,,,,,60.0
917,2021-10,0.0,0.0001426201585972,26.479798108172695,,,,,20.0
918,2021-10,0.0,3.706928134761256e-06,21.742050436005893,,,,,60.0
919,2021-10,0.0,0.000539378071216,21.0618317915174,,,,,10.0
920,2021-10,0.0,0.0,,,,,,10.0
921,2021-10,0.0,0.0037357310613401,26.73853823754098,,,,,80.0
922,2021-10,0.0,0.0037180955370672,25.754161662440172,,,,,10.0
923,2021-10,0.0,0.0022483925184019,16.456212574948566,,,,,20.0
924,2021-10,0.0,0.0069051782449491,15.751031995474811,,,,,10.0
925,2021-10,0.0,0.0,24.602819676553068,,,,,
926,2021-10,0.0,0.0,25.415483187017745,,,,,
927,2021-10,0.0,0.0,24.389033869261425,,,,,
928,2021-10,0.0,0.0016305776541285,1.7638312540213064,,,,,10.0
929,2021-10,0.0,0.0015997026348051,2.0339964671801667,,,,,10.0
930,2021-10,0.0,0.0014173371446843,3.0889140196991427,,,,,10.0
931,2021-10,0.0,0.0016451701681224,2.259500966252387,,,,,10.0
932,2021-10,0.0,0.0030862396966886,1.2820600494520875,,,,,10.0
933,2021-10,0.0,0.0043250775744922,1.5269833251817573,,,,,10.0
934,2021-10,0.0,0.0032991829000595,-1.416967828379354,,,,,10.0
935,2021-10,0.0,0.005865346606613,-2.7906717353455623,,,,,10.0
936,2021-10,0.0,0.0032410043606319,2.8724537854087675,,,,,10.0
937,2021-10,0.0,0.0030406047515534,4.882457118125451,,,,,10.0
938,2021-10,0.0,0.0037145423678086,3.8783488949818743,,,,,10.0
939,2021-10,0.0,0.004197096817555,2.1443561636553703,,,,,10.0
940,2021-10,0.0,0.0039609008381826,7.230552660674583,,,,,10.0
941,2021-10,0.0,0.0014729158491301,9.515163274876697,,,,,30.0
942,2021-10,0.0,0.0052201960355128,3.3700345074689184,,,,,10.0
943,2021-10,0.0,0.0020307741721876,8.033871547963752,,,,,10.0
944,2021-10,0.0,0.0026095271562065,8.535168942494328,,,,,30.0
945,2021-10,0.0,0.0015553179723249,2.472903174396933,,,,,10.0
946,2021-10,0.0,0.0014751611643772,2.9740878361527834,,,,,10.0
947,2021-10,0.0,0.0065431294727008,-0.9067876306222834,,,,,10.0
948,2021-10,0.0,0.0012397828360803,3.018200010894475,,,,,10.0
949,2021-10,0.0,0.0019811193307646,3.7942594360506186,,,,,10.0
950,2021-10,0.0,0.0118628094753034,6.925691059071546,,,,,10.0
951,2021-10,0.0,0.0039699312970155,5.759438512658591,,,,,10.0
952,2021-10,0.0,0.002288739022621,3.498600936881605,,,,,10.0
953,2021-10,0.0,0.0009559205744118,11.15667921077257,,,,,40.0
954,2021-10,0.0,0.0031278297464458,5.276536231912616,,,,,10.0
955,2021-10,0.0,0.0012267386516538,-6.140901098941425,,,,,30.0
956,2021-10,0.0,0.0070277357997285,0.4085207375147233,,,,,80.0
957,2021-10,0.0,0.0064310547537679,1.8678716990930435,,,,,30.0
958,2021-10,0.0,0.0007684213579106,-5.659473223095732,,,,,80.0
959,2021-10,0.0,0.0009815015412917,-3.870921095981366,,,,,30.0
960,2021-10,0.0,0.004775406941014,-5.012962395999572,,,,,10.0
961,2021-10,0.0,0.0018011825853785,-6.4126168738861535,,,,,30.0
962,2021-10,0.0,0.0014677546013374,-1.7097060000902302,,,,,10.0
963,2021-10,0.0,0.0013679079870788,-3.344862300093435,,,,,10.0
964,2021-10,0.0,0.0016893147736136,-2.1702338084853565,,,,,10.0
965,2021-10,0.0,0.0036572134978511,-2.015349144063952,,,,,10.0
966,2021-10,0.0,0.006985055580866,0.1081474550308934,,,,,10.0
967,2021-10,0.0,0.0056438989559677,-2.966422021219937,,,,,10.0
968,2021-10,0.0,0.0040194757796874,-1.8660201534147955,,,,,10.0
969,2021-10,0.0,0.0062387039423394,0.1750236101048301,,,,,30.0
970,2021-10,0.0,0.0076585521555505,-0.9044785405328224,,,,,30.0
971,2021-10,0.0,0.0055060948094137,2.506319882145174,,,,,30.0
972,2021-10,0.0,0.0061295156836915,2.431226882114231,,,,,30.0
973,2021-10,0.0,0.0009264027238297,-5.370256600328645,,,,,80.0
974,2021-10,0.0,0.0011543647235043,-3.653600828109224,,,,,10.0
975,2021-10,0.0,0.0007865677436598,-1.083475371329996,,,,,10.0
976,2021-10,0.0,0.0059563218104347,-4.3647896426847375,,,,,70.0
977,2021-10,0.0,0.0022092136976451,-2.7160799580235446,,,,,10.0
978,2021-10,0.0,0.0021576682885893,0.243721631778186,,,,,80.0
979,2021-10,0.0,0.0042487333377607,-4.835899385841927,,,,,70.0
980,2021-10,0.0,0.0015414107081622,-2.3979303339476017,,,,,10.0
981,2021-10,0.0,0.0028429950436361,0.5051870530651854,,,,,80.0
982,2021-10,0.0,0.0079847825985429,-1.670111416036859,,,,,10.0
983,2021-10,0.0,0.0023385723068408,-3.5152682560746165,,,,,10.0
984,2021-10,0.0,0.0044568355044134,-3.156519796173181,,,,,30.0
985,2021-10,0.0,0.0105991649290331,2.75415667462093,,,,,10.0
986,2021-10,0.0,0.0,,,,,,80.0
987,2021-10,0.0,0.0017847238888748,-0.7247196192952035,,,,,10.0
988,2021-10,0.0,0.0047948981484182,-1.7394972442298524,,,,,30.0
989,2021-10,0.0,0.0045741631837007,-0.7818100230810437,,,,,10.0
990,2021-10,0.0,0.0047487750426722,-0.4545013044897151,,,,,30.0
991,2021-10,0.0,0.0053491893073328,0.2858650289556294,,,,,30.0
992,2021-10,0.0,0.0007896299322851,,,,,,90.0
993,2021-10,0.0,0.001217709553965,1.829630059244068,,,,,80.0
994,2021-10,0.0,0.001027471105207,2.792058622349783,,,,,10.0
995,2021-10,0.0,0.0015110944496863,1.8528842024218573,,,,,80.0
996,2021-10,0.0,0.0008211519510782,3.8506423169377406,0.0381501110142395,6.020614959645569,6.755087992896759,1.0524376694771058,10.0
997,2021-10,0.0,0.0006217300867262,4.420212657425365,,,,,10.0
998,2021-10,0.0,0.0,,,,,,10.0
999,2021-10,0.0,0.000647771050989,4.417355462331167,0.0337075814437975,8.543649424638543,6.361888347981914,1.7598594364047322,80.0
1000,2021-10,0.0,0.0018300405996529,-1.4277764615632265,,,,,10.0
1001,2021-10,0.0,0.0010874579245767,4.068898353315657,,,,,10.0
1002,2021-10,0.0,0.0,,,,,,30.0
1003,2021-10,0.0,0.0005008677800901,-3.4373289867113783,,,,,80.0
1004,2021-10,0.0,0.0003320562502153,-2.8362297559439376,,,,,80.0
1005,2021-10,0.0,0.0007639999350317,-2.675638457267496,,,,,80.0
1006,2021-10,0.0,0.0009030793499129,-2.396314018003374,,,,,30.0
1007,2021-10,0.0,0.0009760876301194,-2.4374635265719298,,,,,80.0
1008,2021-10,0.0,0.0008969356775689,-2.475339596473728,,,,,80.0
1009,2021-10,0.0,0.0009847889503248,-2.137385130765124,,,,,80.0
1010,2021-10,0.0,0.0009546531967159,-1.976519171966563,,,,,80.0
1011,2021-10,0.0,0.0009931147709442,-2.36686444573076,,,,,80.0
1012,2021-10,0.0,0.0014097763786534,-2.186338029540112,,,,,10.0
1013,2021-10,0.0,0.0011091277399165,1.065273139483794,,,,,10.0
1014,2021-10,0.0,0.0016054772785849,0.2144749096972946,,,,,10.0
1015,2021-10,0.0,0.001696410880415,-1.0152170255231323,,,,,10.0
1016,2021-10,0.0,0.0016170744514194,1.3828567070311268,,,,,80.0
1017,2021-10,0.0,0.0014485873796096,1.2817052697622842,,,,,80.0
1018,2021-10,0.0,0.0016368520355117,-0.0704092100956719,,,,,10.0
1019,2021-10,0.0,0.0016173713423362,1.7198146954842843,,,,,10.0
1020,2021-10,0.0,0.0015938841394029,1.06581285811669,,,,,80.0
1021,2021-10,0.0,0.0015246975912393,1.457877259613397,,,,,80.0
1022,2021-10,0.0,0.0014271977206476,1.862202610394162,,,,,80.0
1023,2021-10,0.0,0.0013281986799561,2.0561721911140043,,,,,80.0
1024,2021-10,0.0,0.0012933688445374,0.9959940897155092,,,,,30.0
1025,2021-10,0.0,0.0013947469877879,3.058360706178968,,,,,10.0
1026,2021-10,0.0,0.0006360078800857,3.0215352868521306,,,,,10.0
1027,2021-10,0.0,0.0004470816068432,1.1384341108064395,,,,,10.0
1028,2021-10,0.0,0.0006283791451632,2.263874751265353,,,,,10.0
1029,2021-10,0.0,0.0006896415943275,2.6350636055491408,,,,,10.0
1030,2021-10,0.0,0.0009157418460962,2.9739596056449007,0.0580692870873438,10.23972890949752,5.71015348811141,1.587587494260052,80.0
1031,2021-10,0.0,0.0007014228633877,2.789675825564005,0.0634201310810004,8.224767878667596,5.145236415535921,1.5438532978259376,80.0
1032,2021-10,0.0,0.0006439397107496,3.570519234324759,0.0309029529845956,12.886015085267733,6.0728649748600345,1.0203396462065244,10.0
1033,2021-10,0.0,0.0005039083438596,1.6576132211306167,,,,,10.0
1034,2021-10,0.0,0.0006977576994833,3.931730983455668,0.0292981485159346,13.976038089883112,6.711640570782648,1.1675922484242498,80.0
1035,2021-10,0.0,0.0006121073012171,4.007605906735444,0.0354972208687694,10.302294168474468,6.25115977415135,0.9234289122091202,10.0
1036,2021-10,0.0,0.0007238572711441,4.315375592631696,0.0299291367971486,14.944336859838192,3.7335160601508632,2.582967233153038,80.0
1037,2021-10,0.0,0.0004293335140156,4.830118536180095,,,,,80.0
1038,2021-10,0.0,0.0005765340139873,3.787952103153387,0.039206046532237,2.653215994402802,6.006953406945157,0.3738903171239701,80.0
1039,2021-10,0.0,0.0009113177816478,3.046147024503341,,,,,10.0
1040,2021-10,0.0,0.0005436984586398,4.0393690740478405,0.0332010903356736,,,,10.0
1041,2021-10,0.0,0.0010064157506235,3.850392446210333,,,,,10.0
1042,2021-10,0.0,0.0009677654498558,4.119114677766472,,,,,10.0
1043,2021-10,0.0,0.0007172542473085,3.9949922130954088,,,,,10.0
1044,2021-10,0.0,0.001146952327133,3.9850005207424863,,,,,10.0
1045,2021-10,0.0,0.0007421779054872,4.532130850997654,,,,,10.0
1046,2021-10,0.0,0.0003507721086748,-2.7918966477917024,,,,,80.0
1047,2021-10,0.0,0.0007857705315359,-1.6133957237325376,,,,,80.0
1048,2021-10,0.0,0.0004727194865949,-3.6757342758998752,,,,,80.0
1049,2021-10,0.0,0.0006648699601896,-2.5711817095356277,,,,,30.0
1050,2021-10,0.0,0.0006480539997824,-2.647425776655936,,,,,80.0
1051,2021-10,0.0,0.000689937438608,-2.711155667868965,,,,,80.0
1052,2021-10,0.0,0.0004644120892294,-3.437915930525776,,,,,80.0
1053,2021-10,0.0,0.0003728779813059,-3.488690180077763,,,,,10.0
1054,2021-10,0.0,0.0009328990092285,-2.566489221716409,,,,,80.0
1055,2021-10,0.0,0.0004246525980582,-2.89220956781856,,,,,10.0
1056,2021-10,0.0,0.0004825906780436,-2.355745984149217,,,,,10.0
1057,2021-10,0.0,0.0007841934919762,-1.3087968231529032,,,,,10.0
1058,2021-10,0.0,0.0010651420367342,-3.38713464552354,,,,,10.0
1059,2021-10,0.0,0.0010419512947805,-0.1152063021095614,,,,,10.0
1060,2021-10,0.0,0.0014741371234663,-3.982337222017844,,,,,10.0
1061,2021-10,0.0,0.0009918386896856,1.1133649764522602,,,,,10.0
1062,2021-10,0.0,0.0014152589102991,-1.729828487929467,,,,,80.0
1063,2021-10,0.0,0.0012385944684751,1.5570393716135411,,,,,10.0
1064,2021-10,0.0,0.0015339131315954,0.847372452930756,,,,,80.0
1065,2021-10,0.0,0.0015341962536581,0.9651261141650784,,,,,10.0
1066,2021-10,0.0,0.0012588575641719,-0.0806329706663575,,,,,80.0
1067,2021-10,0.0,0.0017444119016734,1.4240286714287436,,,,,80.0
1068,2021-10,0.0,0.0015972449293144,0.2384244802605053,,,,,80.0
1069,2021-10,0.0,0.0013885038753755,1.3258627013066375,,,,,80.0
1070,2021-10,0.0,0.0016097432782657,0.983761744345415,,,,,30.0
1071,2021-10,0.0,0.0015726924722798,1.5509966723808095,,,,,10.0
1072,2021-10,0.0,0.0016591313143976,1.119187599100087,,,,,30.0
1073,2021-10,0.0,0.0014915621688373,1.126137293880599,,,,,80.0
1074,2021-10,0.0,0.0013240650455562,1.0319302958827166,,,,,80.0
1075,2021-10,0.0,0.0012115777319081,-0.5609219695789547,,,,,10.0
1076,2021-10,0.0,0.0013596067985304,1.932960805585324,,,,,80.0
1077,2021-10,0.0,0.0010763853947726,2.1308604086599416,,,,,80.0
1078,2021-10,0.0,0.0010659738292702,1.4102800102644153,,,,,30.0
1079,2021-10,0.0,0.0011280129512556,0.0121636995705443,,,,,10.0
1080,2021-10,0.0,0.0008246095803454,1.97883080376522,,,,,10.0
1081,2021-10,0.0,0.0015313166042574,3.769838115733175,,,,,10.0
1082,2021-10,0.0,0.00073117714727,0.4150525657079811,,,,,10.0
1083,2021-10,0.0,0.0006293800508387,0.109541681761406,,,,,10.0
1084,2021-10,0.0,0.0005246053298719,1.1273089938693868,,,,,10.0
1085,2021-10,0.0,0.0006010501494415,3.241117136965535,,,,,10.0
1086,2021-10,0.0,0.0005520197411783,3.41245299308531,,,,,80.0
1087,2021-10,0.0,0.0003073985537298,1.427341195930315,,,,,10.0
1088,2021-10,0.0,0.0005659635027654,3.5357860113985,,,,,10.0
1089,2021-10,0.0,0.0006103883346327,3.3882778208742934,0.046447836060115,16.61760278728082,6.66076204546884,1.65211413906136,10.0
1090,2021-10,0.0,0.0007718230446585,5.2752879645235184,0.0481280893980483,3.914497859195699,7.308996480809927,0.7981697714056022,80.0
1091,2021-10,0.0,0.0006311924045689,4.151730306833413,0.0469087116668268,16.32850301383995,5.345435327781351,1.7118289995533895,10.0
1092,2021-10,0.0,0.0005533360104171,1.1009474942334048,,,,,10.0
1093,2021-10,0.0,0.0008730032838157,0.2989551667244399,,,,,10.0
1094,2021-10,0.0,0.0007491956313856,0.69439988768659,,,,,10.0
1095,2021-10,0.0,0.0004701664209771,4.544704363423037,,,,,10.0
1096,2021-10,0.0,0.0004117527402213,4.7572013444798245,,,,,10.0
1097,2021-10,0.0,0.0005437019129999,4.002490349226108,0.0378725270772163,20.83319208662598,7.796063831914816,2.7461844413659087,10.0
1098,2021-10,0.0,0.0004835774660515,3.597977116629244,0.0359043630493985,17.491080546229966,7.071233571623287,2.214444278186392,10.0
1099,2021-10,0.0,0.0005566502770193,3.371441305837351,0.1801558056186056,12.473249488347031,6.995527891853093,2.0160670373614384,10.0
1100,2021-10,0.0,0.00065813463533,2.123435120941508,,,,,10.0
1101,2021-10,0.0,0.0007334568120589,3.008643349268118,,,,,10.0
1102,2021-10,0.0,0.0010816341514084,4.142358644547026,,,,,10.0
1103,2021-10,0.0,0.0,,,,,,30.0
1104,2021-10,0.0,0.0010275356630889,4.478408239221085,,,,,10.0
1105,2021-10,0.0,0.0020104783436067,2.539874710575248,,,,,10.0
1106,2021-10,0.0,0.001025989667615,4.4600754751347,,,,,10.0
1107,2021-10,0.0,0.0006214032729872,,0.0392110875459665,,,,10.0
1108,2021-10,0.0,0.0,,,,,,80.0
1109,2021-10,0.0,0.0,,,,,,30.0
1110,2021-10,0.0,0.0,,,,,,30.0
1111,2021-10,0.0,0.0003544415196188,,,,,,30.0
1112,2021-10,0.0,0.0,,,,,,30.0
1113,2021-10,0.0,0.0,,,,,,30.0
1114,2021-10,0.0,0.0,,,,,,30.0
1115,2021-10,0.0,0.0,-3.5275356661888395,,,,,80.0
1116,2021-10,0.0,0.0,,,,,,30.0
1117,2021-10,0.0,0.0,,,,,,10.0
1118,2021-10,0.0,0.0005710075458296,3.332348616405227,0.0378634751773049,,,,10.0
1119,2021-10,0.0,0.0,,0.044780487804878,,,,10.0
1120,2021-10,0.0,0.0,,0.0582228372434017,12.932267202753009,6.9484909520004745,1.7664100424358338,80.0
1121,2021-10,0.0,0.0012049164250188,-0.3815909232862908,,,,,80.0
1122,2021-10,0.0,0.0,,,,,,30.0
1123,2021-10,0.0,0.0013870800694235,-1.06307875698441,,,,,80.0
1124,2021-10,0.0,0.0016632360346735,0.767186487695656,,,,,80.0
1125,2021-10,0.0,0.0024889632089976,1.277127203558328,,,,,80.0
1126,2021-10,0.0,0.0020294499943443,2.022255691794256,,,,,80.0
1127,2021-10,0.0,0.0018435681008755,1.8719014394525604,,,,,80.0
1128,2021-10,0.0,0.0016097380190324,2.849328811833384,,,,,80.0
1129,2021-10,0.0,0.0011680443620093,3.571466656446271,0.0401207619124003,,,,80.0
1130,2021-10,0.0,0.0014636969974048,-1.3694368916172863,,,,,80.0
1131,2021-10,0.0,0.0014718538930424,-1.7353197427788571,,,,,80.0
1132,2021-10,0.0,0.0022965750505932,-2.290906493696019,,,,,80.0
1133,2021-10,0.0,0.001513163264633,-3.859509504905848,,,,,100.0
1134,2021-10,0.0,0.0015566714220482,-0.5354744659387165,,,,,100.0
1135,2021-10,0.0,0.0013461987336881,-1.2191435540936888,,,,,80.0
1136,2021-10,0.0,0.0015532606697142,-0.5412640348044533,,,,,80.0
1137,2021-10,0.0,0.0021769962710652,-0.1802067900819679,,,,,80.0
1138,2021-10,0.0,0.0013123080293742,-0.1151065457251472,,,,,80.0
1139,2021-10,0.0,0.0017234958998349,0.766862881568187,,,,,80.0
1140,2021-10,0.0,0.0012908612226851,0.124904788437729,,,,,30.0
1141,2021-10,0.0,0.0016020410002324,1.056381555319763,,,,,80.0
1142,2021-10,0.0,0.0016993983693695,0.9933917356648578,,,,,80.0
1143,2021-10,0.0,0.0018920145777769,1.0054626957062978,,,,,80.0
1144,2021-10,0.0,0.0019297968341649,1.0885822490533583,,,,,80.0
1145,2021-10,0.0,0.0017374375937968,0.9278988566205942,,,,,80.0
1146,2021-10,0.0,0.0015311135759361,1.260422388126626,,,,,30.0
1147,2021-10,0.0,0.0020247722824819,0.6190916710857195,,,,,80.0
1148,2021-10,0.0,0.0015775996109255,1.574342979044429,,,,,80.0
1149,2021-10,0.0,0.0019575661138657,1.0535947366832374,,,,,80.0
1150,2021-10,0.0,0.0,,,,,,30.0
1151,2021-10,0.0,0.0013999274780758,2.3398402400999228,,,,,80.0
1152,2021-10,0.0,0.0018047288410579,1.7154358139858688,,,,,80.0
1153,2021-10,0.0,0.0015531386097677,1.720997521185133,,,,,80.0
1154,2021-10,0.0,0.0011690743426887,2.4107366582399057,,,,,80.0
1155,2021-10,0.0,0.001973728927934,1.9146528838783443,,,,,30.0
1156,2021-10,0.0,0.0020255587326561,1.230837619701428,,,,,80.0
1157,2021-10,0.0,0.0016873205860861,1.8198528166740289,,,,,30.0
1158,2021-10,0.0,0.0017286649221871,1.5047381493353384,,,,,30.0
1159,2021-10,0.0,0.0009527454932936,2.483499373387,,,,,80.0
1160,2021-10,0.0,0.0013716962968715,2.3638289070058898,,,,,80.0
1161,2021-10,0.0,0.0016555410658725,2.1804650697712877,,,,,80.0
1162,2021-10,0.0,0.0,,,,,,30.0
1163,2021-10,0.0,0.0010987736798873,2.8560276318622093,,,,,80.0
1164,2021-10,0.0,0.0010008145696992,2.960291954778885,,,,,80.0
1165,2021-10,0.0,0.0016788138856895,-2.35990818803027,,,,,80.0
1166,2021-10,0.0,0.0015852973024455,-1.8334622454899543,,,,,80.0
1167,2021-10,0.0,0.0,-1.1356007073515002,,,,,80.0
1168,2021-10,0.0,0.0010325188597448,-0.6777412168441117,,,,,80.0
1169,2021-10,0.0,0.0011149982770689,-1.644161380234569,,,,,80.0
1170,2021-10,0.0,0.0012010621687181,-1.8763968683057897,,,,,80.0
1171,2021-10,0.0,0.0014972463409511,-1.1497044224892932,,,,,80.0
1172,2021-10,0.0,0.0015584683825977,-0.8111627558226076,,,,,80.0
1173,2021-10,0.0,0.0016729111632116,-1.9837524578135373,,,,,100.0
1174,2021-10,0.0,0.0019852916558988,-2.0229004945378697,,,,,100.0
1175,2021-10,0.0,0.0012610877712972,-0.2222793797865279,,,,,80.0
1176,2021-10,0.0,0.0012608381768473,,,,,,80.0
1177,2021-10,0.0,0.001209651446383,0.3144699096679915,,,,,80.0
1178,2021-10,0.0,0.0018556003307708,0.6291957896243048,,,,,30.0
1179,2021-10,0.0,0.0021126543641495,0.9332042899183222,,,,,80.0
1180,2021-10,0.0,0.001688597118895,0.8819551037204008,,,,,30.0
1181,2021-10,0.0,0.0016914519330271,0.7202613803221046,,,,,30.0
1182,2021-10,0.0,0.0017866206825184,1.0608242075930718,,,,,80.0
1183,2021-10,0.0,0.0019421689371673,0.7804341688805891,,,,,30.0
1184,2021-10,0.0,0.0017693229178992,0.7274274764522716,,,,,30.0
1185,2021-10,0.0,0.001429049934984,1.9069795177829287,,,,,80.0
1186,2021-10,0.0,0.0018912206252821,1.0980486962103329,,,,,30.0
1187,2021-10,0.0,0.0019323900501338,1.041080975276202,,,,,80.0
1188,2021-10,0.0,0.0019861223956354,1.0572082574222277,,,,,30.0
1189,2021-10,0.0,0.0015356975456484,1.6996174966135411,,,,,80.0
1190,2021-10,0.0,0.0019114328086781,1.902195711619324,,,,,30.0
1191,2021-10,0.0,0.0018340508302458,1.5818012688749832,,,,,30.0
1192,2021-10,0.0,0.0,,,,,,30.0
1193,2021-10,0.0,0.0010450596770056,2.4211984777963496,,,,,80.0
1194,2021-10,0.0,0.0012055561105815,2.118327856576599,,,,,80.0
1195,2021-10,0.0,0.00169523310268,2.324721628277985,,,,,30.0
1196,2021-10,0.0,0.0016619811614759,1.6579989580271028,,,,,80.0
1197,2021-10,0.0,0.0015283848007925,2.5730738978232544,,,,,30.0
1198,2021-10,0.0,0.0016014228423841,2.563681046680756,,,,,80.0
1199,2021-10,0.0,0.0,,,,,,80.0
1200,2021-10,0.0,0.0016851748188742,,,,,,30.0
1201,2021-10,0.0,0.0018100614508398,1.1688321513514666,,,,,100.0
1202,2021-10,0.0,0.0016595363066715,1.7234844741001154,,,,,80.0
1203,2021-10,0.0,0.0,,,,,,30.0
1204,2021-10,0.0,0.0010571951826818,,,,,,30.0
1205,2021-10,0.0,0.0,,,,,,30.0
1206,2021-10,0.0,0.001661675261924,-3.654119080027352,,,,,100.0
1207,2021-10,0.0,0.0014866596868046,-2.988900654074404,,,,,80.0
1208,2021-10,0.0,0.0005071355810173,-5.937012785224477,,,,,100.0
1209,2021-10,0.0,0.0014608363469847,-5.50822650540257,,,,,100.0
1210,2021-10,0.0,0.0008276961903182,-5.931616152339976,,,,,100.0
1211,2021-10,0.0,0.0005447852274187,-4.332765263383085,,,,,100.0
1212,2021-10,0.0,0.0005604966392525,-2.7596929242533976,,,,,100.0
1213,2021-10,0.0,0.0016449118813284,-4.347550022107653,,,,,100.0
1214,2021-10,0.0,0.0016513715347059,-4.528501071724818,,,,,80.0
1215,2021-10,0.0,0.0016332485295882,-3.837279677305588,,,,,100.0
1216,2021-10,0.0,0.0015912527998693,-3.263073615617634,,,,,80.0
1217,2021-10,0.0,0.0019220113913623,-3.921919031724258,,,,,100.0
1218,2021-10,0.0,0.0012358805944927,-2.5758011301785664,,,,,100.0
1219,2021-10,0.0,0.0027102672674608,-1.8771491898918813,,,,,80.0
1220,2021-10,0.0,0.0017126013571894,-0.2909416845143506,,,,,100.0
1221,2021-10,0.0,0.0020380786807653,-3.366475284460793,,,,,80.0
1222,2021-10,0.0,0.0018974429244492,-0.1884352137599145,,,,,80.0
1223,2021-10,0.0,0.0017136378993996,-0.2188873934686363,,,,,100.0
1224,2021-10,0.0,0.002845931193273,-3.9952291235701294,,,,,100.0
1225,2021-10,0.0,0.0019363502820738,0.0009888843823773,,,,,80.0
1226,2021-10,0.0,0.0,-0.1205821211619877,,,,,80.0
1232,2021-10,0.0,0.0007213891332753,-7.167312736921399,,,,,100.0
1233,2021-10,0.0,0.0,,,,,,100.0
1234,2021-10,0.0,0.0,,,,,,100.0
1235,2021-10,0.0,0.0,,,,,,100.0
1236,2021-10,0.0,0.0,,,,,,100.0
1241,2021-10,0.0,0.0013960258573699,-7.874060281264219,,,,,70.0
1242,2021-10,0.0,0.0008904852487197,-3.606568449286988,,,,,100.0
1243,2021-10,0.0,0.000775996197635,-5.058255382250692,,,,,30.0
1244,2021-10,0.0,0.0004915965969059,-4.684272072318858,,,,,100.0
1245,2021-10,0.0,0.0002986072825466,-7.035265473396529,,,,,100.0
1246,2021-10,0.0,0.0,,,,,,100.0
1247,2021-10,0.0,0.0004211341500687,-10.53302292362332,,,,,100.0
1248,2021-10,0.0,0.0,,,,,,100.0
1249,2021-10,0.0,0.0,,,,,,100.0
1250,2021-10,0.0,0.0,,,,,,100.0
1251,2021-10,0.0,0.0008801683233303,-9.138923795029118,,,,,70.0
1252,2021-10,0.0,0.0,,,,,,100.0
1253,2021-10,0.0,0.0009905618464358,-6.599699434670038,,,,,100.0
1256,2021-10,0.0,0.0,,,,,,100.0
1650,2021-10,0.0,0.0,24.338898686925525,,,,,
1654,2021-10,0.0,0.0,26.664158367854316,,,,,
453,2021-11,2039855.867258456,0.0015833489212143,-1.389962044736229,,,,,40.0
454,2021-11,0.0,0.0019672771589509,-6.409804682476505,0.0610021279754461,10.794911609940634,0.6140931330071344,1.0715382514244236,80.0
455,2021-11,0.0,0.0013123912909053,-7.445193987097167,,,,,80.0
456,2021-11,0.0,0.0019292794386702,-5.433229816610699,0.0514028654767591,9.637864638317694,2.0980681402250023,1.1616769380918788,80.0
457,2021-11,0.0,0.001569510448462,-3.9971161873109655,0.0484201280234855,13.0003535086557,2.1342209551298037,1.2032832724756746,10.0
458,2021-11,0.0,0.0015311037870208,-4.502870686848938,,,,,80.0
459,2021-11,0.0,0.0,,,,,,10.0
460,2021-11,0.0,0.0012988205735746,-3.2634231467651955,,,,,80.0
461,2021-11,0.0,0.0013998912756505,-2.777180718315951,0.039867390581189,,,,80.0
462,2021-11,0.0,0.001662457134861,-2.6928580165026377,0.0495099108028062,,,,10.0
463,2021-11,0.0,0.0017623581890048,-1.6747398051640978,,,,,80.0
464,2021-11,0.0,0.0019697143451222,-2.3706940462939468,,,,,10.0
465,2021-11,0.0,0.0023234252878051,-0.9759941342928,,,,,10.0
466,2021-11,0.0,0.0018111504575663,-1.1214448151764798,,,,,10.0
467,2021-11,0.0,0.0011598365490499,-11.934213961087718,,,,,80.0
468,2021-11,0.0,0.0013651099786026,-9.690961823640018,,,,,80.0
469,2021-11,0.0,0.0014531882588926,-6.688959891841073,,,,,10.0
470,2021-11,0.0,0.0010086882170331,-5.277168685670857,0.04350514603225,18.35962824165353,1.1815592927696366,2.307599132887411,10.0
471,2021-11,0.0,0.0015025443817042,-6.210735782576173,,,,,10.0
472,2021-11,0.0,0.0012211485230251,-5.290895668977204,0.0427471326576315,13.115566373828022,1.2552182084510637,1.1072860003895038,10.0
473,2021-11,0.0,0.0010921074186626,-7.177583025503825,,,,,80.0
474,2021-11,0.0,0.0012696041545684,-6.879856906466992,,,,,10.0
475,2021-11,0.0,0.000884910479813,-4.959171734434165,0.0472519739142184,14.653609874234832,0.1717055376745067,1.7146759993100773,10.0
476,2021-11,0.0,0.0015979867368349,-5.913196170691273,,,,,10.0
477,2021-11,0.0,0.0012208887351984,-4.583905188865894,0.038014285285762,18.23513520451703,1.132701581237846,1.5226679930281484,10.0
478,2021-11,0.0,0.0013281552917372,-4.733554087220225,0.0342078252993511,27.17135728482062,1.729615228242331,2.562738785721822,10.0
479,2021-11,0.0,0.0009984017712916,-4.581904541015604,0.0342285804551715,15.39295538470764,1.7005548829948345,0.9983790231281112,10.0
480,2021-11,0.0,0.0013646851044681,-4.769076922381345,0.0336308268849971,11.73940290285458,0.5562500998849736,1.6895758596526804,10.0
481,2021-11,0.0,0.0014293324550239,-5.5875768138744,,,,,10.0
482,2021-11,0.0,0.0017047633215649,-4.431195821879801,0.0340051588059784,18.751721125692185,1.2471443934494697,1.4044843840940342,10.0
483,2021-11,0.0,0.0014677348966264,-4.72606924551503,0.0414233892773417,7.790359311942751,2.2282768428258013,0.6427165326957945,10.0
484,2021-11,0.0,0.001395447190589,-5.573934597439218,,,,,10.0
485,2021-11,0.0,0.0014723543452938,-4.240366811600917,0.029742988225225,30.51152406354644,0.0645933747835131,3.212507923716509,10.0
486,2021-11,0.0,0.0014062529125011,-5.023663330078098,0.0540036808768599,10.867258142487112,2.6918733346843857,1.3980647459599609,10.0
487,2021-11,0.0,0.0013711536412301,-5.113544718424457,,,,,10.0
488,2021-11,0.0,0.0015616242848476,-4.880041529023572,0.0578050178928986,12.881489585723983,1.1360688357614566,1.7951657101374523,10.0
489,2021-11,0.0,0.001378547769351,-4.989803320729807,,,,,10.0
490,2021-11,0.0,0.001533220215007,-4.031977454749648,0.0371939965923553,26.04131780771952,0.7645305381972018,4.4596492238837815,10.0
491,2021-11,0.0,0.0015270910485161,-4.8791880399095335,0.0353210271218316,12.455687932795731,1.1746586788143991,2.2079992665970307,10.0
492,2021-11,0.0,0.0013692475343608,-5.528279396339674,,,,,10.0
493,2021-11,0.0,0.0018210031031974,-4.068246329543915,0.0640886294367311,21.52180152110752,1.94553898338888,1.3793896726972732,10.0
494,2021-11,0.0,0.0018433935951371,-4.316920449077199,0.0471597997254518,13.560694601915054,2.044854106488252,1.167679896426402,80.0
495,2021-11,0.0,0.0014033434090379,-5.214054192437043,,,,,10.0
496,2021-11,0.0,0.0013575790973037,-4.623895633581888,,,,,10.0
497,2021-11,0.0,0.0015266209151637,-3.373490984881342,0.0400632176212696,10.398518818767217,2.929035998472683,0.39454818297017,10.0
498,2021-11,0.0,0.0013705583398404,-4.293196840639449,0.0462373035914702,7.579736700281501,4.083339436848958,0.7075422629714012,80.0
499,2021-11,0.0,0.0014079930369916,-4.267118835449203,,,,,80.0
500,2021-11,0.0,0.0019627806529266,-3.34601197933105,0.0319697153727104,14.090939649042602,0.0163995853802683,2.8348238342135805,10.0
501,2021-11,0.0,0.0013624138618373,-4.387285637133025,0.0558042220552265,10.200026103799098,2.873794101158023,1.3556030987946857,80.0
502,2021-11,0.0,0.001330810609943,-4.229751247829839,,,,,10.0
503,2021-11,0.0,0.0013818107654515,-4.567913667655262,0.0298598573390998,21.164806197006293,0.4370089786732252,2.504403695080721,10.0
504,2021-11,0.0,0.0014063805184767,-4.578618997240803,,,,,10.0
505,2021-11,0.0,0.0013298120251824,-4.995431932990909,,,,,10.0
506,2021-11,0.0,0.0014450447743001,-4.506846923828107,,,,,10.0
507,2021-11,0.0,0.0014612328539607,-4.186198386167842,,,,,10.0
508,2021-11,0.0,0.0013273930700153,-3.98076678886613,,,,,10.0
509,2021-11,0.0,0.0012629645054403,-3.474742974175333,,,,,10.0
510,2021-11,0.0,0.0012710848932329,-3.663831922743036,,,,,80.0
511,2021-11,0.0,0.0013740016256633,-4.7034153917100525,,,,,10.0
512,2021-11,0.0,0.0021509897693855,-3.2860569932725525,0.0397825556038164,12.786161981012173,0.8870402143735996,0.8315242708100699,10.0
513,2021-11,0.0,0.0015368316881308,-3.8910548931381386,,,,,10.0
514,2021-11,0.0,0.0013003451858821,-4.138149685329836,,,,,10.0
515,2021-11,0.0,0.0012894763409955,-4.224281183878558,,,,,10.0
516,2021-11,0.0,0.0013053253668268,-4.123340134393579,0.0493115708162258,13.556779411456564,1.3633636157365638,8.691118012061255,10.0
517,2021-11,0.0,0.0013304759546978,-4.04728981300634,,,,,10.0
518,2021-11,0.0,0.0015052892376843,-4.547229197668626,,,,,10.0
519,2021-11,0.0,0.0018553378169599,-3.7382868109808727,0.0541376373297794,9.925042879416171,2.009775482019008,0.8492754938874016,10.0
520,2021-11,0.0,0.0019629736375731,-3.569189845748793,,,,,80.0
521,2021-11,0.0,0.0014252640559369,-4.354411013690723,0.0771846073907153,10.11566909323995,1.6767629072713752,2.876277187821451,40.0
522,2021-11,0.0,0.001059212318877,-2.756087917751711,,,,,30.0
523,2021-11,0.0,0.0014587394221199,-4.293860541449633,,,,,10.0
524,2021-11,0.0,0.001580016244705,-3.797349039713524,,,,,10.0
525,2021-11,0.0,0.0014764150364499,-4.238938098483595,0.0584963747601878,,,,10.0
526,2021-11,0.0,0.0017439993207517,-3.6050427246093535,,,,,80.0
527,2021-11,0.0,0.0016873853390279,-2.962711905020228,,,,,10.0
528,2021-11,0.0,0.0016543023540669,-2.738325839572465,,,,,10.0
529,2021-11,0.0,0.0018106405067166,-3.939177652994772,,,,,80.0
530,2021-11,0.0,0.001238559011108,-4.104985818745155,0.0724996808371147,61.38271594400238,1.4208249500897183,10.693716328155622,40.0
531,2021-11,0.0,0.0011742579756375,-3.7318437542831417,0.0653480937312098,53.55844600798702,1.798786071760148,12.70960531177838,40.0
532,2021-11,0.0,0.0014811391120019,-2.167720766420688,,,,,80.0
533,2021-11,0.0,0.001587186123086,-2.5337125697811693,,,,,10.0
534,2021-11,0.0,0.001961159824867,-2.9449576629154053,,,,,40.0
535,2021-11,0.0,0.0005195271206498,0.5307911537762657,0.0684775733067551,7.257031326907514,4.497915165466643,3.6092214956410418,30.0
536,2021-11,0.0,0.001763096018504,-2.941974246863148,,,,,10.0
537,2021-11,0.0,0.0017919634493327,-3.024654661578893,,,,,80.0
538,2021-11,0.0,0.0017895195742312,-1.902789306640601,,,,,30.0
539,2021-11,0.0,0.0020880045478406,-1.9389665391709912,,,,,10.0
540,2021-11,0.0,0.0,,,,,,30.0
541,2021-11,0.0,0.000796726870293,-1.6623248590671154,0.0670646233927087,18.60781689405767,2.5349109036163098,2.224773354242722,40.0
542,2021-11,0.0,0.0019118415300908,-2.462351481119768,,,,,10.0
543,2021-11,0.0,0.0019612182040873,-2.1208407027632803,,,,,10.0
544,2021-11,0.0,0.0020893788150344,-1.423370163528989,,,,,10.0
545,2021-11,0.0,0.0024594799724582,-0.2077517678551418,,,,,10.0
546,2021-11,0.0,0.0017181654756132,-1.55565694173175,,,,,10.0
547,2021-11,0.0,0.0011909964456495,-0.3561867042823839,,,,,80.0
548,2021-11,0.0,0.0015125619356695,-9.12486368815101,,,,,80.0
549,2021-11,0.0,0.0014997469370428,-9.635315619574612,,,,,80.0
550,2021-11,0.0,0.0013132961576047,-10.488192409939217,,,,,80.0
551,2021-11,0.0,0.0015605455373588,-9.141664632161431,,,,,30.0
552,2021-11,0.0,0.0010946141665044,-9.93905164930554,,,,,80.0
553,2021-11,0.0,0.0013805525486532,-6.54985690646699,,,,,10.0
554,2021-11,0.0,0.0010413946693006,-7.560563829210025,,,,,80.0
555,2021-11,0.0,0.0012930454795423,-5.173714192708317,0.0402062392525507,21.19224176335681,-1.1955821317784927,5.694603219345956,10.0
556,2021-11,0.0,0.0012604875067024,-7.31986612955726,,,,,20.0
557,2021-11,0.0,0.0013971151893201,-7.341056654188343,,,,,10.0
558,2021-11,0.0,0.0015278669183317,-6.308863887080425,,,,,10.0
559,2021-11,0.0,0.0013227621202531,-6.937644449869765,,,,,10.0
560,2021-11,0.0,0.0010149699434502,-4.770388228804961,0.0338394849782798,29.435408997139263,1.4401398968703651,1.645898461950469,10.0
561,2021-11,0.0,0.0013525458161893,-5.0663020381220845,0.0315593885703668,8.692642819469707,3.4887995963396974,2.4367135208124098,10.0
562,2021-11,0.0,0.0,,,,,,30.0
563,2021-11,0.0,0.0014294060056272,-4.394818115234344,0.0350585778785778,15.278663832812908,-0.6264083465686181,1.209226008518818,10.0
564,2021-11,0.0,0.0013586068635049,-6.047848171657961,,,,,80.0
565,2021-11,0.0,0.0013703303520742,-6.165708414713521,,,,,80.0
566,2021-11,0.0,0.0014844459280235,-6.552477891710055,,,,,10.0
567,2021-11,0.0,0.0013715820496145,-5.842200837311907,,,,,80.0
568,2021-11,0.0,0.0012509385232988,-4.501111970124403,0.029473681768699,14.690519509769118,1.188792315415935,2.6384877008293244,10.0
569,2021-11,0.0,0.0018714169149461,-4.693224172881132,0.0282139631394184,54.79067233793188,1.5887906362053192,2.2846682835209884,10.0
570,2021-11,0.0,0.001369428831822,-5.300735812716994,,,,,80.0
571,2021-11,0.0,0.0013154288863006,-5.767728000216997,,,,,10.0
572,2021-11,0.0,0.00203017268275,-4.755315968346951,0.0452147412385297,17.20080501139174,0.905169842257496,0.9576304399440156,10.0
573,2021-11,0.0,0.0013738060479226,-5.205279541015585,,,,,80.0
574,2021-11,0.0,0.0013468908255163,,,,,,10.0
575,2021-11,0.0,0.001899211678392,-4.419502631293381,0.0304682293103721,22.00201982404953,-0.1764042606300332,1.4609402727392566,10.0
576,2021-11,0.0,0.0013333754723134,-4.986509874131912,,,,,10.0
577,2021-11,0.0,0.0013284556055926,-4.629716932508666,,,,,10.0
578,2021-11,0.0,0.0020368183140817,-4.807699245876698,0.0461571598494098,19.28162489243754,1.7396768506639015,1.3662700324480932,10.0
579,2021-11,0.0,0.0013395073001447,-4.842119004991318,,,,,10.0
580,2021-11,0.0,0.0020255232338968,-4.500425663700781,0.0442087081663612,37.11502504361186,-0.0595282466283075,8.168575564444557,10.0
581,2021-11,0.0,0.0013451473896566,-5.3273946126301865,,,,,10.0
582,2021-11,0.0,0.0013404567169865,-5.060941433376717,,,,,10.0
583,2021-11,0.0,0.0016530053799215,-4.849858534071165,0.0343368941764637,18.125406330584436,-0.0378459453962612,2.348199486467376,10.0
584,2021-11,0.0,0.0013697808717552,-4.397894287109352,0.0398366663412939,7.821400532893898,0.2934485637741388,11.05767251178973,10.0
585,2021-11,0.0,0.0012432700132194,-5.34622889927452,,,,,20.0
586,2021-11,0.0,0.0012637597307427,-3.864714219835051,,,,,10.0
587,2021-11,0.0,0.0,-3.2231479220920014,,,,,80.0
588,2021-11,0.0,0.002106607157475,-3.78145480685761,0.0332837897295458,12.07009629573428,2.5064906837081167,0.7489900631237891,10.0
589,2021-11,0.0,0.0021274713908496,-4.157393391927059,0.0484736879523852,11.86845140835063,1.877189632638096,0.7727151003148469,10.0
590,2021-11,0.0,0.0018604183678689,-5.104902091858857,,,,,20.0
591,2021-11,0.0,0.0012726547305646,-4.090252233434569,,,,,10.0
592,2021-11,0.0,0.0012531646503443,-2.270825330946161,,,,,10.0
593,2021-11,0.0,0.0012565063421789,-4.097916802300324,,,,,20.0
594,2021-11,0.0,0.0015522735302511,-4.926085747612831,0.0916284547198833,7.827456465517128,2.805420495556819,1.0318291618149564,10.0
595,2021-11,0.0,0.0016350181882444,-4.557532610212036,0.0739409646393095,28.3178337623912,1.7115314828981472,1.513690493665195,10.0
596,2021-11,0.0,0.0017758892958227,-5.1744937472873005,0.069204287059725,41.98676592554197,-0.676322693913139,45.57858108641209,40.0
597,2021-11,0.0,0.0013996886198583,-4.696923273259921,0.0702079202142041,3.1799701759562016,0.7538725804913456,7.991263073362683,40.0
598,2021-11,0.0,0.0008959250633779,-1.4768663194444116,,,,,80.0
599,2021-11,0.0,0.0016715126221242,-3.754220920138863,,,,,10.0
600,2021-11,0.0,0.001321442125724,-2.6786872016058774,,,,,10.0
601,2021-11,0.0,0.0013314886127773,-2.683527967664901,,,,,10.0
602,2021-11,0.0,0.0012008724843326,-4.047726160316626,,,,,10.0
603,2021-11,0.0,0.0011726738994184,-3.846771511501709,0.0847237032139183,4.390031223826669,2.11890896773692,2.177796688500352,40.0
604,2021-11,0.0,0.0013907114152971,-4.280131700303798,0.075889911803105,17.665340267086766,2.9252090674736357,1.8951654676735508,40.0
605,2021-11,0.0,0.0016121389453473,-3.6835917154947615,,,,,10.0
606,2021-11,0.0,0.0013790289049211,-4.090440613546466,0.0712037155984545,8.982007339631805,1.8082584147756948,2.917875153595232,40.0
607,2021-11,0.0,0.0006407490109268,-1.5540380407262546,,,,,80.0
608,2021-11,0.0,0.0013991491978231,-2.689559597439228,,,,,80.0
609,2021-11,0.0,0.0005638243739667,-1.4640192328558896,,,,,80.0
610,2021-11,0.0,0.0005826822901629,-1.3613844129774009,,,,,40.0
611,2021-11,0.0,0.0004483453869232,-1.0995614716500663,,,,,30.0
612,2021-11,0.0,0.001809307384974,-2.669085693359364,,,,,10.0
613,2021-11,0.0,0.0013255717341962,-3.982915355541062,0.0484564076791084,23.12952016112162,2.117260345282028,10.508862658153232,40.0
614,2021-11,0.0,0.0016256990020337,-3.39732417353874,,,,,10.0
615,2021-11,0.0,0.0017026055506398,-3.101019626193562,,,,,10.0
616,2021-11,0.0,0.0022662641589704,-1.771760841652186,,,,,10.0
617,2021-11,0.0,0.0018492398360519,-2.7519080268012037,,,,,10.0
618,2021-11,0.0,0.0019573864325745,-2.0007765028211537,,,,,30.0
619,2021-11,0.0,0.0021655866985383,-1.215234148943826,,,,,10.0
620,2021-11,0.0,0.0004650053366882,2.1278141728154005,,,,,30.0
621,2021-11,0.0,0.0021084568882846,-1.957803683810738,,,,,10.0
622,2021-11,0.0,0.0010818229166034,-1.35607096354164,0.0513971040989526,,,,40.0
623,2021-11,0.0,0.0016022408490243,-1.340098741319423,,,,,10.0
624,2021-11,0.0,0.0023586126153531,-1.8724496799044916,,,,,10.0
625,2021-11,0.0,0.0018307513976954,-1.6096998426649236,,,,,10.0
626,2021-11,0.0,0.0019008942200833,-1.3147138323102383,,,,,10.0
627,2021-11,0.0,0.0022052684907976,-1.1489020453558965,,,,,10.0
628,2021-11,0.0,0.0013281414394441,0.0431742350260719,,,,,10.0
629,2021-11,0.0,0.0009437164538852,2.003542724609397,,,,,40.0
630,2021-11,0.0,0.0012393714969221,,,,,,80.0
631,2021-11,0.0,0.0013505341594282,-4.752086724175342,,,,,10.0
632,2021-11,0.0,0.0,,,,,,10.0
633,2021-11,0.0,0.0022763913052708,2.726328587105275,,,,,80.0
634,2021-11,0.0,0.0017732817334405,4.80384738851709,,,,,80.0
635,2021-11,0.0,0.0028068540305097,5.544780878104632,,,,,80.0
636,2021-11,0.0,0.0028896503196816,4.511231634848805,,,,,80.0
637,2021-11,0.0,0.0026324646708077,5.185555869044142,,,,,80.0
638,2021-11,0.0,0.0036719992805897,-3.310522800021678,,,,,80.0
639,2021-11,0.0,0.0043481416749975,-4.517755823786689,,,,,80.0
640,2021-11,0.0,0.0,,,,,,80.0
641,2021-11,0.0,0.0,,,,,,80.0
642,2021-11,0.0,0.0036472992158957,-1.6416483840854748,,,,,80.0
643,2021-11,0.0,0.0,,,,,,80.0
644,2021-11,0.0,0.0,-1.7284511990017108,,,,,80.0
645,2021-11,0.0,0.0043173051149226,-1.578183828721002,,,,,80.0
646,2021-11,0.0,0.0,,,,,,10.0
647,2021-11,0.0,0.0,,,,,,80.0
648,2021-11,0.0,0.0,,,,,,10.0
649,2021-11,0.0,0.0042292767245338,-3.1976209891630805,,,,,80.0
650,2021-11,0.0,0.0,,,,,,10.0
651,2021-11,0.0,0.0046579212941747,-0.9437813581248592,,,,,80.0
652,2021-11,0.0,0.00495724846769,,,,,,10.0
653,2021-11,0.0,0.0,,,,,,10.0
654,2021-11,0.0,0.0035119737529398,-2.665907723400484,,,,,10.0
655,2021-11,0.0,0.0,,,,,,10.0
656,2021-11,0.0,0.0024828805450239,-0.0859037365675641,,,,,10.0
657,2021-11,0.0,0.0024413684601741,-0.6665155293028823,,,,,10.0
658,2021-11,0.0,0.0020578619371173,-1.7283434597950793,,,,,10.0
659,2021-11,0.0,0.0084745362510147,6.402801513671895,,,,,10.0
660,2021-11,0.0,0.002691188523821,2.496183505588132,,,,,10.0
661,2021-11,0.0,0.0019317899132632,4.287638661059789,,,,,40.0
662,2021-11,0.0,0.0008937440300845,-8.152807617187491,,,,,80.0
663,2021-11,0.0,0.0012909032415528,-7.766557029441524,,,,,80.0
664,2021-11,0.0,0.0022897033971187,-6.310543710214099,,,,,80.0
665,2021-11,0.0,0.0030098790412012,-5.544172724971044,,,,,10.0
666,2021-11,0.0,0.0029319513491322,-5.105430743083849,,,,,80.0
667,2021-11,0.0,0.0029268583924152,-2.6644764370388234,,,,,80.0
668,2021-11,0.0,0.0033000654960536,-5.742554389105883,,,,,10.0
669,2021-11,0.0,0.0036651195419519,-4.08431672272857,,,,,80.0
670,2021-11,0.0,0.0039838353281083,-4.797636001829086,,,,,80.0
671,2021-11,0.0,0.0,,,,,,80.0
672,2021-11,0.0,0.0040769698207441,,,,,,80.0
673,2021-11,0.0,0.0,,,,,,80.0
674,2021-11,0.0,0.0040983216432354,-2.072282057542037,,,,,80.0
675,2021-11,0.0,0.0033057102841298,-1.84846259223088,,,,,10.0
676,2021-11,0.0,0.0032422031738327,-3.168234539847064,,,,,80.0
677,2021-11,0.0,0.0032525556271139,-3.173025851779471,,,,,10.0
678,2021-11,0.0,0.0037955266222221,-4.1733683884745725,,,,,80.0
679,2021-11,0.0,0.0027798767525662,-3.1681546937290785,,,,,10.0
680,2021-11,0.0,0.0031884620075288,-2.912900345413746,,,,,10.0
681,2021-11,0.0,0.0029265699821208,-3.188713125330216,,,,,10.0
682,2021-11,0.0,0.0034332341832739,-1.9120280432322423,,,,,10.0
683,2021-11,0.0,0.0034598818157974,-3.873924746150833,,,,,10.0
684,2021-11,0.0,0.0049143280011776,-0.7323704698350525,,,,,10.0
685,2021-11,0.0,0.0027637162314457,-1.9398001622671837,,,,,10.0
686,2021-11,0.0,0.0029178437836985,-3.0109230443050743,,,,,10.0
687,2021-11,0.0,0.0033562990014615,-2.273139076417171,,,,,10.0
688,2021-11,0.0,0.0,,,,,,10.0
689,2021-11,0.0,0.0023659831022087,-2.441739811972955,,,,,10.0
690,2021-11,0.0,0.0023505494314627,-2.0130187988280994,,,,,10.0
691,2021-11,0.0,0.0027327074818933,-2.004337476647399,,,,,10.0
692,2021-11,0.0,0.0028667126425716,-0.9858792476726872,,,,,10.0
693,2021-11,0.0,0.0024384221171203,-1.9663549156004452,,,,,10.0
694,2021-11,0.0,0.0027938040690728,-1.6245747884114363,,,,,10.0
695,2021-11,0.0,0.0044734102472527,4.065311589316742,,,,,10.0
696,2021-11,0.0,0.003724417867084,4.692209794786265,,,,,10.0
697,2021-11,0.0,0.0019952617073916,-1.8700547603138489,,,,,10.0
698,2021-11,0.0,0.0019715642665687,-1.3477152506510244,,,,,10.0
699,2021-11,0.0,0.0019277210589539,-1.1874131944444244,,,,,10.0
700,2021-11,0.0,0.0,4.315510389539952,,,,,30.0
701,2021-11,0.0,0.0043329680447641,4.492953152126759,,,,,80.0
702,2021-11,0.0,0.0023020664339128,-0.4194632975260163,,,,,10.0
703,2021-11,0.0,0.002313368467973,0.0057040744357894,,,,,10.0
704,2021-11,0.0,0.0024352814180019,0.1779990456321291,,,,,10.0
705,2021-11,0.0,0.0,,,,,,10.0
706,2021-11,0.0,0.0018871483714559,-0.1867599755002496,,,,,10.0
707,2021-11,0.0,0.0017208022767259,-0.654419774184965,,,,,10.0
708,2021-11,0.0,0.0028067909044247,1.3980267323862698,,,,,10.0
709,2021-11,0.0,0.0021589568870481,1.0382490596065015,,,,,10.0
710,2021-11,0.0,0.0025144117062154,3.7678785536024577,,,,,10.0
711,2021-11,0.0,0.0027899381438819,2.488386400440097,,,,,10.0
712,2021-11,0.0,0.0017312362801213,2.9391526616197265,,,,,10.0
713,2021-11,0.0,0.0008529834031266,2.711028277684796,,,,,40.0
714,2021-11,0.0,0.0049767049138608,5.545381673177118,,,,,10.0
715,2021-11,0.0,0.0026006139923993,2.759153917100704,,,,,10.0
716,2021-11,0.0,0.0037247055186266,3.4027019585503666,,,,,10.0
717,2021-11,0.0,0.0026669228558603,3.751573835100471,,,,,10.0
718,2021-11,0.0,0.0022240339544384,3.91499569541532,,,,,10.0
719,2021-11,0.0,0.000792440969235,-8.359428575303781,,,,,80.0
720,2021-11,0.0,0.0029123040025297,-7.139996880425326,,,,,30.0
721,2021-11,0.0,0.0017244266455236,-7.144610595703114,,,,,80.0
722,2021-11,0.0,0.0020231763010087,-6.890943060980874,,,,,80.0
723,2021-11,0.0,0.0033426391069951,-4.206024169921856,,,,,10.0
724,2021-11,0.0,0.0033211307709279,-4.9907585991753365,,,,,80.0
725,2021-11,0.0,0.0035726623718801,,,,,,80.0
726,2021-11,0.0,0.0035608109816773,-2.284251799406794,,,,,80.0
727,2021-11,0.0,0.0028928266947332,-3.998045518663176,,,,,10.0
728,2021-11,0.0,0.0031752856557432,-1.936832585410449,,,,,10.0
729,2021-11,0.0,0.0041713016216817,2.8410522460937813,,,,,10.0
730,2021-11,0.0,0.0028186919276777,-2.357279866536442,,,,,10.0
731,2021-11,0.0,0.0082335034494462,1.6693433973524634,,,,,10.0
732,2021-11,0.0,0.0030662631725135,-1.6710795084635208,,,,,10.0
733,2021-11,0.0,0.0034039767116623,-3.608938204561957,,,,,10.0
734,2021-11,0.0,0.0046751173322263,4.052398681640653,,,,,10.0
735,2021-11,0.0,0.0023644638046486,-2.071869800708896,,,,,10.0
736,2021-11,0.0,0.0023229913895193,-2.0294899269386377,,,,,10.0
737,2021-11,0.0,0.0020546363775792,-0.2463620786313451,,,,,10.0
738,2021-11,0.0,0.0038932474439207,3.4993557400173785,,,,,10.0
739,2021-11,0.0,0.0021795259897771,-2.0727893066405843,,,,,10.0
740,2021-11,0.0,0.0045003843292458,4.450599331325982,,,,,10.0
741,2021-11,0.0,0.0040320111547771,4.382140435112888,,,,,10.0
742,2021-11,0.0,0.0020454266321192,-0.8252765570746305,,,,,10.0
743,2021-11,0.0,0.0044025303905073,4.751153564453148,,,,,80.0
744,2021-11,0.0,0.0046801539247098,4.052200927734395,,,,,30.0
745,2021-11,0.0,0.0019895466153684,-1.3625535753037925,,,,,10.0
746,2021-11,0.0,0.0020274939124647,-1.4844468858506872,,,,,10.0
747,2021-11,0.0,0.0021068589870992,0.5000101725260687,,,,,10.0
748,2021-11,0.0,0.0074315993224445,5.732215576171882,,,,,10.0
749,2021-11,0.0,0.0028610276167455,3.914628770616361,,,,,10.0
750,2021-11,0.0,0.0,3.6178378634982655,,,,,10.0
751,2021-11,0.0,0.0017142295946541,2.94129163953995,,,,,10.0
752,2021-11,0.0,0.0019441608241726,2.734862356474919,,,,,10.0
753,2021-11,0.0,0.0025910714750352,3.499933012032241,,,,,10.0
754,2021-11,0.0,0.001278318165229,2.127018907335099,,,,,10.0
755,2021-11,0.0,0.0,,,,,,100.0
756,2021-11,0.0,0.0022689374272886,,,,,,30.0
757,2021-11,0.0,0.0035611176972452,,,,,,80.0
758,2021-11,0.0,0.0,-5.076099310980908,,,,,10.0
759,2021-11,0.0,0.0,,,,,,80.0
760,2021-11,0.0,0.0,,,,,,80.0
761,2021-11,0.0,0.0029639350359502,,,,,,10.0
762,2021-11,0.0,0.0020489962880674,-1.8240756564670164,,,,,10.0
763,2021-11,0.0,0.0,,,,,,10.0
764,2021-11,0.0,0.0,,,,,,10.0
765,2021-11,0.0,0.0,6.488204616970506,,,,,10.0
766,2021-11,0.0,0.0,,,,,,80.0
767,2021-11,0.0,0.0077664153759542,6.024712682653369,,,,,10.0
768,2021-11,0.0,0.0,,,,,,10.0
769,2021-11,0.0,0.0085856886689725,,,,,,10.0
770,2021-11,0.0,0.0093331383650365,,,,,,10.0
771,2021-11,0.0,0.0,,,,,,10.0
772,2021-11,0.0,0.0,,,,,,10.0
773,2021-11,2327552.134415761,0.0020180453154003,20.279880438910617,,,,,30.0
774,2021-11,0.0,0.0023768888895574,3.606133694118945,,,,,10.0
775,2021-11,0.0,0.0027010234181943,12.025740559895866,,,,,10.0
776,2021-11,0.0,0.0016191797440114,12.322557312765271,,,,,10.0
777,2021-11,0.0,0.0018379883949819,12.444575330946194,,,,,80.0
778,2021-11,0.0,0.0040073031668725,17.40903333875871,,,,,10.0
779,2021-11,0.0,0.0027246074860158,17.919968397352456,,,,,10.0
780,2021-11,0.0,0.0025911367208339,19.0046852717324,,,,,30.0
781,2021-11,0.0,0.0022951802347961,0.8635123116629627,,,,,10.0
782,2021-11,0.0,0.0028637793645126,2.267774115668402,,,,,10.0
783,2021-11,0.0,0.00252645184446,3.4807122124566376,,,,,10.0
784,2021-11,0.0,0.0028237858896318,2.6433180067274407,,,,,10.0
785,2021-11,0.0,0.0023731934015813,,,,,,10.0
786,2021-11,0.0,0.0029276123379531,2.091775851779534,,,,,10.0
787,2021-11,0.0,0.0018233852570119,4.317857937283009,,,,,10.0
788,2021-11,0.0,0.0,,,,,,10.0
789,2021-11,0.0,0.0020436281447473,11.129907904730914,,,,,80.0
790,2021-11,0.0,0.0026831375544134,17.6094173370846,,,,,10.0
791,2021-11,0.0,0.0024251742397609,18.26770855938948,,,,,10.0
792,2021-11,0.0,0.0026943283264699,19.43841518825957,,,,,10.0
793,2021-11,0.0,0.0,,,,,,10.0
794,2021-11,0.0,0.0004974538507887,2.862878389522112,0.0551977781542737,,,,30.0
795,2021-11,1797909.765267713,0.0003685759031101,3.5836661959574143,,,,,30.0
796,2021-11,0.0,0.0006450977906448,0.133029683431026,0.0903748969529074,54.14748656439818,0.9300923067370376,36.48142051456513,30.0
797,2021-11,0.0,0.0004376789327695,3.782027495826015,,,,,30.0
798,2021-11,0.0,0.0016360006714724,-0.0255766691984717,,,,,10.0
799,2021-11,0.0,0.0016196652735137,0.4261048267506036,,,,,10.0
800,2021-11,0.0,0.0006226475312647,1.098120946060015,,,,,30.0
801,2021-11,0.0,0.0014299070571723,0.8496978275359807,,,,,80.0
802,2021-11,0.0,0.0023799388207759,-4.033115677933768,,,,,10.0
803,2021-11,0.0,0.0013395951668476,8.984202217761405,,,,,10.0
804,2021-11,0.0,0.0,,,,,,10.0
805,2021-11,0.0,0.001448893979518,10.440994978539756,,,,,30.0
806,2021-11,0.0,0.0014311165535705,11.623103337988647,,,,,10.0
807,2021-11,0.0,0.0005612581174346,11.66899753632846,,,,,30.0
808,2021-11,0.0,0.0010680894222539,11.402075330946207,,,,,10.0
809,2021-11,2148009.8061764897,0.0004647878728671,15.155891063959928,,,,,10.0
810,2021-11,2695325.109238217,0.0007996048404526,15.863206739932464,,,,,40.0
811,2021-11,29953597.270086978,0.0013287183838714,14.825945091014695,,,,,10.0
812,2021-11,0.0,0.0007388961300118,16.43956637912329,,,,,80.0
813,2021-11,1405589.344967478,0.0004396491005116,16.319463798327337,,,,,90.0
814,2021-11,0.0,0.0,17.010820176866332,,,,,80.0
815,2021-11,0.0,0.0015811221783224,-1.0359042697482437,,,,,10.0
816,2021-11,0.0,0.0015577497069898,,,,,,10.0
817,2021-11,0.0,0.0006359991677623,1.615741569613255,,,,,40.0
818,2021-11,0.0,0.0017112912719312,-0.016141086154505,,,,,10.0
819,2021-11,0.0,0.0008981696749591,2.2520718044705177,,,,,80.0
820,2021-11,0.0,0.0017249647171411,-3.752970123290998,,,,,10.0
821,2021-11,0.0,0.0007112668936315,2.739677598741366,,,,,40.0
822,2021-11,0.0,0.0005818751439316,3.1556959364149577,,,,,80.0
823,2021-11,0.0,0.0003100438152614,4.834143744574675,,,,,40.0
824,2021-11,0.0,0.0006756978218618,3.456230333116366,,,,,40.0
825,2021-11,0.0,0.000514750379807,3.0409698486328267,,,,,40.0
826,2021-11,0.0,0.000488325778133,3.415114520037635,,,,,40.0
827,2021-11,0.0,0.0037701251094404,3.336384025452649,,,,,10.0
828,2021-11,0.0,0.0026533277814451,4.061762559678835,,,,,10.0
829,2021-11,0.0,0.0014499795421822,4.784769015842016,,,,,40.0
830,2021-11,310364.0936537924,0.0013600977246824,12.52625800238718,,,,,10.0
831,2021-11,0.0,0.0018923986702729,12.079824333516983,,,,,10.0
832,2021-11,0.0,0.0020169327144685,13.337022795500596,,,,,80.0
833,2021-11,0.0,0.0011255722602072,12.533235903139492,,,,,10.0
834,2021-11,0.0,0.0,,,,,,80.0
835,2021-11,0.0,0.0,,,,,,80.0
836,2021-11,2590575.2165068253,0.0004477691280564,15.879316270616346,,,,,10.0
837,2021-11,1405384.8633236524,0.0005323039476934,15.73071818033858,,,,,10.0
838,2021-11,0.0,0.0006074989323678,7.233616581669594,,,,,30.0
839,2021-11,0.0,0.0014342814793053,4.69924180772572,,,,,40.0
840,2021-11,0.0,0.0015883931171427,4.714786444769992,,,,,40.0
841,2021-11,0.0,0.0015824558322492,,,,,,10.0
842,2021-11,0.0,0.0,,,,,,80.0
843,2021-11,0.0,0.0,,,,,,90.0
844,2021-11,0.0,0.0003320472424093,16.484786648220506,,,,,90.0
845,2021-11,0.0,0.0,25.73736256863497,,,,,
846,2021-11,0.0,0.0,25.2672719837475,,,,,
847,2021-11,0.0,0.0011016924664242,14.787672757931531,,,,,30.0
848,2021-11,317505.4511986913,0.0020202536889143,14.436411970699094,,,,,10.0
849,2021-11,0.0,0.0021290942257883,14.762168202501686,,,,,10.0
850,2021-11,0.0,0.0027597071712079,15.640746392144104,,,,,10.0
851,2021-11,0.0,0.0002803959150263,10.980696750217035,,,,,10.0
852,2021-11,0.0,0.0005211328836242,11.935145838120423,,,,,40.0
853,2021-11,0.0,0.0008577293506853,18.69705764036477,,,,,20.0
854,2021-11,0.0,0.0011565230309078,18.85689035931192,,,,,10.0
855,2021-11,0.0,0.0,18.38006981349425,,,,,
856,2021-11,0.0,0.0,19.239331310884477,,,,,
857,2021-11,0.0,0.0,21.52116373052044,,,,,
858,2021-11,0.0,0.0,19.83710426727597,,,,,
859,2021-11,0.0,0.0,24.46716457790801,,,,,
861,2021-11,0.0,0.0016512157504621,13.285958940554902,,,,,30.0
862,2021-11,0.0,0.0016599303559236,13.74768269856772,,,,,30.0
863,2021-11,0.0,0.001670325851072,13.845677015516529,,,,,50.0
864,2021-11,0.0,0.0017745541517797,14.509631754557324,,,,,10.0
865,2021-11,0.0,0.0025400342528882,15.93351847330733,,,,,10.0
866,2021-11,0.0,0.00235083420921,16.303307621062775,,,,,30.0
867,2021-11,0.0,0.0010859214606363,17.57379059816458,,,,,10.0
868,2021-11,0.0,0.0004736444363249,17.076827193050917,,,,,20.0
869,2021-11,0.0,0.0008717312897109,22.73656073676216,,,,,30.0
870,2021-11,0.0,0.0008125575368467,23.438016086154533,,,,,30.0
871,2021-11,0.0,0.001073623397436,23.592162407769138,,,,,30.0
872,2021-11,0.0,0.0010649073470135,23.461643368973714,,,,,30.0
873,2021-11,0.0,0.0028323577826085,25.14318508572052,,,,,80.0
874,2021-11,0.0,0.0,24.43072916666671,,,,,
875,2021-11,0.0,0.0,20.96253458658856,,,,,
876,2021-11,0.0,0.0,20.18955722384985,,,,,
877,2021-11,0.0,0.0,24.296915011935766,,,,,
878,2021-11,0.0,0.0,,,,,,
879,2021-11,0.0,0.0,19.32897949218753,,,,,
880,2021-11,0.0,0.0,24.810107906281026,,,,,
881,2021-11,0.0,0.0,21.096700168185794,,,,,
882,2021-11,0.0,0.0012019546811643,25.19024134163907,,,,,30.0
883,2021-11,0.0,0.0006095266464148,24.2941331651476,,,,,10.0
884,2021-11,0.0,0.0013187075142923,23.72333088478849,,,,,10.0
885,2021-11,0.0,0.002421136232038,24.482351653744505,,,,,10.0
886,2021-11,0.0,0.0017685603788242,23.29385867648657,,,,,30.0
887,2021-11,0.0,0.0007908653346985,5.402502113260273,,,,,30.0
888,2021-11,0.0,9.394384544452116e-05,18.21814205970296,,,,,80.0
889,2021-11,0.0,0.0009860927348199,4.408952933958543,,,,,30.0
890,2021-11,0.0,0.0008922109489503,4.790838623046886,,,,,30.0
891,2021-11,0.0,0.0009079473202291,3.891767171223984,,,,,60.0
892,2021-11,2987476.876077635,0.0008368853123101,3.687906397884492,,,,,30.0
893,2021-11,0.0,0.0016076003776106,3.752100574093458,,,,,10.0
894,2021-11,0.0,0.001208429235703,2.2561973935082085,,,,,30.0
895,2021-11,0.0,0.0011398135607305,4.167265891243913,,,,,30.0
896,2021-11,0.0,0.0005191458045697,4.461079276701159,,,,,30.0
897,2021-11,0.0,0.0005977765455706,4.140143093533015,,,,,10.0
898,2021-11,0.0,0.0005303765595679,4.044389367482038,,,,,30.0
899,2021-11,0.0,0.0014033841078344,4.580351673473026,,,,,10.0
900,2021-11,47957.278127205245,0.0002358969266844,6.859874697084804,,,,,30.0
901,2021-11,0.0,0.0006661056132644,5.638658989800372,,,,,10.0
902,2021-11,0.0,7.281762948203382e-05,7.724046809005127,,,,,60.0
903,2021-11,0.0,0.0018173396430419,11.40789591471357,,,,,10.0
904,2021-11,0.0,7.678578467382448e-05,8.2221629338634,,,,,60.0
905,2021-11,0.0,0.0002377977526477,4.549679344287839,,,,,20.0
906,2021-11,14128306.444530092,5.241357771006056e-05,10.066690799760636,,,,,30.0
907,2021-11,104253.96521071348,2.2431401400050768e-06,19.327211874502694,,,,,60.0
908,2021-11,0.0,7.612873960169964e-05,15.48945597330732,,,,,10.0
909,2021-11,0.0,0.0006035699198215,21.724433818812507,,,,,10.0
910,2021-11,0.0,0.0,15.85747816297744,,,,,
911,2021-11,0.0,0.0032015154247346,,,,,,80.0
912,2021-11,0.0,0.0010745377174036,4.608014285925694,,,,,30.0
913,2021-11,0.0,0.0029742421043603,5.946288266389284,,,,,10.0
914,2021-11,438466.205427282,0.0012528458719316,12.556036979769504,,,,,10.0
915,2021-11,0.0,1.162757325801067e-05,10.226272922092022,,,,,60.0
916,2021-11,0.0,2.1411857421204838e-06,17.07370221173324,,,,,60.0
917,2021-11,0.0,0.0001685215608052,23.173611083984405,,,,,20.0
918,2021-11,0.0,1.6601580864517018e-05,19.962809423257053,,,,,60.0
919,2021-11,0.0,0.0002825572007891,18.10898944257336,,,,,10.0
920,2021-11,0.0,0.0,,,,,,10.0
921,2021-11,0.0,2.8844002372352406e-05,24.766516791449703,,,,,80.0
922,2021-11,0.0,4.78510543568215e-05,24.01235175238717,,,,,10.0
923,2021-11,0.0,8.81137435499113e-05,14.626919894748283,,,,,20.0
924,2021-11,0.0,0.0003444464986387,14.464321937090112,,,,,10.0
925,2021-11,0.0,0.0,24.238917371961836,,,,,
926,2021-11,0.0,0.0,25.0898810492622,,,,,
927,2021-11,0.0,0.0,24.230694580078165,,,,,
928,2021-11,0.0,0.0034620126956455,-1.5940273215553753,,,,,10.0
929,2021-11,0.0,0.0033413902143793,-1.3995790269639556,,,,,10.0
930,2021-11,0.0,0.0028262647360045,-0.4910957771736333,,,,,10.0
931,2021-11,0.0,0.0034402048462383,-0.5752866464703541,,,,,10.0
932,2021-11,0.0,0.006255189463155,-1.360748208813371,,,,,10.0
933,2021-11,0.0,0.0056497908234842,-2.9556824198170863,,,,,10.0
934,2021-11,0.0,0.0064736658074873,-7.121992360464027,,,,,10.0
935,2021-11,0.0,0.0084163021032873,-6.547252272097978,,,,,10.0
936,2021-11,0.0,0.0058569430948409,-1.6961213082978026,,,,,10.0
937,2021-11,2296422.683707743,0.0048930090514696,0.4036649941212117,,,,,10.0
938,2021-11,8115640.504250858,0.0053935395031442,-1.044057825767004,,,,,10.0
939,2021-11,1075745.0629888738,0.0076985265243621,-2.538576308995055,,,,,10.0
940,2021-11,1416966.6925901792,0.0053880392393882,2.297815619574676,,,,,10.0
941,2021-11,0.0,0.0021995830769204,3.9445573971595542,,,,,30.0
942,2021-11,0.0,0.0089566672570306,-0.7086157527970443,,,,,10.0
943,2021-11,1299952.2674305183,0.0028551860635343,2.721815629438946,,,,,10.0
944,2021-11,0.0,0.000696233959424,3.264771850851912,,,,,30.0
945,2021-11,0.0,0.0032907086956997,-1.2224258987991732,,,,,10.0
946,2021-11,0.0,0.0030607594700187,-0.775381639268641,,,,,10.0
947,2021-11,0.0,0.0136827290675269,-3.300572426298725,,,,,10.0
948,2021-11,0.0,0.0022088782970968,0.1168653700087105,,,,,10.0
949,2021-11,0.0,0.003349539834744,-0.854041764003749,,,,,10.0
950,2021-11,0.0,0.0173695230965677,3.911186726888033,,,,,10.0
951,2021-11,0.0,0.0051186333026528,0.9570131089952448,,,,,10.0
952,2021-11,0.0,0.0031623115511695,-1.8883259535269852,,,,,10.0
953,2021-11,0.0,0.0021378781512675,5.874598413906071,,,,,40.0
954,2021-11,0.0,0.003335389195369,-0.6374287923176821,,,,,10.0
955,2021-11,0.0,0.0004355734187185,-23.56246939535969,,,,,30.0
956,2021-11,0.0,0.0012963388930827,-15.036717308892124,,,,,80.0
957,2021-11,0.0,0.0006754848594331,-11.86381825229576,,,,,30.0
958,2021-11,0.0,0.0004950289413197,-16.807206939369102,,,,,80.0
959,2021-11,0.0,0.0003105422058849,-21.51195949978296,,,,,30.0
960,2021-11,0.0,0.0034620672970467,-15.934828604238984,,,,,10.0
961,2021-11,0.0,0.0008260875342941,-17.19742576962423,,,,,30.0
962,2021-11,0.0,0.0013590800463307,-12.355554476944835,,,,,10.0
963,2021-11,0.0,0.00096950732849,-15.03302458586514,,,,,10.0
964,2021-11,0.0,0.001918751547287,-11.431043228192864,,,,,10.0
965,2021-11,0.0,0.0039073450371892,-8.090210582591846,,,,,10.0
966,2021-11,0.0,0.0039302780486733,-11.725198703341992,,,,,10.0
967,2021-11,0.0,0.00153742019373,-18.91209267633163,,,,,10.0
968,2021-11,0.0,0.0045743683343942,-7.771092817518423,,,,,10.0
969,2021-11,0.0,0.0007361493492984,-14.04260050455727,,,,,30.0
970,2021-11,0.0,0.0008292466941034,-15.641842936628477,,,,,30.0
971,2021-11,0.0,0.0005445042734208,-11.272720890156682,,,,,30.0
972,2021-11,0.0,0.0007372669363879,-12.483668574580406,,,,,30.0
973,2021-11,0.0,0.0003499460205299,-15.814959716796864,,,,,80.0
974,2021-11,0.0,0.0008404329528275,-19.659032977068843,,,,,10.0
975,2021-11,0.0,0.0005082776879135,-16.565016411675323,,,,,10.0
976,2021-11,0.0,0.0034104120395861,-15.789025949061582,,,,,70.0
977,2021-11,0.0,0.0020631764623081,-12.263279758029489,,,,,10.0
978,2021-11,0.0,0.0001645730917516,-14.327031114366292,,,,,80.0
979,2021-11,0.0,0.0012209387605253,-22.36576368543835,,,,,70.0
980,2021-11,0.0,0.0017639989715602,-12.17216864691838,,,,,10.0
981,2021-11,0.0,0.0006550895159307,-12.29346042209201,,,,,80.0
982,2021-11,0.0,0.0046484636899865,-13.36000992709364,,,,,10.0
983,2021-11,0.0,0.0017432946526816,-12.087731594509528,,,,,10.0
984,2021-11,0.0,0.0003441723172727,-21.487712266710048,,,,,30.0
985,2021-11,0.0,0.0075737284605565,-4.964472791883651,,,,,10.0
986,2021-11,0.0,0.0,,,,,,80.0
987,2021-11,0.0,0.0022494541590276,-8.980495349271772,,,,,10.0
988,2021-11,0.0,0.0002528196309867,-19.59952677408852,,,,,30.0
989,2021-11,0.0,0.0002654112815269,-19.395922022689987,,,,,10.0
990,2021-11,0.0,0.0003245101204531,-17.88695384837961,,,,,30.0
991,2021-11,0.0,0.0004042605047288,-15.070197347005182,,,,,30.0
992,2021-11,0.0,0.000302125710732,,,,,,90.0
993,2021-11,0.0,0.0014638584735992,-10.682707691349655,,,,,80.0
994,2021-11,2481864.096310191,0.0015373811736608,-5.812212451242409,,,,,10.0
995,2021-11,0.0,0.0006567635613084,-11.691446085022244,,,,,80.0
996,2021-11,0.0,0.0013181185351294,-4.5151502808376645,0.0441115867674822,8.620887274568508,1.5119786158405306,0.8259865167812599,10.0
997,2021-11,0.0,0.0011680297961621,-6.537363396281077,,,,,10.0
998,2021-11,0.0,0.0,,,,,,10.0
999,2021-11,0.0,0.0016877559274414,-6.043825177448533,0.0431315158717523,15.100461166138746,1.8328603237166112,1.1886517602555828,80.0
1000,2021-11,3990976.768855079,0.0038090799806372,-6.15788684989007,,,,,10.0
1001,2021-11,0.0,0.0013144424920672,-2.1915023156368134,,,,,10.0
1002,2021-11,0.0,0.0,,,,,,30.0
1003,2021-11,0.0,0.000880943932619,-16.967232937282965,,,,,80.0
1004,2021-11,0.0,0.0005768202354374,-17.483085952570388,,,,,80.0
1005,2021-11,0.0,0.0006665495732574,-17.951065402560737,,,,,80.0
1006,2021-11,0.0,0.0007445721351429,-18.636810845269075,,,,,30.0
1007,2021-11,0.0,0.0007427993472707,-17.853898596385147,,,,,80.0
1008,2021-11,0.0,0.0007345226392014,-17.659134250216994,,,,,80.0
1009,2021-11,0.0,0.0007772646332644,-17.274874610231613,,,,,80.0
1010,2021-11,0.0,0.0008262321905584,-17.41918139045619,,,,,80.0
1011,2021-11,0.0,0.0007463306805716,-17.8910857024016,,,,,80.0
1012,2021-11,0.0,0.0006124669356829,-17.708114104094303,,,,,10.0
1013,2021-11,0.0,0.0008596447331665,-12.762023148970153,,,,,10.0
1014,2021-11,0.0,0.0007572836599322,-13.979658086416926,,,,,10.0
1015,2021-11,0.0,0.00074587609622,-15.53359141408659,,,,,10.0
1016,2021-11,0.0,0.0007573901091242,-12.846964389927011,,,,,80.0
1017,2021-11,0.0,0.0005979620827669,-13.879893917507571,,,,,80.0
1018,2021-11,0.0,0.0006835658753134,-13.912834969979722,,,,,10.0
1019,2021-11,0.0,0.0007158066920445,-12.369175986638124,,,,,10.0
1020,2021-11,0.0,0.0006156178814276,-14.461815366391765,,,,,80.0
1021,2021-11,0.0,0.000618435970763,-13.179414876302062,,,,,80.0
1022,2021-11,0.0,0.0006708311026159,-11.231029745973172,,,,,80.0
1023,2021-11,0.0,0.0006118875204073,-12.829606647255956,,,,,80.0
1024,2021-11,0.0,0.0007170984057525,-12.28972255161828,,,,,30.0
1025,2021-11,0.0,0.0008960631023166,-9.566469053713044,,,,,10.0
1026,2021-11,0.0,0.0011894709710298,-9.213234168672376,,,,,10.0
1027,2021-11,0.0,0.0015203832096459,-10.87919045987075,,,,,10.0
1028,2021-11,0.0,0.0014596396876032,-9.92778279622394,,,,,10.0
1029,2021-11,0.0,0.0012580128495756,-9.340184242704968,,,,,10.0
1030,2021-11,0.0,0.0011998339749962,-10.042010498046846,0.0909638539353565,,0.2475896753506992,,80.0
1031,2021-11,0.0,0.0012432007405593,-10.312975160165667,0.084986436447689,,0.6819637746486488,,80.0
1032,2021-11,0.0,0.0012655932271292,-8.396575927734355,0.0624797570830985,19.493111583484943,1.682839810680862,1.1602673179338228,10.0
1033,2021-11,0.0,0.001461005916875,-9.174484260815342,,,,,10.0
1034,2021-11,0.0,0.0015998801106487,-8.031555782563482,0.0483955852121686,13.048262392240463,1.1653050518564474,0.979700350314452,80.0
1035,2021-11,0.0,0.0016485613046633,-8.137973916410163,0.0564844536550459,16.83509928937609,1.9154180102041265,1.1554232443173458,10.0
1036,2021-11,0.0,0.0016669039058407,-7.077018907335045,0.064505737704918,12.161610632443002,-1.0498743818729976,2.109695661956861,80.0
1037,2021-11,0.0,0.0010896297280851,-5.766192626953114,,,,,80.0
1038,2021-11,0.0,0.0017360172654055,-7.921801418728286,0.0701905248210215,9.626570230552202,1.975050571328419,0.6295275297017603,80.0
1039,2021-11,0.0,0.0009329489851855,-4.552043863932272,,,,,10.0
1040,2021-11,0.0,0.0012162205110309,-5.3149315351321,0.0349994309290083,,,,10.0
1041,2021-11,0.0,0.0009574216589195,-3.5683139377169937,,,,,10.0
1042,2021-11,0.0,0.001027905807051,-2.694806360315372,,,,,10.0
1043,2021-11,0.0,0.0012187840526166,-4.53229525127106,,,,,10.0
1044,2021-11,0.0,0.0011872159426275,-3.587397387903956,,,,,10.0
1045,2021-11,0.0,0.0010994522370662,-3.5637265672870475,,,,,10.0
1046,2021-11,0.0,0.0007004076724115,-15.5446797688802,,,,,80.0
1047,2021-11,0.0,0.0007849456851545,-15.994607883029488,,,,,80.0
1048,2021-11,0.0,0.0007748277967039,-16.42864108615449,,,,,80.0
1049,2021-11,0.0,0.0005797641460958,-18.255751546223934,,,,,30.0
1050,2021-11,0.0,0.0005652895306411,-18.189677598741294,,,,,80.0
1051,2021-11,0.0,0.0006152046953502,-18.336772325303805,,,,,80.0
1052,2021-11,0.0,0.0006859628592792,-17.698987042462363,,,,,80.0
1053,2021-11,0.0,0.0006030248587194,-18.042454020182262,,,,,10.0
1054,2021-11,0.0,0.0007113674764696,-17.81123792860241,,,,,80.0
1055,2021-11,0.0,0.0005172974140025,-19.28742662217881,,,,,10.0
1056,2021-11,0.0,0.0005657653329965,-18.925293646918377,,,,,10.0
1057,2021-11,0.0,0.0009496424249341,-16.81588406032983,,,,,10.0
1058,2021-11,0.0,0.0006048768139052,-19.97910007052949,,,,,10.0
1059,2021-11,0.0,0.0009821066742006,-13.99057902018228,,,,,10.0
1060,2021-11,0.0,0.0005675465909007,-19.405556074154894,,,,,10.0
1061,2021-11,0.0,0.0010604402159515,-12.395729573567678,,,,,10.0
1062,2021-11,0.0,0.0006202729528013,-17.879492865668368,,,,,80.0
1063,2021-11,0.0,0.0008253290737532,-12.347934977213528,,,,,10.0
1064,2021-11,0.0,0.000794713396317,-13.833618842230862,,,,,80.0
1065,2021-11,0.0,0.0007949108367029,-13.662649875217008,,,,,10.0
1066,2021-11,0.0,0.0006527574842039,-15.501691351996511,,,,,80.0
1067,2021-11,0.0,0.0007773709282143,-12.741112603081575,,,,,80.0
1068,2021-11,0.0,0.00074607228089,-14.023038510923016,,,,,80.0
1069,2021-11,0.0,0.0006694952135148,-13.36120854130496,,,,,80.0
1070,2021-11,0.0,0.0006193900590005,-13.987497287326365,,,,,30.0
1071,2021-11,0.0,0.0006660297622147,-12.474335621021396,,,,,10.0
1072,2021-11,0.0,0.0006462475394073,-13.289079454210023,,,,,30.0
1073,2021-11,0.0,0.0007078303133312,-13.06884562174478,,,,,80.0
1074,2021-11,0.0,0.0006563163782023,-12.506122504340254,,,,,80.0
1075,2021-11,0.0,0.0008585071300331,-14.45629860206884,,,,,10.0
1076,2021-11,0.0,0.0006375992779794,-11.06194322374128,,,,,80.0
1077,2021-11,0.0,0.0006253716334564,-11.191686333550308,,,,,80.0
1078,2021-11,0.0,0.0006138114367786,-11.18160603841143,,,,,30.0
1079,2021-11,0.0,0.0006746323888364,-12.322621663411429,,,,,10.0
1080,2021-11,0.0,0.0005110300565623,-10.048850052444996,,,,,10.0
1081,2021-11,0.0,0.0009825928245845,-7.159102602358208,,,,,10.0
1082,2021-11,0.0,0.0015957625691953,-14.095260281032964,,,,,10.0
1083,2021-11,0.0,0.0015047304441395,-14.45828156647857,,,,,10.0
1084,2021-11,0.0,0.0015239886427783,-12.378936767578123,,,,,10.0
1085,2021-11,0.0,0.0012141345177951,-9.1126281738281,,,,,10.0
1086,2021-11,0.0,0.0012359069769445,-7.784614393446134,,,,,80.0
1087,2021-11,0.0,0.0020036416237417,-11.034279830367458,,,,,10.0
1088,2021-11,0.0,0.0012553753440442,-7.751959228515602,,,,,10.0
1089,2021-11,0.0,0.0013545649235311,-8.940575493706575,0.0581126984126984,,0.0924399812436203,,10.0
1090,2021-11,0.0,0.00147974212814,-5.518832058376707,0.0765752922722619,6.34550932783087,1.8240258114115195,0.8605603984966416,80.0
1091,2021-11,0.0,0.0016669863944116,-8.037119353763615,0.0552687580623688,16.11474382815944,0.2796816697920763,1.924223415894723,10.0
1092,2021-11,0.0,0.0014853182668351,-9.32512546115449,,,,,10.0
1093,2021-11,0.0,0.0012342563346795,-9.233924357096328,,,,,10.0
1094,2021-11,0.0,0.0013084153499882,-9.547942663122084,,,,,10.0
1095,2021-11,0.0,0.0010927639389895,-6.487101236979157,,,,,10.0
1096,2021-11,0.0,0.0012131488398484,-5.970130072699635,,,,,10.0
1097,2021-11,0.0,0.0016135403995576,-6.849589029947893,0.0419672722747635,26.104959013941787,2.113390216574466,1.4671697496876894,10.0
1098,2021-11,0.0,0.0015784225846194,-7.214511673538747,0.0665925136784511,21.80857829613385,1.5002992358919118,0.8917723413872798,10.0
1099,2021-11,0.0,0.0017684707527223,-8.327741834852418,0.08643235428051,21.435576870739904,1.2267443424432718,1.907984469623668,10.0
1100,2021-11,0.0,0.0012103440349164,-6.658853940610527,,,,,10.0
1101,2021-11,0.0,0.0011944413028166,-3.888235541449632,,,,,10.0
1102,2021-11,0.0,0.0009901815070147,-3.292860469111654,,,,,10.0
1103,2021-11,0.0,0.0,,,,,,30.0
1104,2021-11,0.0,0.001696285802609,-2.1749708387586453,,,,,10.0
1105,2021-11,0.0,0.0037780022357765,-1.2581604003905935,,,,,10.0
1106,2021-11,0.0,0.0013430293551613,-2.575428423965165,,,,,10.0
1107,2021-11,0.0,0.0016234787290159,,0.0402539682539682,,,,10.0
1108,2021-11,0.0,0.0,,,,,,80.0
1109,2021-11,0.0,0.0,,,,,,30.0
1110,2021-11,0.0,0.0,,,,,,30.0
1111,2021-11,0.0,0.0007032873218122,,,,,,30.0
1112,2021-11,0.0,0.0,,,,,,30.0
1113,2021-11,0.0,0.0,,,,,,30.0
1114,2021-11,0.0,0.0,,,,,,30.0
1115,2021-11,0.0,0.0,-17.99749688042533,,,,,80.0
1116,2021-11,0.0,0.0,,,,,,30.0
1117,2021-11,0.0,0.0,,,,,,10.0
1118,2021-11,0.0,0.0012380825464788,-8.041067843966971,0.0913863636363636,,,,10.0
1119,2021-11,0.0,0.0,,,,,,10.0
1120,2021-11,0.0,0.0,,0.0861316964285714,18.652159547805788,1.412506103515625,2.561603883902232,80.0
1121,2021-11,0.0,0.0007203764701747,-15.745823491621122,,,,,80.0
1122,2021-11,0.0,0.0,,,,,,30.0
1123,2021-11,0.0,0.0005767310824673,-16.94288845742021,,,,,80.0
1124,2021-11,0.0,0.0007394103015001,-14.250447580381234,,,,,80.0
1125,2021-11,0.0,0.0007997628579852,-13.33019381255104,,,,,80.0
1126,2021-11,0.0,0.0009857520191099,-12.747034720351389,,,,,80.0
1127,2021-11,0.0,0.0010316111730096,-13.205509917333766,,,,,80.0
1128,2021-11,0.0,0.0010735609075174,-11.4051536572344,,,,,80.0
1129,2021-11,0.0,0.0010993061696353,-9.66305487005558,,,,,80.0
1130,2021-11,0.0,0.0005447395875914,-16.156867268880188,,,,,80.0
1131,2021-11,0.0,0.0005330471431079,-16.767648099648802,,,,,80.0
1132,2021-11,0.0,0.0005742807848686,-16.443031469639035,,,,,80.0
1133,2021-11,0.0,0.0005960261844917,-18.53398646847635,,,,,100.0
1134,2021-11,0.0,0.0007145083179221,-15.611856327763284,,,,,100.0
1135,2021-11,0.0,0.0005773650591436,-16.923214318007993,,,,,80.0
1136,2021-11,0.0,0.000602783848634,-15.681459554036431,,,,,80.0
1137,2021-11,0.0,0.0008203943712272,-15.20555846769043,,,,,80.0
1138,2021-11,0.0,0.0006161453311506,-15.7933580638744,,,,,80.0
1139,2021-11,0.0,0.0009258353799707,-14.042819824218729,,,,,80.0
1140,2021-11,0.0,0.0006962063598621,-15.092469584147114,,,,,30.0
1141,2021-11,0.0,0.0008162112054349,-13.542994629781289,,,,,80.0
1142,2021-11,0.0,0.0007598611488279,-14.95828880027486,,,,,80.0
1143,2021-11,0.0,0.0009057242532435,-13.948805896146771,,,,,80.0
1144,2021-11,0.0,0.0009978406447367,-13.565321622839267,,,,,80.0
1145,2021-11,0.0,0.0008555003127681,-14.856803159360512,,,,,80.0
1146,2021-11,0.0,0.0006202040349307,-14.600768364800322,,,,,30.0
1147,2021-11,0.0,0.0009285885655691,-14.976670554832152,,,,,80.0
1148,2021-11,0.0,0.0005758364483578,-15.073540872240796,,,,,80.0
1149,2021-11,0.0,0.001011170975188,-13.442512985140237,,,,,80.0
1150,2021-11,0.0,0.0,,,,,,30.0
1151,2021-11,0.0,0.0006960465992354,-13.06783546382544,,,,,80.0
1152,2021-11,0.0,0.0007582717469351,-13.32407392035588,,,,,80.0
1153,2021-11,0.0,0.0006828444187704,-14.486957126193552,,,,,80.0
1154,2021-11,0.0,0.0007098860526942,-13.0637145091869,,,,,80.0
1155,2021-11,0.0,0.0013911481339444,-12.82519619933558,,,,,30.0
1156,2021-11,0.0,0.0007943628051078,-13.762372019934254,,,,,80.0
1157,2021-11,0.0,0.0007429616634908,-13.499157036675342,,,,,30.0
1158,2021-11,0.0,0.0010706935453137,-13.990916612413171,,,,,30.0
1159,2021-11,0.0,0.0007979909744542,-12.528715533974706,,,,,80.0
1160,2021-11,0.0,0.0009374609326187,-11.59532964129099,,,,,80.0
1161,2021-11,0.0,0.0010165171806875,-13.23573130731995,,,,,80.0
1162,2021-11,0.0,0.0,,,,,,30.0
1163,2021-11,0.0,0.0009842043674282,-11.16169591833042,,,,,80.0
1164,2021-11,0.0,0.0010196654649108,-11.05483158817995,,,,,80.0
1165,2021-11,0.0,0.0006446177249017,-18.082229953341983,,,,,80.0
1166,2021-11,0.0,0.0005931851252777,-17.349916585286422,,,,,80.0
1167,2021-11,0.0,0.0,-15.570570882161434,,,,,80.0
1168,2021-11,0.0,0.0006491538867218,-16.475974527994765,,,,,80.0
1169,2021-11,0.0,0.0006253631894651,-17.85192667643227,,,,,80.0
1170,2021-11,0.0,0.0006277235333982,-17.7536912706163,,,,,80.0
1171,2021-11,0.0,0.0007177762175463,-16.15324639214407,,,,,80.0
1172,2021-11,0.0,0.0004839161520067,-17.678247748480885,,,,,80.0
1173,2021-11,0.0,0.0007606456165376,-16.938971625434007,,,,,100.0
1174,2021-11,0.0,0.0008967677240434,-17.016243263527183,,,,,100.0
1175,2021-11,0.0,0.000622828501946,-16.10222054940679,,,,,80.0
1176,2021-11,0.0,0.0005181962733331,,,,,,80.0
1177,2021-11,0.0,0.0005111914858086,-15.323265923394075,,,,,80.0
1178,2021-11,0.0,0.0009480109547439,-14.272649875216985,,,,,30.0
1179,2021-11,0.0,0.0007796160365008,-13.984909396701369,,,,,80.0
1180,2021-11,0.0,0.0008111245418452,-15.32304280598956,,,,,30.0
1181,2021-11,0.0,0.0009613270049158,-14.58024744104454,,,,,30.0
1182,2021-11,0.0,0.0006762106701595,-14.002995469835056,,,,,80.0
1183,2021-11,0.0,0.0008462006335321,-14.086083306206566,,,,,30.0
1184,2021-11,0.0,0.0010472905620796,-15.080784098307277,,,,,30.0
1185,2021-11,0.0,0.0006359526996675,-14.145328097873232,,,,,80.0
1186,2021-11,0.0,0.0010337019448343,-13.694431559244766,,,,,30.0
1187,2021-11,0.0,0.000726192890094,-14.14391072591144,,,,,80.0
1188,2021-11,0.0,0.0007252479081216,-13.979992901837344,,,,,30.0
1189,2021-11,0.0,0.0006825504933658,-14.362379512080414,,,,,80.0
1190,2021-11,0.0,0.001312126416451,-13.145508878193189,,,,,30.0
1191,2021-11,0.0,0.0010921569650236,-13.849578405309575,,,,,30.0
1192,2021-11,0.0,0.0,,,,,,30.0
1193,2021-11,0.0,0.0007475691025319,-12.52176717122394,,,,,80.0
1194,2021-11,0.0,0.0009221108739438,-12.642538113064203,,,,,80.0
1195,2021-11,0.0,0.0010556327288213,-13.256278257016769,,,,,30.0
1196,2021-11,0.0,0.0009853563691043,-13.847136094835037,,,,,80.0
1197,2021-11,0.0,0.000978929001576,-13.163592077184584,,,,,30.0
1198,2021-11,0.0,0.0009893560891214,-11.451488127531812,,,,,80.0
1199,2021-11,0.0,0.0,,,,,,80.0
1200,2021-11,0.0,0.0007776366655889,,,,,,30.0
1201,2021-11,0.0,0.0007616253678861,-14.621590847439222,,,,,100.0
1202,2021-11,0.0,0.0007275325754432,-13.835548909505183,,,,,80.0
1203,2021-11,0.0,0.0,,,,,,30.0
1204,2021-11,0.0,0.0009780349319044,,,,,,30.0
1205,2021-11,0.0,0.0,,,,,,30.0
1206,2021-11,0.0,0.0002013208453718,-20.74736460529305,,,,,100.0
1207,2021-11,0.0,0.0004470391308132,-17.67094951428863,,,,,80.0
1208,2021-11,0.0,0.0004429137443366,-20.114920111762128,,,,,100.0
1209,2021-11,0.0,0.0006253110354009,-21.18362752278643,,,,,100.0
1210,2021-11,0.0,0.0003818133955064,-21.32210819304933,,,,,100.0
1211,2021-11,0.0,0.0005509061847988,-18.26439954969616,,,,,100.0
1212,2021-11,0.0,0.0005452232544485,-16.059391954210025,,,,,100.0
1213,2021-11,0.0,0.0004838379209104,-19.24724692692831,,,,,100.0
1214,2021-11,0.0,0.000444279063231,-20.057400851779494,,,,,80.0
1215,2021-11,0.0,0.0004563399566645,-18.435672336154493,,,,,100.0
1216,2021-11,0.0,0.0004337104146543,-17.471348876953094,,,,,80.0
1217,2021-11,0.0,0.0004140284642441,-19.562889494719304,,,,,100.0
1218,2021-11,0.0,0.0003601135795179,-17.08062224211515,,,,,100.0
1219,2021-11,0.0,0.0007931440394433,-15.243788389175638,,,,,80.0
1220,2021-11,0.0,0.0006197438030559,-12.107285243595229,,,,,100.0
1221,2021-11,0.0,0.000404304666352,-21.039760705196475,,,,,80.0
1222,2021-11,0.0,0.0004836101460179,-12.991654168991795,,,,,80.0
1223,2021-11,0.0,0.0006569577490154,-11.88702637762084,,,,,100.0
1224,2021-11,0.0,0.0005508869374655,-21.656945665147543,,,,,100.0
1225,2021-11,0.0,0.0004832299535337,-13.110794949001718,,,,,80.0
1226,2021-11,0.0,0.0,-13.915544297960023,,,,,80.0
1232,2021-11,0.0,0.0056955898289743,-13.04198698820889,,,,,100.0
1233,2021-11,0.0,0.0,,,,,,100.0
1234,2021-11,0.0,0.0,,,,,,100.0
1235,2021-11,0.0,0.0,,,,,,100.0
1236,2021-11,0.0,0.0,,,,,,100.0
1241,2021-11,0.0,0.002297700393683,-13.354666670541889,,,,,70.0
1242,2021-11,0.0,0.002102625567204,-10.886153564453103,,,,,100.0
1243,2021-11,0.0,0.0022274169973065,-13.22658081054685,,,,,30.0
1244,2021-11,0.0,0.0021457128069804,-13.139429001581078,,,,,100.0
1245,2021-11,0.0,0.002421517867333,-12.298659842354889,,,,,100.0
1246,2021-11,0.0,0.0,,,,,,100.0
1247,2021-11,0.0,0.0035552081450684,-14.38229505750867,,,,,100.0
1248,2021-11,0.0,0.0,,,,,,100.0
1249,2021-11,0.0,0.0,,,,,,100.0
1250,2021-11,0.0,0.0,,,,,,100.0
1251,2021-11,0.0,0.005764459270722,-13.109478372240815,,,,,70.0
1252,2021-11,0.0,0.0,,,,,,100.0
1253,2021-11,0.0,0.0067424466942611,-11.845289306640607,,,,,100.0
1256,2021-11,0.0,0.0,,,,,,100.0
1650,2021-11,0.0,0.0,23.436388696146317,,,,,
1654,2021-11,0.0,0.0,26.567386203342046,,,,,
453,2021-12,0.0,0.0012370118116514,-12.64180359126713,,,,,40.0
454,2021-12,0.0,0.0013639866153437,-23.842960574303124,,,,,80.0
455,2021-12,0.0,0.0014591803753118,-23.952353239176364,,,,,80.0
456,2021-12,0.0,0.0016101871078824,-22.351182879271807,0.1045454545454545,,-0.194967937974479,,80.0
457,2021-12,0.0,0.001667827181148,-18.98917747071496,0.296,,-0.4173206291576423,,10.0
458,2021-12,0.0,0.0009157867671679,-19.96163440553943,,,,,80.0
459,2021-12,0.0,0.0,,,,,,10.0
460,2021-12,0.0,0.001365360477248,-18.299591071530763,,,,,80.0
461,2021-12,0.0,0.0013560483573248,-17.22539838893437,,,,,80.0
462,2021-12,0.0,0.00109754553177,-15.804670251426488,0.2129666666666667,,,,10.0
463,2021-12,0.0,0.0008219853237172,-13.07570581475448,,,,,80.0
464,2021-12,0.0,0.0016069308177437,-12.777825829290553,,,,,10.0
465,2021-12,0.0,0.0017742012440237,-9.655451946749675,,,,,10.0
466,2021-12,0.0,0.0015982322457415,-9.482302790816089,,,,,10.0
467,2021-12,0.0,0.0011416914151899,-26.774634533701484,,,,,80.0
468,2021-12,0.0,0.0012818442867986,-25.862849114530803,,,,,80.0
469,2021-12,0.0,0.0015074580456622,-22.970249975803853,,,,,10.0
470,2021-12,0.0,0.0010595363464744,-21.720940313617547,,,,,10.0
471,2021-12,0.0,0.0015537129925481,-22.59479794883953,,,,,10.0
472,2021-12,0.0,0.0010377181808787,-21.53226290370449,,,,,10.0
473,2021-12,0.0,0.0011485387471111,-23.58294825114729,,,,,80.0
474,2021-12,0.0,0.0013900864929884,-23.367268847393703,,,,,10.0
475,2021-12,0.0,0.0011212193484468,-20.928901026512264,,,,,10.0
476,2021-12,0.0,0.0014784311860322,-22.01797846610476,,,,,10.0
477,2021-12,0.0,0.0013181483406047,-19.71880247826667,,,,,10.0
478,2021-12,0.0,0.0011215248876979,-20.058497759497055,0.2115308988764045,,,,10.0
479,2021-12,0.0,0.001174963450384,-20.06717347503988,,,,,10.0
480,2021-12,0.0,0.0015772860182271,-19.730473179971,,,,,10.0
481,2021-12,0.0,0.0013135925480058,-21.072286228922792,,,,,10.0
482,2021-12,0.0,0.0013585355964096,-18.69972985198134,0.19,,,,10.0
483,2021-12,0.0,0.001506651896913,-19.19374541689416,0.1061111111111111,,-0.5243900317500755,,10.0
484,2021-12,0.0,0.0012944959935339,-21.185929010394144,,,,,10.0
485,2021-12,0.0,0.0016871019432593,-19.13596456266949,,,,,10.0
486,2021-12,0.0,0.0017328105456423,-19.79967816534006,,,,,10.0
487,2021-12,0.0,0.001194136207232,-20.62519199822536,,,,,10.0
488,2021-12,0.0,0.0016698600382841,-19.656461249457447,0.1236666666666666,,,,10.0
489,2021-12,0.0,0.0013443989794093,-20.329482168950133,,,,,10.0
490,2021-12,0.0,0.0010201047846904,-18.335545504768707,0.0917512211981566,,-0.2565725030629815,,10.0
491,2021-12,0.0,0.0016032400621219,-19.58553731113184,0.204,,,,10.0
492,2021-12,0.0,0.0012827756093732,-20.550523906967527,,,,,10.0
493,2021-12,0.0,0.0014373383554067,-18.44010997989927,0.190125,,,,10.0
494,2021-12,0.0,0.0014466618479816,-18.510740265705785,0.1805,,,,80.0
495,2021-12,0.0,0.0012468714166971,-20.31605779176115,,,,,10.0
496,2021-12,0.0,0.0013683496667403,-19.72682728697475,,,,,10.0
497,2021-12,0.0,0.0010052335880703,-17.749834012814297,0.0568708448309325,,1.225611354744682,,10.0
498,2021-12,0.0,0.0015131306734474,-19.152692164486,,,,,80.0
499,2021-12,0.0,0.0011999819194638,-19.197043010752665,,,,,80.0
500,2021-12,0.0,0.0012842371649336,-18.323923262480825,0.1366136363636363,,-0.712493896484375,,10.0
501,2021-12,0.0,0.0015763741817863,-19.101148561718155,,,,,80.0
502,2021-12,0.0,0.00149209470419,-19.039325377761656,,,,,10.0
503,2021-12,0.0,0.0015703881990702,-19.16654335304541,,,,,10.0
504,2021-12,0.0,0.0012114206894174,-19.611456744169107,,,,,10.0
505,2021-12,0.0,0.001194251949932,-19.38463151902136,,,,,10.0
506,2021-12,0.0,0.000820182719508,-19.379461046444447,,,,,10.0
507,2021-12,0.0,0.0008676805094761,-19.02861449034178,,,,,10.0
508,2021-12,0.0,0.0014129807141216,-18.982287352328026,,,,,10.0
509,2021-12,0.0,0.0013241474416645,-18.462815731144264,,,,,10.0
510,2021-12,0.0,0.001487606660703,-18.57167926091018,,,,,80.0
511,2021-12,0.0,0.000786801324466,-19.592919757801987,,,,,10.0
512,2021-12,0.0,0.0011936095443161,-17.700107467815418,0.1022777777777777,,-0.374993896484375,,10.0
513,2021-12,0.0,0.0009475103158271,-18.288191855619463,,,,,10.0
514,2021-12,0.0,0.0014934441906007,-19.028477527249223,,,,,10.0
515,2021-12,0.0,0.0011746378825894,-18.591796948832823,,,,,10.0
516,2021-12,0.0,0.0015297273206929,-18.784295180829048,,,,,10.0
517,2021-12,0.0,0.0012579279230825,-18.806506664864028,,,,,10.0
518,2021-12,0.0,0.0008572627069346,-19.18477459276141,,,,,10.0
519,2021-12,0.0,0.0011242237773331,-18.145868871545257,0.1943809523809523,,,,10.0
520,2021-12,0.0,0.000897357367274,-18.72931528053649,,,,,80.0
521,2021-12,0.0,0.0012099243098978,-18.54386052670684,,,,,40.0
522,2021-12,0.0,0.0010841836949314,-16.393670555853056,,,,,30.0
523,2021-12,0.0,0.0009527548657006,-17.98559293407757,,,,,10.0
524,2021-12,0.0,0.0009429903529263,-17.64137209000124,,,,,10.0
525,2021-12,0.0,0.0011973153932558,-17.482125920121362,0.205811320754717,,,,10.0
526,2021-12,0.0,0.0010330929941725,-17.16986947008356,,,,,80.0
527,2021-12,0.0,0.0010837636477541,-15.960625290956092,,,,,10.0
528,2021-12,0.0,0.0010512816762946,-15.58552603772889,,,,,10.0
529,2021-12,0.0,0.0019329849397503,-17.592546983944448,,,,,80.0
530,2021-12,0.0,0.0009009526011141,-16.81551376215159,,,,,40.0
531,2021-12,0.0,0.0008433767908273,-16.24870463329717,,,,,40.0
532,2021-12,0.0,0.0009029564347656,-14.991367933485233,,,,,80.0
533,2021-12,0.0,0.000779868593714,-14.661359571570744,,,,,10.0
534,2021-12,0.0,0.0008820013631281,-14.873688376993604,,,,,40.0
535,2021-12,0.0,0.0009315115957018,-12.839623840482757,0.1335158640380745,10.732531816014856,0.6046534231087827,1.6033733759039468,30.0
536,2021-12,0.0,0.0016698271580865,-14.148480221626208,,,,,10.0
537,2021-12,0.0,0.001373136702403,-14.310935469140828,,,,,80.0
538,2021-12,0.0,0.0007322835635932,-13.610833495947883,,,,,30.0
539,2021-12,0.0,0.002245572665015,-13.142498746482246,,,,,10.0
540,2021-12,0.0,0.0,,,,,,30.0
541,2021-12,0.0,0.0008143597273285,-14.049195521078728,0.2383846153846153,,-0.4080584126134072,,40.0
542,2021-12,0.0,0.0019928929295929,-12.962978272796946,,,,,10.0
543,2021-12,0.0,0.0016310820255966,-11.251761848695788,,,,,10.0
544,2021-12,0.0,0.0028488424658629,-10.134092931166323,,,,,10.0
545,2021-12,0.0,0.0019388389673622,-9.165021996813358,,,,,10.0
546,2021-12,0.0,0.0025609573808105,-9.767939774708056,,,,,10.0
547,2021-12,0.0,0.0013162751189922,-10.905846741378925,,,,,80.0
548,2021-12,0.0,0.0013039898958595,-25.838860985540563,,,,,80.0
549,2021-12,0.0,0.0013226585673085,-26.474662239320796,,,,,80.0
550,2021-12,0.0,0.0011831340279968,-25.85613984138732,,,,,80.0
551,2021-12,0.0,0.0013680257734449,-25.99214323310439,,,,,30.0
552,2021-12,0.0,0.0011658859339149,-26.20725540653349,,,,,80.0
553,2021-12,0.0,0.0015167759941808,-22.92773123573657,,,,,10.0
554,2021-12,0.0,0.0012063500371368,-23.92631189489876,,,,,80.0
555,2021-12,0.0,0.0010399934735687,-21.22364301784061,,,,,10.0
556,2021-12,0.0,0.0014166852492313,-23.78904710995252,,,,,20.0
557,2021-12,0.0,0.0014584638477442,-23.705084392588603,,,,,10.0
558,2021-12,0.0,0.0015028503623398,-22.68837716707618,,,,,10.0
559,2021-12,0.0,0.0014779926177652,-23.350179397418916,,,,,10.0
560,2021-12,0.0,0.0012953050024104,-20.371692649267032,,,,,10.0
561,2021-12,0.0,0.0016075004723461,-20.54247470431855,,,,,10.0
562,2021-12,0.0,0.0,,,,,,30.0
563,2021-12,0.0,0.001259082763075,-19.310675869193112,,,,,10.0
564,2021-12,0.0,0.0007657413270862,-22.371792405651448,,,,,80.0
565,2021-12,0.0,0.0012939688649566,-22.35359605358491,,,,,80.0
566,2021-12,0.0,0.0014094429301015,-22.774741519394716,,,,,10.0
567,2021-12,0.0,0.001270857163945,-21.947055097463718,,,,,80.0
568,2021-12,0.0,0.0016193804231079,-19.588609406939515,,,,,10.0
569,2021-12,0.0,0.0012587924387844,-18.842698623194817,0.178125,,,,10.0
570,2021-12,0.0,0.0009149950828941,-21.148324103680118,,,,,80.0
571,2021-12,0.0,0.0007692095723541,-21.479084897370907,,,,,10.0
572,2021-12,0.0,0.0013400925438243,-18.64782132150205,0.1876,,0.2833394368489583,,10.0
573,2021-12,0.0,0.0007857163336666,-20.67038689069848,,,,,80.0
574,2021-12,0.0,0.0007579740968139,,,,,,10.0
575,2021-12,0.0,0.0013968632456453,-19.288896425308707,,,,,10.0
576,2021-12,0.0,0.0007551801290901,-20.295733412875897,,,,,10.0
577,2021-12,0.0,0.0009850081887634,-19.827926373225363,,,,,10.0
578,2021-12,0.0,0.001258955792764,-18.722356685515347,0.06894,,-1.399993896484375,,10.0
579,2021-12,0.0,0.001083204357504,-20.058983292118175,,,,,10.0
580,2021-12,0.0,0.0013008740630539,-18.251897044848345,0.1963333333333333,,,,10.0
581,2021-12,0.0,0.0012422941214632,-20.13361484978786,,,,,10.0
582,2021-12,0.0,0.0012918305483253,-20.21017551217025,,,,,10.0
583,2021-12,0.0,0.0015000320560526,-19.459521845335576,,,,,10.0
584,2021-12,0.0,0.0015675541844757,-19.047618283507617,,,,,10.0
585,2021-12,0.0,0.0009295963582189,-20.9388710736862,,,,,20.0
586,2021-12,0.0,0.0009136440442792,-17.585823009860107,,,,,10.0
587,2021-12,0.0,0.0,-18.339033809101267,,,,,80.0
588,2021-12,0.0,0.0011670616355331,-17.91040862708961,0.1286544342507645,,-0.1204907908943129,,10.0
589,2021-12,0.0,0.001121975937167,-18.192782198998216,0.143276923076923,,,,10.0
590,2021-12,0.0,0.0014980678346546,-20.109940897154893,,,,,20.0
591,2021-12,0.0,0.0009049248781593,-18.05051209371148,,,,,10.0
592,2021-12,0.0,0.0011939490779176,-15.661954326014335,,,,,10.0
593,2021-12,0.0,0.0014307212915809,-18.63520386398477,,,,,20.0
594,2021-12,0.0,0.0010042902913482,-18.751711970503592,,,,,10.0
595,2021-12,0.0,0.0010098365035446,-18.170075620777208,,,,,10.0
596,2021-12,0.0,0.0009843758828234,-18.5319386471984,,,,,40.0
597,2021-12,0.0,0.0009855952945144,-18.994502065887875,,,,,40.0
598,2021-12,0.0,0.0012159121122749,-14.838086560977388,,,,,80.0
599,2021-12,0.0,0.000985376992503,-17.582853288547938,,,,,10.0
600,2021-12,0.0,0.0011446343945256,-16.111025716583338,,,,,10.0
601,2021-12,0.0,0.0011258502390774,-16.08075971705935,,,,,10.0
602,2021-12,0.0,0.0012980319149088,-16.90220474878053,,,,,10.0
603,2021-12,0.0,0.0008599110778959,-17.407552969327515,,,,,40.0
604,2021-12,0.0,0.0009293299999626,-17.641583547284498,,,,,40.0
605,2021-12,0.0,0.0010748373554937,-16.52057555277285,,,,,10.0
606,2021-12,0.0,0.0008815494265945,-17.301712670548387,,,,,40.0
607,2021-12,0.0,0.0010606632467897,-15.610231165732063,,,,,80.0
608,2021-12,0.0,0.0009856961257052,-15.578926037203845,,,,,80.0
609,2021-12,0.0,0.0009454605069549,-14.820394241168913,,,,,80.0
610,2021-12,0.0,0.0010687278794042,-15.917495268134644,,,,,40.0
611,2021-12,0.0,0.0009162332339242,-15.036564416969249,,,,,30.0
612,2021-12,0.0,0.0020190575060041,-15.696137820007948,,,,,10.0
613,2021-12,0.0,0.0008717250910194,-16.43160598372043,,,,,40.0
614,2021-12,0.0,0.0014620874908359,-14.786999478904136,,,,,10.0
615,2021-12,0.0,0.0012769401490812,-14.420498460338932,,,,,10.0
616,2021-12,0.0,0.0022437048044594,-13.623376257017917,,,,,10.0
617,2021-12,0.0,0.001357635140526,-13.635354023595,,,,,10.0
618,2021-12,0.0,0.0008652475562485,-12.76621208601098,,,,,30.0
619,2021-12,0.0,0.0022519272652061,-12.421813231984324,,,,,10.0
620,2021-12,0.0,0.0006149179822993,-10.316999023875004,,,,,30.0
621,2021-12,0.0,0.0016332856900286,-11.75960716329594,,,,,10.0
622,2021-12,0.0,0.0010056868095489,-12.740559108282907,,,,,40.0
623,2021-12,0.0,0.0023742484139196,-10.643455948368173,,,,,10.0
624,2021-12,0.0,0.0013221991148384,-11.510656442949834,,,,,10.0
625,2021-12,0.0,0.0026412201013954,-10.068252104072144,,,,,10.0
626,2021-12,0.0,0.0028694124720669,-9.767860879033728,,,,,10.0
627,2021-12,0.0,0.0023421239939125,-9.184686180853047,,,,,10.0
628,2021-12,0.0,0.0019652289238365,-8.635648042412186,,,,,10.0
629,2021-12,0.0,0.0013558911921925,-6.008352490496868,,,,,40.0
630,2021-12,0.0,0.0011585918155105,,,,,,80.0
631,2021-12,0.0,0.0009511378493698,-20.043507270402785,,,,,10.0
632,2021-12,0.0,0.0,,,,,,10.0
633,2021-12,0.0,0.0031860504442676,-3.151056708682717,,,,,80.0
634,2021-12,0.0,0.0025676851397801,0.9584938643880851,,,,,80.0
635,2021-12,0.0,0.0031812787679889,2.3664620962916545,,,,,80.0
636,2021-12,0.0,0.0030471154023823,0.8702856882964524,,,,,80.0
637,2021-12,0.0,0.0030631015367743,3.423920961993827,,,,,80.0
638,2021-12,0.0,0.0021378199409751,-13.232832582535265,,,,,80.0
639,2021-12,0.0,0.0028722436524747,-13.864932937975782,,,,,80.0
640,2021-12,0.0,0.0,,,,,,80.0
641,2021-12,0.0,0.0,,,,,,80.0
642,2021-12,0.0,0.0024004903061066,-13.920424915039256,,,,,80.0
643,2021-12,0.0,0.0,,,,,,80.0
644,2021-12,0.0,0.0,-14.027514746881252,,,,,80.0
645,2021-12,0.0,0.0026943263497742,-13.513447580737576,,,,,80.0
646,2021-12,0.0,0.0,,,,,,10.0
647,2021-12,0.0,0.0,,,,,,80.0
648,2021-12,0.0,0.0,,,,,,10.0
649,2021-12,0.0,0.002788702072793,-12.763308718475807,,,,,80.0
650,2021-12,0.0,0.0,,,,,,10.0
651,2021-12,0.0,0.0033986981809089,-12.017738103570476,,,,,80.0
652,2021-12,0.0,0.0033174347963722,,,,,,10.0
653,2021-12,0.0,0.0,,,,,,10.0
654,2021-12,0.0,0.0024116981411478,-13.52754506845273,,,,,10.0
655,2021-12,0.0,0.0,,,,,,10.0
656,2021-12,0.0,0.0030859917853413,-8.548918556380258,,,,,10.0
657,2021-12,0.0,0.0027499418222171,-11.366871619366949,,,,,10.0
658,2021-12,0.0,0.0032610506989261,-10.688934396135062,,,,,10.0
659,2021-12,0.0,0.0048076924767883,0.0379438174668393,,,,,10.0
660,2021-12,0.0,0.0025561662387915,-1.5384762179466769,,,,,10.0
661,2021-12,0.0,0.0024802460856032,2.2098879297331644,,,,,40.0
662,2021-12,0.0,0.0009719489766616,-17.304180219096494,,,,,80.0
663,2021-12,0.0,0.0010270773039002,-17.04110742931296,,,,,80.0
664,2021-12,0.0,0.0012650649383842,-15.591739773949676,,,,,80.0
665,2021-12,0.0,0.0019782022473009,-14.109795825370298,,,,,10.0
666,2021-12,0.0,0.0014149952683308,-15.405438270943334,,,,,80.0
667,2021-12,0.0,0.0021675811581319,-12.449777287308864,,,,,80.0
668,2021-12,0.0,0.0022522953238876,-15.095775115544866,,,,,10.0
669,2021-12,0.0,0.0019284437877381,-15.371486573578183,,,,,80.0
670,2021-12,0.0,0.0023695339348705,-15.28575964955506,,,,,80.0
671,2021-12,0.0,0.0,,,,,,80.0
672,2021-12,0.0,0.0023296219196708,,,,,,80.0
673,2021-12,0.0,0.0,,,,,,80.0
674,2021-12,0.0,0.0023080494058439,-14.33313034474108,,,,,80.0
675,2021-12,0.0,0.0022659695959609,-14.409470094050528,,,,,10.0
676,2021-12,0.0,0.0025912046107648,-13.441487486328906,,,,,80.0
677,2021-12,0.0,0.0028020334329994,-13.42095392698883,,,,,10.0
678,2021-12,0.0,0.0022175958176578,-15.632863932410972,,,,,80.0
679,2021-12,0.0,0.00252590861174,-13.497182875085931,,,,,10.0
680,2021-12,0.0,0.0030233183860301,-12.936782377509632,,,,,10.0
681,2021-12,0.0,0.0026359588150865,-13.310396916557528,,,,,10.0
682,2021-12,0.0,0.0024562182318045,-14.38858973068024,,,,,10.0
683,2021-12,0.0,0.0025300451454313,-15.11578767924368,,,,,10.0
684,2021-12,0.0,0.0035908548061343,-11.653052381289864,,,,,10.0
685,2021-12,0.0,0.0025331296696015,-13.8509826988302,,,,,10.0
686,2021-12,0.0,0.0025745381893246,-12.930362805472807,,,,,10.0
687,2021-12,0.0,0.0024851997282894,-13.393588490818289,,,,,10.0
688,2021-12,0.0,0.0,,,,,,10.0
689,2021-12,0.0,0.0021615032937916,-13.34859492101242,,,,,10.0
690,2021-12,0.0,0.002496847386505,-12.468268970776608,,,,,10.0
691,2021-12,0.0,0.0025824793190464,-12.826773399435044,,,,,10.0
692,2021-12,0.0,0.0026583950866552,-11.69701759075294,,,,,10.0
693,2021-12,0.0,0.0025620573100241,-12.022982337241842,,,,,10.0
694,2021-12,0.0,0.0027383922461198,-12.448594559625665,,,,,10.0
695,2021-12,0.0,0.0051211781389307,-3.0300831362581984,,,,,10.0
696,2021-12,0.0,0.0050873239424618,-2.319038670037365,,,,,10.0
697,2021-12,0.0,0.0025345516291054,-10.181975487631842,,,,,10.0
698,2021-12,0.0,0.0029380363312156,-9.908919500535507,,,,,10.0
699,2021-12,0.0,0.0029115197148712,-9.751133777249224,,,,,10.0
700,2021-12,0.0,0.0,-2.6623355004094837,,,,,30.0
701,2021-12,0.0,0.0052578612130673,-2.066619249569456,,,,,80.0
702,2021-12,0.0,0.0031192725320781,-7.820076070806013,,,,,10.0
703,2021-12,0.0,0.0029482625014376,-7.423648701727116,,,,,10.0
704,2021-12,0.0,0.0032461644050272,-6.954945199021125,,,,,10.0
705,2021-12,0.0,0.0,,,,,,10.0
706,2021-12,0.0,0.0026290075541015,-7.691947395570797,,,,,10.0
707,2021-12,0.0,0.0023851666753464,-7.258315288949303,,,,,10.0
708,2021-12,0.0,0.0028813308338698,-4.63323712925181,,,,,10.0
709,2021-12,0.0,0.002824821910294,-4.382276932911187,,,,,10.0
710,2021-12,0.0,0.0032167662766369,-0.4190323040049293,,,,,10.0
711,2021-12,0.0,0.0027612815631971,-1.6254305894445675,,,,,10.0
712,2021-12,0.0,0.0025071345512754,-0.3437465914885645,,,,,10.0
713,2021-12,0.0,0.001858806095783,-1.4962679613727197,,,,,40.0
714,2021-12,0.0,0.0040901807036789,0.6470057661815503,,,,,10.0
715,2021-12,0.0,0.0026896246608885,-0.403099503055671,,,,,10.0
716,2021-12,0.0,0.004002283011271,1.0296483521820603,,,,,10.0
717,2021-12,0.0,0.0029736473745894,1.8912163331578449,,,,,10.0
718,2021-12,0.0,0.0025731096385291,2.071285800037925,,,,,10.0
719,2021-12,0.0,0.0010058400121124,-17.482234536447805,,,,,80.0
720,2021-12,0.0,0.0011988875356109,-15.649795597855734,,,,,30.0
721,2021-12,0.0,0.0010768067922981,-15.67135820286245,,,,,80.0
722,2021-12,0.0,0.001197502472678,-15.990237361128608,,,,,80.0
723,2021-12,0.0,0.0042588141646774,-11.398348605248202,,,,,10.0
724,2021-12,0.0,0.0027467314985187,-13.632916555097012,,,,,80.0
725,2021-12,0.0,0.0020988774385841,,,,,,80.0
726,2021-12,0.0,0.0020924426204752,-15.173177444293891,,,,,80.0
727,2021-12,0.0,0.002403777548352,-14.172094562489477,,,,,10.0
728,2021-12,0.0,0.0024760577594601,-14.4891921692363,,,,,10.0
729,2021-12,0.0,0.0036707227018268,-5.193242259692099,,,,,10.0
730,2021-12,0.0,0.0025037539091499,-14.359431014522409,,,,,10.0
731,2021-12,0.0,0.0043932893213423,-7.587554964455194,,,,,10.0
732,2021-12,0.0,0.0025921412643583,-12.310154335814966,,,,,10.0
733,2021-12,0.0,0.0027074548598014,-14.743395225394062,,,,,10.0
734,2021-12,0.0,0.0058354851689728,-3.7375623149256114,,,,,10.0
735,2021-12,0.0,0.0023826029982956,-12.876460829430563,,,,,10.0
736,2021-12,0.0,0.0026013390061052,-11.732503178640917,,,,,10.0
737,2021-12,0.0,0.0023722367571584,-8.697207357208356,,,,,10.0
738,2021-12,0.0,0.0050008726206215,-3.698951343823481,,,,,10.0
739,2021-12,0.0,0.0026707795348556,-11.341579872049284,,,,,10.0
740,2021-12,0.0,0.0050709443377248,-2.7242171092699685,,,,,10.0
741,2021-12,0.0,0.0051585906085165,-2.59051090363532,,,,,10.0
742,2021-12,0.0,0.0029453114092474,-8.949182883642038,,,,,10.0
743,2021-12,0.0,0.0052930083957107,-1.7315710252330945,,,,,80.0
744,2021-12,0.0,0.0052927153395406,-2.8355624619350466,,,,,30.0
745,2021-12,0.0,0.0030158695664795,-9.544332885742165,,,,,10.0
746,2021-12,0.0,0.0031115268257053,-9.666335600165894,,,,,10.0
747,2021-12,0.0,0.0025580835428627,-5.390114578270486,,,,,10.0
748,2021-12,0.0,0.004728392222205,-0.949415998561392,,,,,10.0
749,2021-12,0.0,0.0036370013740452,-0.271974329794574,,,,,10.0
750,2021-12,0.0,0.0,-1.0877859792401523,,,,,10.0
751,2021-12,0.0,0.0024094101872833,-1.3635533158496855,,,,,10.0
752,2021-12,0.0,0.0025092976378194,-1.4699896789132936,,,,,10.0
753,2021-12,0.0,0.0028352764335068,-0.5947441328953131,,,,,10.0
754,2021-12,0.0,0.0023084846225174,-1.364775331558718,,,,,10.0
755,2021-12,0.0,0.0,,,,,,100.0
756,2021-12,0.0,0.0012103882518204,,,,,,30.0
757,2021-12,0.0,0.0019788746621998,,,,,,80.0
758,2021-12,0.0,0.0,-15.50867129090011,,,,,10.0
759,2021-12,0.0,0.0,,,,,,80.0
760,2021-12,0.0,0.0,,,,,,80.0
761,2021-12,0.0,0.0030205887642296,,,,,,10.0
762,2021-12,0.0,0.0031935986962707,-10.478534362136656,,,,,10.0
763,2021-12,0.0,0.0,,,,,,10.0
764,2021-12,0.0,0.0,,,,,,10.0
765,2021-12,0.0,0.0,0.1891849969023269,,,,,10.0
766,2021-12,0.0,0.0,,,,,,80.0
767,2021-12,0.0,0.0046873457319331,-0.6325573446075433,,,,,10.0
768,2021-12,0.0,0.0,,,,,,10.0
769,2021-12,0.0,0.0042745214786918,,,,,,10.0
770,2021-12,0.0,0.0046135079946907,,,,,,10.0
771,2021-12,0.0,0.0,,,,,,10.0
772,2021-12,0.0,0.0,,,,,,10.0
773,2021-12,10196895.065059524,0.0004252623451695,21.32468730967534,,,,,30.0
774,2021-12,0.0,0.0026554842379482,-1.332367304319959,,,,,10.0
775,2021-12,0.0,0.0023565483179481,12.819325075867384,,,,,10.0
776,2021-12,0.0,0.0023520577465855,13.817709430799418,,,,,10.0
777,2021-12,0.0,0.0019820493545921,14.11367138278102,,,,,80.0
778,2021-12,0.0,0.0018268437024744,18.91124454621348,,,,,10.0
779,2021-12,0.0,0.0015278321590812,19.172774546633512,,,,,10.0
780,2021-12,0.0,0.0006319390110677,20.18068207771549,,,,,30.0
781,2021-12,0.0,0.0026283678498657,-6.380523339431209,,,,,10.0
782,2021-12,0.0,0.0026683600829831,-4.04350595781878,,,,,10.0
783,2021-12,0.0,0.0025873300519378,-1.988633383473996,,,,,10.0
784,2021-12,0.0,0.0033918288436325,-2.2283322241998462,,,,,10.0
785,2021-12,0.0,0.0030055013385208,,,,,,10.0
786,2021-12,0.0,0.0033369977858455,-1.0488448335977358,,,,,10.0
787,2021-12,0.0,0.0022898556874982,1.5768031294628144,,,,,10.0
788,2021-12,0.0,0.0,,,,,,10.0
789,2021-12,0.0,0.0020652455177696,12.30535524429817,,,,,80.0
790,2021-12,0.0,0.0017888257845178,19.02249845396358,,,,,10.0
791,2021-12,0.0,0.0007866998103054,19.65971136058961,,,,,10.0
792,2021-12,0.0,0.0005215885948928,20.70260091802127,,,,,10.0
793,2021-12,0.0,0.0,,,,,,10.0
794,2021-12,0.0,0.0010552868686985,-6.584589507939896,0.0926615960989533,,,,30.0
795,2021-12,0.0,0.0007112556400077,-4.2062750524193735,,,,,30.0
796,2021-12,0.0,0.0008166906323822,-11.943393534998716,0.0695561224489796,,,,30.0
797,2021-12,0.0,0.0012582051727254,-6.667599248327963,,,,,30.0
798,2021-12,0.0,0.0021668254918646,-8.44144190488605,,,,,10.0
799,2021-12,0.0,0.002267531264503,-7.978729849647853,,,,,10.0
800,2021-12,0.0,0.0014768565022581,-6.331347608851114,,,,,30.0
801,2021-12,0.0,0.0026087535755626,-7.042741846415644,,,,,80.0
802,2021-12,0.0,0.004359000247302,-9.10525753660901,,,,,10.0
803,2021-12,0.0,0.0040996314571132,11.749658380456449,,,,,10.0
804,2021-12,0.0,0.0,,,,,,10.0
805,2021-12,0.0,0.0009344509016476,10.167586937543192,,,,,30.0
806,2021-12,0.0,0.003049133217889,12.18851140137286,,,,,10.0
807,2021-12,0.0,0.0008371374187569,11.31429693820635,,,,,30.0
808,2021-12,0.0,0.0034526763807165,14.182665129630813,,,,,10.0
809,2021-12,0.0,0.0019696792487593,17.429401592355347,,,,,10.0
810,2021-12,53906.50218476434,0.0020732720006519,18.15058669508927,,,,,40.0
811,2021-12,27703058.655876502,0.0028750182901274,17.47849328186333,,,,,10.0
812,2021-12,0.0,0.0017815758374126,18.42415941026478,,,,,80.0
813,2021-12,0.0,0.0011207778264948,18.60705035566991,,,,,90.0
814,2021-12,0.0,0.0,19.0420364543956,,,,,80.0
815,2021-12,0.0,0.0018322025325687,-9.098003133138008,,,,,10.0
816,2021-12,0.0,0.002085995384732,,,,,,10.0
817,2021-12,0.0,0.0010215560315421,-7.530930527991277,,,,,40.0
818,2021-12,0.0,0.002626624414006,-6.046733601887979,,,,,10.0
819,2021-12,0.0,0.0011117301470828,-4.965379645234748,,,,,80.0
820,2021-12,0.0,0.0037651341308446,-8.637989528204786,,,,,10.0
821,2021-12,0.0,0.0009398204174431,-3.369521635322144,,,,,40.0
822,2021-12,0.0,0.000874203154126,-2.588808482180326,,,,,80.0
823,2021-12,0.0,0.000655862027088,-1.3784202985865903,,,,,40.0
824,2021-12,0.0,0.0013204184260757,-1.6804334086756398,,,,,40.0
825,2021-12,0.0,0.0018295845848115,-0.431502508348025,,,,,40.0
826,2021-12,0.0,0.0020780098524483,0.3929885153274995,,,,,40.0
827,2021-12,0.0,0.0034464565005691,2.1347907656715317,,,,,10.0
828,2021-12,0.0,0.0030783322539718,3.272461626606628,,,,,10.0
829,2021-12,0.0,0.0027900827017219,4.247155269499757,,,,,40.0
830,2021-12,1241456.3746151696,0.0037689578619392,14.003037614719872,,,,,10.0
831,2021-12,0.0,0.0034133632129048,14.188509924851566,,,,,10.0
832,2021-12,0.0,0.0018637296643646,15.221577820043024,,,,,80.0
833,2021-12,0.0,0.0028696027484329,15.258220352665091,,,,,10.0
834,2021-12,0.0,0.0,,,,,,80.0
835,2021-12,0.0,0.0,,,,,,80.0
836,2021-12,3400129.971665208,0.0011486665777868,18.24411698754972,,,,,10.0
837,2021-12,0.0,0.0014955778506191,18.143554851573004,,,,,10.0
838,2021-12,0.0,0.0003147316065224,2.7338644813893325,,,,,30.0
839,2021-12,0.0,0.0029194974240454,4.669765316542787,,,,,40.0
840,2021-12,0.0,0.0031314418137198,4.937926885133166,,,,,40.0
841,2021-12,0.0,0.0031180945125015,,,,,,10.0
842,2021-12,0.0,0.0,,,,,,80.0
843,2021-12,0.0,0.0,,,,,,90.0
844,2021-12,0.0,0.0009921681967171,18.76674296061202,,,,,90.0
845,2021-12,0.0,0.0,25.89454709841016,,,,,
846,2021-12,0.0,0.0,25.11877197753805,,,,,
847,2021-12,0.0,0.0010099244203956,16.48306264781392,,,,,30.0
848,2021-12,0.0,0.0030314036649398,16.678082523493558,,,,,10.0
849,2021-12,0.0,0.0023901933415078,16.991007880056205,,,,,10.0
850,2021-12,0.0,0.0013738850342027,18.085946589644266,,,,,10.0
851,2021-12,0.0,0.0015756838322756,8.192292145759847,,,,,10.0
852,2021-12,12888935.827364895,0.0004046990496194,9.558584818637971,,,,,40.0
853,2021-12,0.0,0.0001867897435624,19.57319492554925,,,,,20.0
854,2021-12,0.0,0.0005295500633322,19.667257545673102,,,,,10.0
855,2021-12,0.0,0.0,19.05097045058997,,,,,
856,2021-12,0.0,0.0,20.35765302468944,,,,,
857,2021-12,0.0,0.0,22.52113732518467,,,,,
858,2021-12,0.0,0.0,20.03733182102059,,,,,
859,2021-12,0.0,0.0,24.258913834547933,,,,,
861,2021-12,0.0,0.0010832550214521,14.355781793712689,,,,,30.0
862,2021-12,0.0,0.0009136329812959,15.03718806076508,,,,,30.0
863,2021-12,0.0,0.0013601044758096,15.511245202505483,,,,,50.0
864,2021-12,0.0,0.0017785681734907,16.247711542601245,,,,,10.0
865,2021-12,0.0,0.0016281274047287,18.44051136303976,,,,,10.0
866,2021-12,0.0,0.0013498668458851,18.203489162368918,,,,,30.0
867,2021-12,0.0,0.0004645073717171,18.41923981604833,,,,,10.0
868,2021-12,0.0,9.771836375432208e-05,18.15901393010694,,,,,20.0
869,2021-12,0.0,0.0001624355303041,22.860764928017907,,,,,30.0
870,2021-12,0.0,0.0003777262654693,23.29260480326994,,,,,30.0
871,2021-12,0.0,0.0003808828281156,23.44207005654613,,,,,30.0
872,2021-12,0.0,0.0004659269159012,23.3901323190694,,,,,30.0
873,2021-12,0.0,0.0007517528620155,25.49740072270879,,,,,80.0
874,2021-12,0.0,0.0,25.224498756982968,,,,,
875,2021-12,0.0,0.0,21.67142486025358,,,,,
876,2021-12,0.0,0.0,21.12129913658226,,,,,
877,2021-12,0.0,0.0,24.861367141559583,,,,,
878,2021-12,0.0,0.0,,,,,,
879,2021-12,0.0,0.0,19.851399378622745,,,,,
880,2021-12,0.0,0.0,24.756872328891568,,,,,
881,2021-12,0.0,0.0,21.27240439794399,,,,,
882,2021-12,0.0,0.0003987518039139,24.80429527305091,,,,,30.0
883,2021-12,0.0,0.0002760718283878,23.55435190508445,,,,,10.0
884,2021-12,0.0,0.0005180769499929,23.776295118002707,,,,,10.0
885,2021-12,0.0,0.0008960159705869,24.17629208084661,,,,,10.0
886,2021-12,0.0,0.000777390748119,22.923937857022874,,,,,30.0
887,2021-12,0.0,0.002145746903901,-0.95116998127999,,,,,30.0
888,2021-12,0.0,0.0001369654947583,18.161002651565564,,,,,80.0
889,2021-12,0.0,0.0021128879167339,-1.6467862392993469,,,,,30.0
890,2021-12,0.0,0.0019030031648071,-1.0954903223181076,,,,,30.0
891,2021-12,0.0,0.0021613671137351,-1.9333053424794,,,,,60.0
892,2021-12,0.0,0.0025400717177035,-2.4979622990730066,,,,,30.0
893,2021-12,0.0,0.003680815095322,-1.7462659300555952,,,,,10.0
894,2021-12,0.0,0.003307960725739,-3.8450329430458186,,,,,30.0
895,2021-12,0.0,0.0043155932512672,-2.055966706695594,,,,,30.0
896,2021-12,0.0,0.0009053154556984,-2.055079597196748,,,,,30.0
897,2021-12,0.0,0.0058600323485128,-1.7176243388951624,,,,,10.0
898,2021-12,0.0,0.0036120694191187,-4.2023799070015215,,,,,30.0
899,2021-12,0.0,0.0105671291139515,-1.1845966864890494,,,,,10.0
900,2021-12,0.0,0.0041381031628472,-0.0609677003702976,,,,,30.0
901,2021-12,0.0,0.0107293940670084,-0.4493681830011797,,,,,10.0
902,2021-12,0.0,0.0019289174377615,-0.5547823670089661,,,,,60.0
903,2021-12,0.0,0.0052754069312348,6.360588779244402,,,,,10.0
904,2021-12,0.0,0.0027919751491936,-1.6531995179793566,,,,,60.0
905,2021-12,0.0,0.0056988404564565,-3.2452772271582804,,,,,20.0
906,2021-12,0.0,0.001853942031434,3.5263187799421707,,,,,30.0
907,2021-12,0.0,0.0013184156944892,12.125196813767978,,,,,60.0
908,2021-12,0.0,0.0002478529599102,15.979442735897615,,,,,10.0
909,2021-12,0.0,0.0001585833610007,21.84207593576857,,,,,10.0
910,2021-12,0.0,0.0,16.181472778320334,,,,,
911,2021-12,0.0,0.0059687872317226,,,,,,80.0
912,2021-12,0.0,0.0034856654675212,-1.9683396414927137,,,,,30.0
913,2021-12,0.0,0.0070670998312261,0.346529920238291,,,,,10.0
914,2021-12,0.0,0.0046480835315378,7.541369515878204,,,,,10.0
915,2021-12,0.0,0.0009169378217848,3.946287388955426,,,,,60.0
916,2021-12,0.0,0.0008547753798446,9.53454833765613,,,,,60.0
917,2021-12,0.0,0.0013084314578835,19.0378608621577,,,,,20.0
918,2021-12,0.0,0.001562378638664,16.223979940884,,,,,60.0
919,2021-12,0.0,0.0022603079363919,14.965709777165426,,,,,10.0
920,2021-12,0.0,0.0,,,,,,10.0
921,2021-12,0.0,7.125073352653999e-06,22.42490670809184,,,,,80.0
922,2021-12,0.0,1.709705459992013e-05,22.009699634839148,,,,,10.0
923,2021-12,0.0,0.0001174283113869,14.816265442550858,,,,,20.0
924,2021-12,0.0,0.0002689150061996,14.802581170924132,,,,,10.0
925,2021-12,0.0,0.0,24.420845573179207,,,,,
926,2021-12,0.0,0.0,25.636413119502176,,,,,
927,2021-12,0.0,0.0,24.76079564248363,,,,,
928,2021-12,0.0,0.0010615277210995,-16.43036596572292,,,,,10.0
929,2021-12,0.0,0.0009580462906609,-16.242027561638935,,,,,10.0
930,2021-12,0.0,0.0010906186404006,-14.293249932987235,,,,,10.0
931,2021-12,0.0,0.0013581765888038,-13.337036451431656,,,,,10.0
932,2021-12,0.0,0.0023185613742517,-13.504681565860723,,,,,10.0
933,2021-12,0.0,0.0039988716319455,-14.556829545442174,,,,,10.0
934,2021-12,0.0,0.0044028437110829,-16.91267199155503,,,,,10.0
935,2021-12,0.0,0.00561084688572,-15.36194829718022,,,,,10.0
936,2021-12,0.0,0.0035553846873881,-12.22639596391553,,,,,10.0
937,2021-12,564033.6416124281,0.0034380100937409,-8.40500822549376,,,,,10.0
938,2021-12,0.0,0.0048765360940659,-8.584155890296808,,,,,10.0
939,2021-12,0.0,0.0045248742596371,-10.970575895603016,,,,,10.0
940,2021-12,0.0,0.0058754801425336,-4.181982856524506,,,,,10.0
941,2021-12,0.0,0.0014040313250613,-3.57906692122045,,,,,30.0
942,2021-12,0.0,0.0067065628295641,-6.893820700879003,,,,,10.0
943,2021-12,0.0,0.0036963239398392,-3.5352489691442304,,,,,10.0
944,2021-12,0.0,0.002176903132571,-2.7073140996280847,,,,,30.0
945,2021-12,0.0,0.0010931675899634,-15.875039738480742,,,,,10.0
946,2021-12,0.0,0.0012072755648154,-14.94173885878694,,,,,10.0
947,2021-12,0.0,0.0041205477800758,-14.319671714157952,,,,,10.0
948,2021-12,0.0,0.0011908342030437,-12.691449269940748,,,,,10.0
949,2021-12,0.0,0.0028600951302657,-13.44478072396264,,,,,10.0
950,2021-12,0.0,0.0081275951948555,-1.455490637338258,,,,,10.0
951,2021-12,0.0,0.0054348157344814,-6.074378097698233,,,,,10.0
952,2021-12,0.0,0.0049299473714141,-8.699539252351267,,,,,10.0
953,2021-12,0.0,0.0010199520596396,-0.344076370197267,,,,,40.0
954,2021-12,0.0,0.0060959515061767,-5.482736693585873,,,,,10.0
955,2021-12,0.0,0.0035597107341203,-21.86806015285145,,,,,30.0
956,2021-12,0.0,0.0050533169234517,-8.514774355324343,,,,,80.0
957,2021-12,0.0,0.0047268064903012,-5.83242144841018,,,,,30.0
958,2021-12,0.0,0.0007771896408788,-25.852635284434392,,,,,80.0
959,2021-12,0.0,0.0027596875259925,-18.62030688870335,,,,,30.0
960,2021-12,0.0,0.0023220435799378,-16.100747921304436,,,,,10.0
961,2021-12,0.0,0.0016321607379973,-20.19833049158894,,,,,30.0
962,2021-12,0.0,0.0014172514223987,-20.89327395547063,,,,,10.0
963,2021-12,0.0,0.0015172288239126,-20.514502489096785,,,,,10.0
964,2021-12,0.0,0.0011831935375278,-23.2900849151541,,,,,10.0
965,2021-12,0.0,0.0017419664982484,-17.198849399799062,,,,,10.0
966,2021-12,0.0,0.0033106628959351,-8.124274502005607,,,,,10.0
967,2021-12,0.0,0.0052047662362088,-12.420055701024078,,,,,10.0
968,2021-12,0.0,0.0019371740582567,-16.57700166599723,,,,,10.0
969,2021-12,0.0,0.0048930786139559,-8.166901980164198,,,,,30.0
970,2021-12,0.0,0.005266004052898,-8.408594094292853,,,,,30.0
971,2021-12,0.0,0.0035387364116104,-5.092894279855602,,,,,30.0
972,2021-12,0.0,0.0036002240664553,-5.386133698494187,,,,,30.0
973,2021-12,0.0,0.0007537694858304,-23.869866844915563,,,,,80.0
974,2021-12,0.0,0.0013084844586046,-19.89481053506172,,,,,10.0
975,2021-12,0.0,0.0015534819003732,-20.55249007030197,,,,,10.0
976,2021-12,0.0,0.0033581685625434,-13.044559329113852,,,,,70.0
977,2021-12,0.0,0.0012291350588454,-23.00825572680399,,,,,10.0
978,2021-12,0.0,0.0030667451110275,-7.193002713111099,,,,,80.0
979,2021-12,0.0,0.0065225348707826,-14.038215916131117,,,,,70.0
980,2021-12,0.0,0.0011738144979132,-23.08977821924351,,,,,10.0
981,2021-12,0.0,0.0031301495519073,-6.257819423880591,,,,,80.0
982,2021-12,0.0,0.0033862156409984,-9.913421069885947,,,,,10.0
983,2021-12,0.0,0.0012773536780897,-20.385706124254437,,,,,10.0
984,2021-12,0.0,0.0039755669322403,-10.350170646858864,,,,,30.0
985,2021-12,0.0,0.0053174313989075,-7.092366897418913,,,,,10.0
986,2021-12,0.0,0.0,,,,,,80.0
987,2021-12,0.0,0.0012486774063897,-20.360949586711023,,,,,10.0
988,2021-12,0.0,0.0044208508816154,-9.768973762758293,,,,,30.0
989,2021-12,0.0,0.0044443357889824,-9.533658515082443,,,,,10.0
990,2021-12,0.0,0.0048299714321379,-9.026010306847112,,,,,30.0
991,2021-12,0.0,0.0052017805066498,-7.735257679928992,,,,,30.0
992,2021-12,0.0,0.0027905297365578,,,,,,90.0
993,2021-12,0.0,0.0004034326163255,-25.714433660105847,,,,,80.0
994,2021-12,0.0,0.0008170491476195,-21.610026737936675,,,,,10.0
995,2021-12,0.0,0.0005511345255657,-26.611065855021764,,,,,80.0
996,2021-12,0.0,0.0010531848246125,-19.82822198002966,0.0966516853932584,,-0.7925147571107427,,10.0
997,2021-12,0.0,0.0005692280786397,-24.17340005189523,,,,,10.0
998,2021-12,0.0,0.0,,,,,,10.0
999,2021-12,0.0,0.0011435075086495,-22.7103083328659,,,,,80.0
1000,2021-12,0.0,0.0011971390982545,-21.29590525426352,,,,,10.0
1001,2021-12,0.0,0.0011198571700679,-16.31205024010739,,,,,10.0
1002,2021-12,0.0,0.0,,,,,,30.0
1003,2021-12,0.0,0.0008707994805566,-25.34221168436028,,,,,80.0
1004,2021-12,0.0,0.0010125259768756,-25.70140004220684,,,,,80.0
1005,2021-12,0.0,0.0006866007278014,-27.43508389380668,,,,,80.0
1006,2021-12,0.0,0.0001882975462789,-31.57943820748276,,,,,30.0
1007,2021-12,0.0,0.0004361468001141,-28.862312923964616,,,,,80.0
1008,2021-12,0.0,0.0006794494476707,-27.553407070656668,,,,,80.0
1009,2021-12,0.0,0.0007458167361013,-27.19830776316063,,,,,80.0
1010,2021-12,0.0,0.0007507441953185,-27.36284524970013,,,,,80.0
1011,2021-12,0.0,0.0008674163525277,-27.07225964180455,,,,,80.0
1012,2021-12,0.0,0.0011851246478245,-25.86777187333737,,,,,10.0
1013,2021-12,0.0,0.0004120845587605,-28.07700350734376,,,,,10.0
1014,2021-12,0.0,0.0006920324031519,-26.586939545707946,,,,,10.0
1015,2021-12,0.0,0.0010122496879999,-25.921022420008725,,,,,10.0
1016,2021-12,0.0,0.0005439201844483,-28.56414832791696,,,,,80.0
1017,2021-12,0.0,0.0005437183892094,-29.38270670572915,,,,,80.0
1018,2021-12,0.0,0.0007457205354864,-25.85931821980354,,,,,10.0
1019,2021-12,0.0,0.0004325271484049,-27.62979757423223,,,,,10.0
1020,2021-12,0.0,0.0005435155572458,-29.7384322956044,,,,,80.0
1021,2021-12,0.0,0.0006043340186402,-28.65276348155029,,,,,80.0
1022,2021-12,0.0,0.0006489497509392,-26.480871636722227,,,,,80.0
1023,2021-12,0.0,0.0006155025260963,-28.4442439800522,,,,,80.0
1024,2021-12,0.0,0.0007972655932742,-26.61001308927519,,,,,30.0
1025,2021-12,0.0,0.0005932788772538,-27.122865481681245,,,,,10.0
1026,2021-12,0.0,0.0005221120112969,-25.18186901760006,,,,,10.0
1027,2021-12,0.0,0.0005176751639368,-24.096881262042466,,,,,10.0
1028,2021-12,0.0,0.0005254148671675,-25.04674472603745,,,,,10.0
1029,2021-12,0.0,0.000512483932687,-25.417748596847677,,,,,10.0
1030,2021-12,0.0,0.0007973290795152,-26.148632481370825,,,,,80.0
1031,2021-12,0.0,0.0007407870265351,-26.69375214150932,,,,,80.0
1032,2021-12,0.0,0.0006019220783472,-25.47655892320856,0.2105999999999999,,-0.871219160783643,,10.0
1033,2021-12,0.0,0.0004287294875278,-24.204054548335545,,,,,10.0
1034,2021-12,0.0,0.0009526060520168,-24.909702042394507,,,,,80.0
1035,2021-12,0.0,0.0008976360143749,-25.11879195794096,,,,,10.0
1036,2021-12,0.0,0.0008318370241145,-24.41312830114876,,,,,80.0
1037,2021-12,0.0,0.00059616238741,-23.021684905021395,,,,,80.0
1038,2021-12,0.0,0.0011677280899675,-25.19848275133356,,,,,80.0
1039,2021-12,0.0,0.0007504875050775,-20.363691137170253,,,,,10.0
1040,2021-12,0.0,0.0010177196242114,-21.309190315784363,,,,,10.0
1041,2021-12,0.0,0.0008582936810247,-18.4621617142872,,,,,10.0
1042,2021-12,0.0,0.0009022173371704,-17.50086418707879,,,,,10.0
1043,2021-12,0.0,0.0009396125462444,-18.976730309177263,,,,,10.0
1044,2021-12,0.0,0.0009194028463753,-17.712161996997597,,,,,10.0
1045,2021-12,0.0,0.00089964424311,-17.921293422981257,,,,,10.0
1046,2021-12,0.0,0.0004533794608505,-27.461055993521057,,,,,80.0
1047,2021-12,0.0,0.0002529960956962,-27.607770070722,,,,,80.0
1048,2021-12,0.0,0.0006898906913193,-24.97817296400717,,,,,80.0
1049,2021-12,0.0,0.0002942760374935,-29.46989493421326,,,,,30.0
1050,2021-12,0.0,0.0003240560081394,-29.51823740313128,,,,,80.0
1051,2021-12,0.0,0.0004179817524345,-28.690364419260305,,,,,80.0
1052,2021-12,0.0,0.0009248652395399,-25.469271894338718,,,,,80.0
1053,2021-12,0.0,0.0009410441753061,-26.43166592505668,,,,,10.0
1054,2021-12,0.0,0.0006341026064546,-28.038965729744177,,,,,80.0
1055,2021-12,0.0,0.001005490899193,-26.72804083055063,,,,,10.0
1056,2021-12,0.0,0.0010150787320526,-26.53697270219042,,,,,10.0
1057,2021-12,0.0,0.0004873143719426,-28.66653051889069,,,,,10.0
1058,2021-12,0.0,0.0013774088888765,-26.188791313581547,,,,,10.0
1059,2021-12,0.0,0.0005962331679256,-26.49156937137724,,,,,10.0
1060,2021-12,0.0,0.0013657132994921,-25.697261353311145,,,,,10.0
1061,2021-12,0.0,0.0002965112116726,-28.04079153409566,,,,,10.0
1062,2021-12,0.0,0.0012481440689953,-26.049466401787186,,,,,80.0
1063,2021-12,0.0,0.0003712405350597,-28.37513555711314,,,,,10.0
1064,2021-12,0.0,0.0003443551149757,-29.822103225543916,,,,,80.0
1065,2021-12,0.0,0.0003440384653004,-29.698019409179665,,,,,10.0
1066,2021-12,0.0,0.0003856735514394,-30.282313554004936,,,,,80.0
1067,2021-12,0.0,0.0003806965636006,-28.724886034893707,,,,,80.0
1068,2021-12,0.0,0.0008093756523521,-26.119208365272858,,,,,80.0
1069,2021-12,0.0,0.0004225675847919,-28.493311432869177,,,,,80.0
1070,2021-12,0.0,0.0006090891447456,-29.243101419428328,,,,,30.0
1071,2021-12,0.0,0.0004498050448091,-27.70250494625404,,,,,10.0
1072,2021-12,0.0,0.0006196373042257,-28.69741037020117,,,,,30.0
1073,2021-12,0.0,0.000599882089773,-28.93078693130107,,,,,80.0
1074,2021-12,0.0,0.0006357224868528,-27.5873580768544,,,,,80.0
1075,2021-12,0.0,0.0007738764297755,-26.4353404310584,,,,,10.0
1076,2021-12,0.0,0.0006373939004333,-26.56788458055064,,,,,80.0
1077,2021-12,0.0,0.0005569499817283,-27.93284593807752,,,,,80.0
1078,2021-12,0.0,0.0007916097429188,-27.012587385280128,,,,,30.0
1079,2021-12,0.0,0.0009499811467321,-25.36733067010036,,,,,10.0
1080,2021-12,0.0,0.0006482924441621,-26.523761631681907,,,,,10.0
1081,2021-12,0.0,0.0005794097569378,-25.568207476215942,,,,,10.0
1082,2021-12,0.0,0.0006087017145546,-26.94807125624788,,,,,10.0
1083,2021-12,0.0,0.0005177794855626,-26.64509374693728,,,,,10.0
1084,2021-12,0.0,0.0005610478010567,-24.82342280999732,,,,,10.0
1085,2021-12,0.0,0.0004808776911886,-25.325008302093803,,,,,10.0
1086,2021-12,0.0,0.0006345254269035,-26.2430751677482,,,,,80.0
1087,2021-12,0.0,0.0006934535589607,-23.97298738212994,,,,,10.0
1088,2021-12,0.0,0.0006463196959884,-25.324843900947144,,,,,10.0
1089,2021-12,0.0,0.0009282019820602,-25.567549871629268,,,,,10.0
1090,2021-12,0.0,0.0006663394060524,-22.950283179060943,,,-1.749993896484375,,80.0
1091,2021-12,0.0,0.0008511161331625,-25.059745809669295,,,,,10.0
1092,2021-12,0.0,0.0005975705471428,-23.34035842512669,,,,,10.0
1093,2021-12,0.0,0.0004848066871338,-24.371505277900265,,,,,10.0
1094,2021-12,0.0,0.0004137843662564,-24.875616225375904,,,,,10.0
1095,2021-12,0.0,0.0005477708664329,-23.98135969920822,,,,,10.0
1096,2021-12,0.0,0.0007620427911454,-23.750304355416223,,,,,10.0
1097,2021-12,0.0,0.0010348332014473,-23.79688126758861,,,,,10.0
1098,2021-12,0.0,0.0010067837523214,-24.273012875428165,,,,,10.0
1099,2021-12,0.0,0.0012777750280292,-25.31321440665951,,,,,10.0
1100,2021-12,0.0,0.0007478636589439,-22.38814545224642,,,,,10.0
1101,2021-12,0.0,0.0007177090305309,-19.34818715741556,,,,,10.0
1102,2021-12,0.0,0.0008740403057215,-18.119392127033606,,,,,10.0
1103,2021-12,0.0,0.0,,,,,,30.0
1104,2021-12,0.0,0.0011599080847493,-15.681527578702504,,,,,10.0
1105,2021-12,0.0,0.0014274925824793,-16.08056414204256,,,,,10.0
1106,2021-12,0.0,0.0013640957991406,-15.890482772887577,,,,,10.0
1107,2021-12,0.0,0.0011510890808494,,,,,,10.0
1108,2021-12,0.0,0.0,,,,,,80.0
1109,2021-12,0.0,0.0,,,,,,30.0
1110,2021-12,0.0,0.0,,,,,,30.0
1111,2021-12,0.0,0.0005603921499641,,,,,,30.0
1112,2021-12,0.0,0.0,,,,,,30.0
1113,2021-12,0.0,0.0,,,,,,30.0
1114,2021-12,0.0,0.0,,,,,,30.0
1115,2021-12,0.0,0.0,-26.45844395135037,,,,,80.0
1116,2021-12,0.0,0.0,,,,,,30.0
1117,2021-12,0.0,0.0,,,,,,10.0
1118,2021-12,0.0,0.0006352295067699,-25.706416009062053,,,,,10.0
1119,2021-12,0.0,0.0,,,,,,10.0
1120,2021-12,0.0,0.0,,,,,,80.0
1121,2021-12,0.0,0.0002614817748118,-30.3214003848304,,,,,80.0
1122,2021-12,0.0,0.0,,,,,,30.0
1123,2021-12,0.0,0.0003209606982967,-30.849538262046625,,,,,80.0
1124,2021-12,0.0,0.0001996813287733,-28.5722229832084,,,,,80.0
1125,2021-12,0.0,0.0002216813054474,-26.68531907797612,,,,,80.0
1126,2021-12,0.0,0.0004330259911496,-27.21389040552688,,,,,80.0
1127,2021-12,0.0,0.0004347190397619,-27.33154950371683,,,,,80.0
1128,2021-12,0.0,0.0010202717867286,-26.85401769741793,,,,,80.0
1129,2021-12,0.0,0.0009135848742516,-25.82315989114348,,,,,80.0
1130,2021-12,0.0,0.000309252325375,-27.84274072134365,,,,,80.0
1131,2021-12,0.0,0.0003354870614202,-28.12079472248153,,,,,80.0
1132,2021-12,0.0,0.0008698586673615,-24.28922308089207,,,,,80.0
1133,2021-12,0.0,0.0001212125185842,-29.862366340426732,,,,,100.0
1134,2021-12,0.0,0.000305792315576,-28.659531820974017,,,,,100.0
1135,2021-12,0.0,0.0002032686856182,-29.671877111072583,,,,,80.0
1136,2021-12,0.0,0.0001997960347896,-29.38767782231811,,,,,80.0
1137,2021-12,0.0,0.0001681912345271,-28.487839347361582,,,,,80.0
1138,2021-12,0.0,0.000341802463279,-30.209671654923397,,,,,80.0
1139,2021-12,0.0,0.000194264737394,-28.573704052996867,,,,,80.0
1140,2021-12,0.0,0.0003516903279887,-30.014112739152782,,,,,30.0
1141,2021-12,0.0,0.0004614157532189,-28.86956956580904,,,,,80.0
1142,2021-12,0.0,0.0002877569755391,-28.80144679936596,,,,,80.0
1143,2021-12,0.0,0.0002113054406436,-28.08579114323732,,,,,80.0
1144,2021-12,0.0,0.0002198596384914,-28.135357105313958,,,,,80.0
1145,2021-12,0.0,0.000270140897638,-28.42193874001684,,,,,80.0
1146,2021-12,0.0,0.0005994490247758,-29.390296464911238,,,,,30.0
1147,2021-12,0.0,0.0004598438198579,-28.07318665425835,,,,,80.0
1148,2021-12,0.0,0.0006597145981383,-28.8204639956332,,,,,80.0
1149,2021-12,0.0,0.0003380441972627,-27.652557993070086,,,,,80.0
1150,2021-12,0.0,0.0,,,,,,30.0
1151,2021-12,0.0,0.0006659985419901,-28.31029845080756,,,,,80.0
1152,2021-12,0.0,0.0006141647094969,-27.7119438253423,,,,,80.0
1153,2021-12,0.0,0.0007087108579071,-28.290443699334237,,,,,80.0
1154,2021-12,0.0,0.0007001420693389,-28.285206139130377,,,,,80.0
1155,2021-12,0.0,0.000594471678736,-27.06123099125937,,,,,30.0
1156,2021-12,0.0,0.0005620267245629,-27.84625302113083,,,,,80.0
1157,2021-12,0.0,0.0006479811754616,-27.955385630617823,,,,,30.0
1158,2021-12,0.0,0.0005241461397287,-28.12342329127812,,,,,30.0
1159,2021-12,0.0,0.0006822193026065,-27.9407453603072,,,,,80.0
1160,2021-12,0.0,0.0008482297316732,-27.043702619112,,,,,80.0
1161,2021-12,0.0,0.000692402468303,-27.51279714191108,,,,,80.0
1162,2021-12,0.0,0.0,,,,,,30.0
1163,2021-12,0.0,0.0007529453097006,-26.59815550226462,,,,,80.0
1164,2021-12,0.0,0.0008309512919974,-26.95558286824105,,,,,80.0
1165,2021-12,0.0,0.0002964348432215,-28.342805300476712,,,,,80.0
1166,2021-12,0.0,0.0003072313553881,-27.671723101215942,,,,,80.0
1167,2021-12,0.0,0.0,-27.35243704190816,,,,,80.0
1168,2021-12,0.0,0.0001642124937764,-29.840420335338933,,,,,80.0
1169,2021-12,0.0,0.0002147477951439,-31.747033046052422,,,,,80.0
1170,2021-12,0.0,0.0002202805962951,-31.368558198662186,,,,,80.0
1171,2021-12,0.0,0.0001454941517901,-29.96905750561784,,,,,80.0
1172,2021-12,0.0,0.0003095012989433,-31.024908611338603,,,,,80.0
1173,2021-12,0.0,0.0001582843151481,-29.330724277291218,,,,,100.0
1174,2021-12,0.0,0.0001598315523854,-29.222083449278237,,,,,100.0
1175,2021-12,0.0,0.0003307205524833,-30.379791292580204,,,,,80.0
1176,2021-12,0.0,0.0004381057706268,,,,,,80.0
1177,2021-12,0.0,0.0004708535558772,-30.846349277291225,,,,,80.0
1178,2021-12,0.0,0.0002057296123894,-29.10970613212993,,,,,30.0
1179,2021-12,0.0,0.0002297030972234,-28.005758010700163,,,,,80.0
1180,2021-12,0.0,0.0003906629569125,-29.00621216476602,,,,,30.0
1181,2021-12,0.0,0.0002569560792835,-28.484212600543916,,,,,30.0
1182,2021-12,0.0,0.0004835642463755,-26.839160910985782,,,,,80.0
1183,2021-12,0.0,0.0002520473884336,-28.177948687153457,,,,,30.0
1184,2021-12,0.0,0.0004285864121508,-28.302481669764347,,,,,30.0
1185,2021-12,0.0,0.0006772992101105,-28.94151555543303,,,,,80.0
1186,2021-12,0.0,0.0003208895113857,-28.15381210491219,,,,,30.0
1187,2021-12,0.0,0.0004034729884854,-28.25002004972066,,,,,80.0
1188,2021-12,0.0,0.0004816544142158,-28.152493745537186,,,,,30.0
1189,2021-12,0.0,0.0007038493540676,-28.22709401995475,,,,,80.0
1190,2021-12,0.0,0.0005853155838243,-27.537113111176588,,,,,30.0
1191,2021-12,0.0,0.0005951714601906,-27.831986545576395,,,,,30.0
1192,2021-12,0.0,0.0,,,,,,30.0
1193,2021-12,0.0,0.0006510016408356,-27.928808429676973,,,,,80.0
1194,2021-12,0.0,0.0007958031780314,-28.245204179004944,,,,,80.0
1195,2021-12,0.0,0.000756938466111,-27.56926716903629,,,,,30.0
1196,2021-12,0.0,0.0008637847589246,-27.64782269659005,,,,,80.0
1197,2021-12,0.0,0.0007964861479194,-27.409690206110668,,,,,30.0
1198,2021-12,0.0,0.0009787571516426,-26.8484179096837,,,,,80.0
1199,2021-12,0.0,0.0,,,,,,80.0
1200,2021-12,0.0,0.0002453368988426,,,,,,30.0
1201,2021-12,0.0,0.0003427010860832,-28.412692523258954,,,,,100.0
1202,2021-12,0.0,0.0006499428068959,-28.13791540002308,,,,,80.0
1203,2021-12,0.0,0.0,,,,,,30.0
1204,2021-12,0.0,0.0007257056322487,,,,,,30.0
1205,2021-12,0.0,0.0,,,,,,30.0
1206,2021-12,0.0,0.0003186718992895,-27.311630180269017,,,,,100.0
1207,2021-12,0.0,0.0001737796601446,-31.95373937394162,,,,,80.0
1208,2021-12,0.0,0.0002314030713629,-31.483276203114475,,,,,100.0
1209,2021-12,0.0,0.0001847532477768,-32.04431687221731,,,,,100.0
1210,2021-12,0.0,0.0001937254852843,-32.943082593223444,,,,,100.0
1211,2021-12,0.0,0.0003283810701759,-30.20276921316712,,,,,100.0
1212,2021-12,0.0,0.0002264683034809,-27.905696975543908,,,,,100.0
1213,2021-12,0.0,0.0001563993182571,-32.10807702786726,,,,,100.0
1214,2021-12,0.0,0.0001661241885813,-33.801992469705546,,,,,80.0
1215,2021-12,0.0,0.0001499609522527,-32.03818255462097,,,,,100.0
1216,2021-12,0.0,0.0001670312967689,-31.61214858844713,,,,,80.0
1217,2021-12,0.0,0.0001511491424632,-32.70262745409454,,,,,100.0
1218,2021-12,0.0,0.0001626186904104,-30.55136877353898,,,,,100.0
1219,2021-12,0.0,0.0009472301242941,-20.72192493913358,,,,,80.0
1220,2021-12,0.0,0.0012964542676777,-19.01631916125385,,,,,100.0
1221,2021-12,0.0,0.0006562022138248,-25.17997997056469,,,,,80.0
1222,2021-12,0.0,0.0010738595554877,-20.414359129921795,,,,,80.0
1223,2021-12,0.0,0.001265561042904,-19.0356749806747,,,,,100.0
1224,2021-12,0.0,0.0006059151974113,-25.360070330438628,,,,,100.0
1225,2021-12,0.0,0.0010192614879997,-20.24587517194848,,,,,80.0
1226,2021-12,0.0,0.0,-20.23895365397132,,,,,80.0
1232,2021-12,0.0,0.0008577951130064,-10.328110485008514,,,,,100.0
1233,2021-12,0.0,0.0,,,,,,100.0
1234,2021-12,0.0,0.0,,,,,,100.0
1235,2021-12,0.0,0.0,,,,,,100.0
1236,2021-12,0.0,0.0,,,,,,100.0
1241,2021-12,0.0,0.0006730859067829,-9.911021603820128,,,,,70.0
1242,2021-12,0.0,0.0006198190451738,-10.415672613984771,,,,,100.0
1243,2021-12,0.0,0.0007213478704418,-11.260957155945448,,,,,30.0
1244,2021-12,0.0,0.0005500901257359,-12.62386872603595,,,,,100.0
1245,2021-12,0.0,0.0004001123627151,-13.689331040624078,,,,,100.0
1246,2021-12,0.0,0.0,,,,,,100.0
1247,2021-12,0.0,0.0004734190391294,-13.528155944167906,,,,,100.0
1248,2021-12,0.0,0.0,,,,,,100.0
1249,2021-12,0.0,0.0,,,,,,100.0
1250,2021-12,0.0,0.0,,,,,,100.0
1251,2021-12,0.0,0.0008169656652431,-10.41996236352874,,,,,70.0
1252,2021-12,0.0,0.0,,,,,,100.0
1253,2021-12,0.0,0.0010711136173995,-10.338061096847673,,,,,100.0
1256,2021-12,0.0,0.0,,,,,,100.0
1650,2021-12,0.0,0.0,22.87505559656807,,,,,
1654,2021-12,0.0,0.0,27.255832762359304,,,,,
